# Blender 5.1.1
# www.blender.org
mtllib cables.mtl
o Red_wire
v 1.721401 0.077508 -0.407988
v 1.719373 0.079532 -0.406860
v 1.717604 0.077211 -0.405876
v 1.719632 0.075187 -0.407004
v 1.798486 0.077507 -0.269359
v 1.796380 0.079532 -0.268383
v 1.794533 0.077211 -0.267553
v 1.796640 0.075187 -0.268528
v 1.817795 0.076905 -0.216505
v 1.815571 0.078933 -0.215853
v 1.813608 0.076616 -0.215344
v 1.815831 0.074588 -0.215997
v 1.834304 0.079748 -0.176191
v 1.832130 0.081848 -0.176084
v 1.830222 0.079606 -0.176122
v 1.832390 0.077503 -0.176228
v 1.843602 0.085530 -0.135450
v 1.841100 0.087477 -0.135540
v 1.839409 0.085358 -0.135953
v 1.841927 0.083418 -0.135868
v -0.199485 0.078514 -1.025965
v -0.199485 0.076789 -1.028515
v -0.199486 0.074238 -1.026790
v -0.199485 0.075964 -1.024240
v -0.358104 0.078508 -1.025966
v -0.357933 0.076789 -1.028515
v -0.357762 0.074244 -1.026789
v -0.357933 0.075964 -1.024240
v -0.413680 0.069835 -1.027640
v -0.413170 0.068169 -1.030179
v -0.412660 0.065678 -1.028443
v -0.413170 0.067344 -1.025903
v -0.455956 0.056281 -1.030256
v -0.454978 0.054784 -1.032763
v -0.454000 0.052460 -1.030994
v -0.454978 0.053958 -1.028486
v -0.492096 0.031176 -1.035102
v -0.490837 0.029844 -1.037577
v -0.489578 0.027686 -1.035775
v -0.490837 0.029018 -1.033300
v -0.199485 0.078460 -1.030764
v -0.199485 0.076639 -1.033248
v -0.199486 0.074155 -1.031427
v -0.199485 0.075976 -1.028943
v -0.358104 0.078453 -1.030765
v -0.357933 0.076639 -1.033248
v -0.357762 0.074162 -1.031426
v -0.357933 0.075976 -1.028943
v -0.413680 0.069723 -1.032110
v -0.413170 0.067963 -1.034585
v -0.412660 0.065539 -1.032755
v -0.413170 0.067300 -1.030280
v -0.456937 0.065308 -1.036017
v -0.455974 0.063864 -1.038495
v -0.455013 0.061765 -1.036669
v -0.455974 0.063201 -1.034191
v -0.497061 0.055187 -1.044220
v -0.495766 0.053523 -1.046590
v -0.494584 0.051813 -1.044803
v -0.495882 0.053493 -1.042437
v -0.199486 0.076931 -1.028895
v -0.199486 0.077135 -1.025822
v -0.199485 0.080208 -1.026026
v -0.199486 0.080003 -1.029099
v -0.358104 0.076936 -1.028890
v -0.357933 0.077135 -1.025822
v -0.357762 0.080203 -1.026031
v -0.357933 0.080003 -1.029099
v -0.413680 0.080488 -1.023073
v -0.413170 0.080697 -1.020040
v -0.412660 0.083772 -1.020284
v -0.413170 0.083565 -1.023317
v -0.455956 0.086609 -1.013981
v -0.454978 0.086517 -1.011061
v -0.454000 0.089536 -1.011419
v -0.454978 0.089623 -1.014338
v -0.492096 0.093327 -1.012139
v -0.490837 0.092778 -1.009578
v -0.489578 0.095718 -1.009799
v -0.490837 0.096290 -1.012371
v -0.199486 0.076632 -1.032762
v -0.199486 0.073850 -1.034083
v -0.199486 0.072529 -1.031300
v -0.199486 0.075312 -1.029980
v -0.358104 0.076626 -1.032760
v -0.357933 0.073850 -1.034083
v -0.357762 0.072536 -1.031302
v -0.357933 0.075312 -1.029980
v -0.413680 0.068306 -1.029795
v -0.413170 0.065580 -1.031136
v -0.412660 0.064318 -1.028374
v -0.413170 0.067043 -1.027033
v -0.455956 0.055302 -1.025161
v -0.454978 0.052738 -1.026559
v -0.454000 0.051637 -1.023855
v -0.454978 0.054201 -1.022457
v -0.491549 0.042425 -1.016942
v -0.490300 0.039838 -1.018390
v -0.489049 0.038722 -1.015737
v -0.490300 0.041300 -1.014288
v -0.199486 0.078346 -1.027845
v -0.199486 0.078413 -1.030924
v -0.199486 0.075334 -1.030990
v -0.199486 0.075268 -1.027911
v -0.358104 0.078342 -1.027850
v -0.357933 0.078413 -1.030924
v -0.357762 0.075338 -1.030985
v -0.357933 0.075268 -1.027911
v -0.413680 0.072232 -1.034228
v -0.413170 0.072340 -1.037263
v -0.412660 0.069303 -1.037286
v -0.413170 0.069195 -1.034250
v -0.455956 0.062682 -1.044197
v -0.454978 0.062909 -1.047108
v -0.454001 0.059990 -1.047007
v -0.454978 0.059765 -1.044096
v -0.492096 0.044996 -1.062661
v -0.490837 0.045339 -1.065451
v -0.489579 0.042537 -1.065228
v -0.490837 0.042194 -1.062438
v -0.199485 0.077443 -1.027556
v -0.199486 0.078859 -1.030292
v -0.199486 0.076123 -1.031707
v -0.199486 0.074708 -1.028971
v -0.358104 0.077441 -1.027563
v -0.357933 0.078859 -1.030292
v -0.357762 0.076125 -1.031700
v -0.357933 0.074708 -1.028971
v -0.413680 0.074764 -1.035980
v -0.413170 0.076197 -1.038657
v -0.412660 0.073480 -1.040015
v -0.413170 0.072047 -1.037337
v -0.455956 0.070579 -1.049134
v -0.454978 0.072064 -1.051649
v -0.454000 0.069399 -1.052842
v -0.454978 0.067913 -1.050328
v -0.492096 0.062827 -1.073499
v -0.490837 0.064363 -1.075853
v -0.489578 0.061750 -1.076887
v -0.490837 0.060213 -1.074533
v -0.199486 0.074012 -1.032702
v -0.199486 0.070990 -1.033292
v -0.199486 0.070400 -1.030269
v -0.199486 0.073422 -1.029679
v -0.358104 0.074007 -1.032698
v -0.357933 0.070990 -1.033292
v -0.357762 0.070405 -1.030273
v -0.357933 0.073422 -1.029679
v -0.413680 0.066680 -1.027765
v -0.413170 0.063708 -1.028389
v -0.412660 0.063168 -1.025401
v -0.413170 0.066140 -1.024776
v -0.455956 0.055229 -1.020056
v -0.454978 0.052399 -1.020776
v -0.454000 0.052001 -1.017883
v -0.454978 0.054831 -1.017163
v -0.492096 0.034018 -1.005777
v -0.490837 0.031328 -1.006591
v -0.489579 0.031070 -1.003793
v -0.490837 0.033760 -1.002979
v -0.199485 0.078215 -1.027475
v -0.199485 0.080239 -1.029796
v -0.199486 0.077918 -1.031820
v -0.199486 0.075894 -1.029499
v -0.358104 0.078214 -1.027482
v -0.357933 0.080239 -1.029796
v -0.357762 0.077919 -1.031813
v -0.357933 0.075894 -1.029499
v -0.413680 0.077612 -1.036293
v -0.413170 0.079640 -1.038554
v -0.412660 0.077323 -1.040518
v -0.413170 0.075295 -1.038257
v -0.456937 0.080455 -1.041459
v -0.455974 0.082556 -1.043411
v -0.455013 0.080313 -1.045059
v -0.455974 0.078211 -1.043113
v -0.497061 0.086237 -1.053133
v -0.495766 0.088184 -1.055276
v -0.494584 0.086065 -1.056553
v -0.495882 0.084125 -1.054394
v -0.199486 0.073158 -1.036263
v -0.199486 0.071666 -1.033569
v -0.199485 0.074360 -1.032077
v -0.199486 0.075852 -1.034771
v -0.358104 0.073160 -1.036256
v -0.357933 0.071666 -1.033569
v -0.357762 0.074359 -1.032084
v -0.357933 0.075852 -1.034771
v -0.413680 0.075598 -1.027767
v -0.413170 0.074089 -1.025131
v -0.412660 0.076767 -1.023697
v -0.413170 0.078276 -1.026333
v -0.455956 0.079409 -1.014499
v -0.454978 0.077853 -1.012028
v -0.454000 0.080483 -1.010759
v -0.454978 0.082038 -1.013230
v -0.491549 0.086806 -1.001132
v -0.490300 0.085198 -0.998641
v -0.489049 0.087776 -0.997360
v -0.490300 0.089384 -0.999844
v -0.199486 0.068498 -1.033090
v -0.199486 0.066439 -1.030800
v -0.199486 0.068729 -1.028741
v -0.199486 0.070788 -1.031031
v -0.358104 0.068498 -1.033083
v -0.357933 0.066439 -1.030800
v -0.357762 0.068729 -1.028748
v -0.357933 0.070788 -1.031031
v -0.413680 0.068968 -1.024263
v -0.413170 0.066906 -1.022034
v -0.412660 0.069192 -1.020036
v -0.413170 0.071254 -1.022265
v -0.456937 0.066046 -1.019142
v -0.455974 0.063917 -1.017222
v -0.455013 0.066133 -1.015540
v -0.455974 0.068265 -1.017453
v -0.497061 0.060087 -1.007557
v -0.495767 0.058108 -1.005443
v -0.494584 0.060208 -1.004135
v -0.495882 0.062180 -1.006263
v -0.199486 0.070209 -1.028632
v -0.199486 0.073286 -1.028502
v -0.199486 0.073415 -1.031579
v -0.199486 0.070338 -1.031709
v -0.358104 0.070214 -1.028636
v -0.357933 0.073286 -1.028502
v -0.357762 0.073410 -1.031575
v -0.357933 0.070338 -1.031709
v -0.413680 0.076716 -1.034614
v -0.413170 0.079748 -1.034444
v -0.412660 0.079833 -1.037480
v -0.413170 0.076801 -1.037650
v -0.456937 0.082525 -1.035623
v -0.455974 0.085362 -1.035203
v -0.455013 0.085247 -1.037983
v -0.455974 0.082414 -1.038409
v -0.497061 0.095252 -1.038405
v -0.495767 0.098142 -1.038224
v -0.494584 0.097814 -1.040676
v -0.495882 0.094917 -1.040841
v -0.199485 0.078514 -1.025965
v -0.199485 0.076789 -1.028515
v -0.199486 0.074238 -1.026790
v -0.199485 0.075964 -1.024240
v -0.358104 0.078508 -1.025966
v -0.357933 0.076789 -1.028515
v -0.357762 0.074244 -1.026789
v -0.357933 0.075964 -1.024240
v -0.413680 0.069835 -1.027640
v -0.413170 0.068169 -1.030179
v -0.412660 0.065678 -1.028443
v -0.413170 0.067344 -1.025903
v -0.454386 0.064451 -1.028275
v -0.453433 0.062824 -1.030815
v -0.452454 0.060305 -1.029048
v -0.453409 0.061904 -1.026504
v -0.493260 0.051320 -1.032403
v -0.491989 0.049138 -1.034791
v -0.490709 0.046862 -1.033159
v -0.491977 0.048847 -1.030659
v -0.199486 0.075758 -1.023281
v -0.199486 0.077159 -1.026023
v -0.199486 0.074417 -1.027425
v -0.199486 0.073015 -1.024683
v -0.358104 0.075755 -1.023288
v -0.357933 0.077159 -1.026023
v -0.357762 0.074419 -1.027418
v -0.357933 0.073015 -1.024683
v -0.413680 0.073036 -1.031691
v -0.413170 0.074457 -1.034375
v -0.412660 0.071733 -1.035719
v -0.413170 0.070313 -1.033035
v -0.454387 0.070994 -1.036714
v -0.453433 0.072434 -1.039364
v -0.452454 0.069671 -1.040717
v -0.453409 0.068215 -1.038089
v -0.493260 0.068273 -1.050207
v -0.491989 0.069311 -1.053270
v -0.490709 0.066783 -1.054476
v -0.491977 0.065552 -1.051530
v -0.336583 0.077446 -1.035445
v -0.336583 0.080088 -1.032802
v -0.336583 0.081056 -1.029192
v -0.336583 0.080088 -1.025582
v -0.336583 0.077446 -1.022939
v -0.336583 0.073836 -1.021971
v -0.336583 0.070225 -1.022939
v -0.336583 0.067582 -1.025582
v -0.336583 0.066615 -1.029192
v -0.336583 0.067582 -1.032802
v -0.336583 0.070225 -1.035445
v -0.336583 0.073835 -1.036412
v 0.107165 0.077446 -1.035444
v 0.107139 0.080088 -1.032802
v 0.107104 0.081056 -1.029192
v 0.107068 0.080088 -1.025582
v 0.107043 0.077446 -1.022939
v 0.107033 0.073836 -1.021972
v 0.107043 0.070225 -1.022939
v 0.107068 0.067582 -1.025582
v 0.107104 0.066615 -1.029192
v 0.107139 0.067582 -1.032802
v 0.107165 0.070225 -1.035445
v 0.107175 0.073836 -1.036412
v 0.264817 0.077446 -1.032336
v 0.264728 0.080088 -1.029695
v 0.264607 0.081056 -1.026087
v 0.264486 0.080088 -1.022479
v 0.264397 0.077446 -1.019837
v 0.264364 0.073836 -1.018871
v 0.264397 0.070225 -1.019838
v 0.264486 0.067582 -1.022479
v 0.264607 0.066615 -1.026087
v 0.264728 0.067582 -1.029695
v 0.264817 0.070225 -1.032336
v 0.264850 0.073836 -1.033303
v 0.422321 0.077446 -1.024833
v 0.422170 0.080088 -1.022195
v 0.421962 0.081056 -1.018591
v 0.421755 0.080088 -1.014987
v 0.421603 0.077446 -1.012348
v 0.421548 0.073836 -1.011383
v 0.421603 0.070225 -1.012348
v 0.421755 0.067582 -1.014987
v 0.421962 0.066615 -1.018591
v 0.422170 0.067582 -1.022195
v 0.422321 0.070225 -1.024833
v 0.422377 0.073836 -1.025799
v 0.584511 0.077446 -1.013898
v 0.584289 0.080088 -1.011265
v 0.583984 0.081056 -1.007668
v 0.583680 0.080088 -1.004071
v 0.583457 0.077446 -1.001437
v 0.583375 0.073836 -1.000473
v 0.583457 0.070225 -1.001437
v 0.583680 0.067582 -1.004071
v 0.583984 0.066615 -1.007668
v 0.584289 0.067582 -1.011265
v 0.584511 0.070225 -1.013898
v 0.584593 0.073836 -1.014863
v 0.738003 0.077446 -0.998265
v 0.737672 0.080088 -0.995643
v 0.737220 0.081056 -0.992061
v 0.736767 0.080088 -0.988480
v 0.736435 0.077446 -0.985858
v 0.736314 0.073836 -0.984898
v 0.736435 0.070225 -0.985858
v 0.736767 0.067582 -0.988480
v 0.737220 0.066615 -0.992061
v 0.737672 0.067582 -0.995643
v 0.738003 0.070225 -0.998265
v 0.738125 0.073836 -0.999225
v 0.890559 0.077446 -0.975223
v 0.890120 0.080088 -0.972617
v 0.889520 0.081056 -0.969057
v 0.888920 0.080088 -0.965497
v 0.888481 0.077446 -0.962891
v 0.888319 0.073836 -0.961937
v 0.888481 0.070225 -0.962891
v 0.888920 0.067582 -0.965497
v 0.889520 0.066615 -0.969057
v 0.890120 0.067582 -0.972617
v 0.890559 0.070225 -0.975223
v 0.890720 0.073836 -0.976177
v 0.973675 0.077446 -0.959745
v 0.973123 0.080088 -0.957160
v 0.972370 0.081056 -0.953629
v 0.971616 0.080088 -0.950099
v 0.971066 0.077446 -0.947514
v 0.970864 0.073836 -0.946568
v 0.971066 0.070225 -0.947514
v 0.971616 0.067582 -0.950099
v 0.972370 0.066615 -0.953629
v 0.973123 0.067582 -0.957160
v 0.973675 0.070225 -0.959745
v 0.973876 0.073836 -0.960691
v 1.042076 0.077446 -0.943269
v 1.041361 0.080088 -0.940725
v 1.040386 0.081056 -0.937249
v 1.039410 0.080088 -0.933773
v 1.038696 0.077446 -0.931229
v 1.038434 0.073836 -0.930298
v 1.038696 0.070225 -0.931229
v 1.039410 0.067582 -0.933773
v 1.040386 0.066615 -0.937249
v 1.041361 0.067582 -0.940725
v 1.042076 0.070225 -0.943269
v 1.042338 0.073836 -0.944200
v 1.120644 0.077446 -0.918005
v 1.119754 0.080088 -0.915516
v 1.118540 0.081056 -0.912116
v 1.117326 0.080088 -0.908716
v 1.116438 0.077446 -0.906228
v 1.116112 0.073836 -0.905316
v 1.116438 0.070225 -0.906228
v 1.117326 0.067582 -0.908716
v 1.118540 0.066615 -0.912116
v 1.119754 0.067582 -0.915516
v 1.120644 0.070225 -0.918005
v 1.120969 0.073836 -0.918916
v 1.197441 0.077446 -0.887785
v 1.196383 0.080088 -0.885364
v 1.194936 0.081056 -0.882056
v 1.193490 0.080088 -0.878749
v 1.192430 0.077446 -0.876328
v 1.192043 0.073836 -0.875441
v 1.192430 0.070225 -0.876328
v 1.193489 0.067582 -0.878749
v 1.194936 0.066615 -0.882056
v 1.196382 0.067582 -0.885364
v 1.197441 0.070225 -0.887785
v 1.197829 0.073836 -0.888672
v 1.260805 0.077446 -0.857205
v 1.259594 0.080088 -0.854856
v 1.257941 0.081056 -0.851647
v 1.256287 0.080088 -0.848437
v 1.255077 0.077446 -0.846088
v 1.254634 0.073836 -0.845228
v 1.255077 0.070225 -0.846088
v 1.256287 0.067582 -0.848437
v 1.257941 0.066615 -0.851647
v 1.259594 0.067582 -0.854856
v 1.260805 0.070225 -0.857205
v 1.261248 0.073836 -0.858065
v 1.359174 0.077446 -0.803218
v 1.357800 0.080088 -0.800960
v 1.355924 0.081056 -0.797875
v 1.354048 0.080088 -0.794791
v 1.352675 0.077446 -0.792533
v 1.352172 0.073836 -0.791707
v 1.352675 0.070225 -0.792533
v 1.354048 0.067582 -0.794791
v 1.355924 0.066615 -0.797875
v 1.357800 0.067582 -0.800960
v 1.359173 0.070225 -0.803218
v 1.359676 0.073836 -0.804044
v 1.446279 0.077446 -0.744768
v 1.444667 0.080088 -0.742674
v 1.442463 0.081056 -0.739814
v 1.440260 0.080088 -0.736954
v 1.438647 0.077446 -0.734860
v 1.438057 0.073836 -0.734094
v 1.438647 0.070225 -0.734860
v 1.440260 0.067582 -0.736954
v 1.442463 0.066615 -0.739814
v 1.444667 0.067582 -0.742674
v 1.446279 0.070225 -0.744768
v 1.446870 0.073836 -0.745533
v 1.537652 0.077446 -0.664334
v 1.535797 0.080088 -0.662452
v 1.533263 0.081056 -0.659881
v 1.530729 0.080088 -0.657310
v 1.528874 0.077446 -0.655428
v 1.528195 0.073836 -0.654738
v 1.528874 0.070225 -0.655428
v 1.530729 0.067582 -0.657310
v 1.533263 0.066615 -0.659881
v 1.535797 0.067582 -0.662452
v 1.537652 0.070225 -0.664334
v 1.538331 0.073835 -0.665023
v 1.619398 0.077446 -0.574133
v 1.617328 0.080088 -0.572490
v 1.614500 0.081056 -0.570246
v 1.611673 0.080088 -0.568002
v 1.609603 0.077446 -0.566359
v 1.608845 0.073836 -0.565758
v 1.609602 0.070225 -0.566359
v 1.611673 0.067582 -0.568002
v 1.614500 0.066615 -0.570246
v 1.617328 0.067582 -0.572490
v 1.619398 0.070225 -0.574133
v 1.620156 0.073836 -0.574734
v 1.679101 0.077446 -0.487882
v 1.676864 0.080088 -0.486475
v 1.673807 0.081056 -0.484556
v 1.670750 0.080088 -0.482635
v 1.668512 0.077446 -0.481229
v 1.667693 0.073836 -0.480715
v 1.668512 0.070225 -0.481229
v 1.670750 0.067582 -0.482635
v 1.673807 0.066615 -0.484555
v 1.676864 0.067582 -0.486475
v 1.679101 0.070225 -0.487882
v 1.679921 0.073836 -0.488396
v 1.798645 0.077446 -0.277335
v 1.796346 0.080088 -0.276030
v 1.793207 0.081056 -0.274248
v 1.790067 0.080088 -0.272466
v 1.787770 0.077446 -0.271161
v 1.786928 0.073836 -0.270683
v 1.787770 0.070226 -0.271161
v 1.790067 0.067582 -0.272466
v 1.793207 0.066615 -0.274248
v 1.796346 0.067582 -0.276030
v 1.798645 0.070226 -0.277335
v 1.799486 0.073836 -0.277813
v -0.199485 0.078514 -1.025965
v -0.199485 0.076789 -1.028515
v -0.199486 0.074238 -1.026790
v -0.199485 0.075964 -1.024240
v -0.358104 0.078508 -1.025966
v -0.357933 0.076789 -1.028515
v -0.357762 0.074244 -1.026789
v -0.357933 0.075964 -1.024240
v -0.413680 0.069835 -1.027640
v -0.413170 0.068169 -1.030179
v -0.412660 0.065678 -1.028443
v -0.413170 0.067344 -1.025903
v -0.455956 0.056281 -1.030256
v -0.454978 0.054784 -1.032763
v -0.454000 0.052460 -1.030994
v -0.454978 0.053958 -1.028486
v -0.492096 0.031176 -1.035102
v -0.490837 0.029844 -1.037577
v -0.489578 0.027686 -1.035775
v -0.490837 0.029018 -1.033300
v -0.199485 0.078460 -1.030764
v -0.199485 0.076639 -1.033248
v -0.199486 0.074155 -1.031427
v -0.199485 0.075976 -1.028943
v -0.358104 0.078453 -1.030765
v -0.357933 0.076639 -1.033248
v -0.357762 0.074162 -1.031426
v -0.357933 0.075976 -1.028943
v -0.413680 0.069723 -1.032110
v -0.413170 0.067963 -1.034585
v -0.412660 0.065539 -1.032755
v -0.413170 0.067300 -1.030280
v -0.456937 0.065308 -1.036017
v -0.455974 0.063864 -1.038495
v -0.455013 0.061765 -1.036669
v -0.455974 0.063201 -1.034191
v -0.497061 0.055187 -1.044220
v -0.495766 0.053523 -1.046590
v -0.494584 0.051813 -1.044803
v -0.495882 0.053493 -1.042437
v -0.199486 0.076632 -1.032762
v -0.199486 0.073850 -1.034083
v -0.199486 0.072529 -1.031300
v -0.199486 0.075312 -1.029980
v -0.358104 0.076626 -1.032760
v -0.357933 0.073850 -1.034083
v -0.357762 0.072536 -1.031302
v -0.357933 0.075312 -1.029980
v -0.413680 0.068306 -1.029795
v -0.413170 0.065580 -1.031136
v -0.412660 0.064318 -1.028374
v -0.413170 0.067043 -1.027033
v -0.455956 0.055302 -1.025161
v -0.454978 0.052738 -1.026559
v -0.454000 0.051637 -1.023855
v -0.454978 0.054201 -1.022457
v -0.491549 0.042425 -1.016942
v -0.490300 0.039838 -1.018390
v -0.489049 0.038722 -1.015737
v -0.490300 0.041300 -1.014288
v -0.199486 0.078346 -1.027845
v -0.199486 0.078413 -1.030924
v -0.199486 0.075334 -1.030990
v -0.199486 0.075268 -1.027911
v -0.358104 0.078342 -1.027850
v -0.357933 0.078413 -1.030924
v -0.357762 0.075338 -1.030985
v -0.357933 0.075268 -1.027911
v -0.413680 0.072232 -1.034228
v -0.413170 0.072340 -1.037263
v -0.412660 0.069303 -1.037286
v -0.413170 0.069195 -1.034250
v -0.455956 0.062682 -1.044197
v -0.454978 0.062909 -1.047108
v -0.454001 0.059990 -1.047007
v -0.454978 0.059765 -1.044096
v -0.492096 0.044996 -1.062661
v -0.490837 0.045339 -1.065451
v -0.489579 0.042537 -1.065228
v -0.490837 0.042194 -1.062438
v -0.199485 0.077443 -1.027556
v -0.199486 0.078859 -1.030292
v -0.199486 0.076123 -1.031707
v -0.199486 0.074708 -1.028971
v -0.358104 0.077441 -1.027563
v -0.357933 0.078859 -1.030292
v -0.357762 0.076125 -1.031700
v -0.357933 0.074708 -1.028971
v -0.413680 0.074764 -1.035980
v -0.413170 0.076197 -1.038657
v -0.412660 0.073480 -1.040015
v -0.413170 0.072047 -1.037337
v -0.455956 0.070579 -1.049134
v -0.454978 0.072064 -1.051649
v -0.454000 0.069399 -1.052842
v -0.454978 0.067913 -1.050328
v -0.492096 0.062827 -1.073499
v -0.490837 0.064363 -1.075853
v -0.489578 0.061750 -1.076887
v -0.490837 0.060213 -1.074533
v -0.199486 0.074012 -1.032702
v -0.199486 0.070990 -1.033292
v -0.199486 0.070400 -1.030269
v -0.199486 0.073422 -1.029679
v -0.358104 0.074007 -1.032698
v -0.357933 0.070990 -1.033292
v -0.357762 0.070405 -1.030273
v -0.357933 0.073422 -1.029679
v -0.413680 0.066680 -1.027765
v -0.413170 0.063708 -1.028389
v -0.412660 0.063168 -1.025401
v -0.413170 0.066140 -1.024776
v -0.455956 0.055229 -1.020056
v -0.454978 0.052399 -1.020776
v -0.454000 0.052001 -1.017883
v -0.454978 0.054831 -1.017163
v -0.492096 0.034018 -1.005777
v -0.490837 0.031328 -1.006591
v -0.489579 0.031070 -1.003793
v -0.490837 0.033760 -1.002979
v -0.199486 0.073158 -1.036263
v -0.199486 0.071666 -1.033569
v -0.199485 0.074360 -1.032077
v -0.199486 0.075852 -1.034771
v -0.358104 0.073160 -1.036256
v -0.357933 0.071666 -1.033569
v -0.357762 0.074359 -1.032084
v -0.357933 0.075852 -1.034771
v -0.413680 0.075598 -1.027767
v -0.413170 0.074089 -1.025131
v -0.412660 0.076767 -1.023697
v -0.413170 0.078276 -1.026333
v -0.455956 0.079409 -1.014499
v -0.454978 0.077853 -1.012028
v -0.454000 0.080483 -1.010759
v -0.454978 0.082038 -1.013230
v -0.491549 0.086806 -1.001132
v -0.490300 0.085198 -0.998641
v -0.489049 0.087776 -0.997360
v -0.490300 0.089384 -0.999844
v -0.199486 0.068498 -1.033090
v -0.199486 0.066439 -1.030800
v -0.199486 0.068729 -1.028741
v -0.199486 0.070788 -1.031031
v -0.358104 0.068498 -1.033083
v -0.357933 0.066439 -1.030800
v -0.357762 0.068729 -1.028748
v -0.357933 0.070788 -1.031031
v -0.413680 0.068968 -1.024263
v -0.413170 0.066906 -1.022034
v -0.412660 0.069192 -1.020036
v -0.413170 0.071254 -1.022265
v -0.456937 0.066046 -1.019142
v -0.455974 0.063917 -1.017222
v -0.455013 0.066133 -1.015540
v -0.455974 0.068265 -1.017453
v -0.497061 0.060087 -1.007557
v -0.495767 0.058108 -1.005443
v -0.494584 0.060208 -1.004135
v -0.495882 0.062180 -1.006263
v -0.199485 0.078514 -1.025965
v -0.199485 0.076789 -1.028515
v -0.199486 0.074238 -1.026790
v -0.199485 0.075964 -1.024240
v -0.358104 0.078508 -1.025966
v -0.357933 0.076789 -1.028515
v -0.357762 0.074244 -1.026789
v -0.357933 0.075964 -1.024240
v -0.413680 0.069835 -1.027640
v -0.413170 0.068169 -1.030179
v -0.412660 0.065678 -1.028443
v -0.413170 0.067344 -1.025903
v -0.454386 0.064451 -1.028275
v -0.453433 0.062824 -1.030815
v -0.452454 0.060305 -1.029048
v -0.453409 0.061904 -1.026504
v -0.493260 0.051320 -1.032403
v -0.491989 0.049138 -1.034791
v -0.490709 0.046862 -1.033159
v -0.491977 0.048847 -1.030659
v -0.199486 0.075758 -1.023281
v -0.199486 0.077159 -1.026023
v -0.199486 0.074417 -1.027425
v -0.199486 0.073015 -1.024683
v -0.358104 0.075755 -1.023288
v -0.357933 0.077159 -1.026023
v -0.357762 0.074419 -1.027418
v -0.357933 0.073015 -1.024683
v -0.413680 0.073036 -1.031691
v -0.413170 0.074457 -1.034375
v -0.412660 0.071733 -1.035719
v -0.413170 0.070313 -1.033035
v -0.454387 0.070994 -1.036714
v -0.453433 0.072434 -1.039364
v -0.452454 0.069671 -1.040717
v -0.453409 0.068215 -1.038089
v -0.493260 0.068273 -1.050207
v -0.491989 0.069311 -1.053270
v -0.490709 0.066783 -1.054476
v -0.491977 0.065552 -1.051530
v 1.722720 0.077807 -0.408722
v 1.720491 0.076082 -0.407482
v 1.721999 0.073530 -0.408320
v 1.724229 0.075256 -0.409560
v 1.799809 0.077800 -0.270095
v 1.797498 0.076082 -0.269006
v 1.798924 0.073537 -0.269995
v 1.801235 0.075257 -0.271084
v 1.825357 0.069128 -0.220711
v 1.822890 0.067462 -0.219923
v 1.824160 0.064971 -0.221213
v 1.826627 0.066637 -0.222001
v 1.843617 0.055574 -0.182492
v 1.840951 0.054076 -0.182129
v 1.842022 0.051753 -0.183843
v 1.844689 0.053251 -0.184207
v 1.856946 0.030468 -0.148553
v 1.854172 0.029136 -0.148450
v 1.855135 0.026979 -0.150426
v 1.857909 0.028311 -0.150528
v 1.718527 0.077753 -0.406389
v 1.716357 0.075932 -0.405182
v 1.717947 0.073448 -0.406067
v 1.720119 0.075268 -0.407274
v 1.795617 0.077746 -0.267763
v 1.793364 0.075932 -0.266706
v 1.794873 0.073455 -0.267741
v 1.797125 0.075268 -0.268798
v 1.821452 0.069016 -0.218538
v 1.819041 0.067256 -0.217782
v 1.820392 0.064832 -0.219116
v 1.822803 0.066593 -0.219873
v 1.839059 0.064600 -0.178835
v 1.836427 0.063157 -0.178472
v 1.837555 0.061057 -0.180199
v 1.840189 0.062494 -0.180564
v 1.851392 0.054480 -0.139781
v 1.848691 0.052816 -0.139761
v 1.849679 0.051105 -0.141663
v 1.852377 0.052786 -0.141678
v 1.720160 0.076224 -0.407298
v 1.722846 0.076428 -0.408791
v 1.722667 0.079501 -0.408691
v 1.719981 0.079296 -0.407198
v 1.797254 0.076229 -0.268674
v 1.799853 0.076428 -0.270315
v 1.799587 0.079496 -0.270363
v 1.796989 0.079296 -0.268722
v 1.829349 0.079781 -0.222931
v 1.831751 0.079990 -0.224851
v 1.831290 0.083065 -0.225177
v 1.828887 0.082858 -0.223258
v 1.857841 0.085901 -0.190402
v 1.859917 0.085810 -0.192676
v 1.859130 0.088829 -0.193357
v 1.857053 0.088916 -0.191083
v 1.877014 0.092620 -0.159713
v 1.878642 0.092071 -0.162058
v 1.877837 0.095011 -0.163051
v 1.876201 0.095583 -0.160700
v 1.716780 0.075925 -0.405418
v 1.715626 0.073143 -0.404776
v 1.718058 0.071822 -0.406128
v 1.719211 0.074604 -0.406770
v 1.793873 0.075919 -0.266793
v 1.792633 0.073143 -0.266300
v 1.794979 0.071829 -0.267801
v 1.796219 0.074604 -0.268294
v 1.823474 0.067599 -0.219663
v 1.822054 0.064873 -0.219458
v 1.824220 0.063610 -0.221245
v 1.825639 0.066335 -0.221452
v 1.848070 0.054595 -0.184968
v 1.846373 0.052031 -0.185143
v 1.848261 0.050930 -0.187312
v 1.849959 0.053493 -0.187137
v 1.872553 0.041718 -0.157856
v 1.870679 0.039131 -0.158244
v 1.872391 0.038015 -0.160627
v 1.874264 0.040593 -0.160238
v 1.721078 0.077639 -0.407808
v 1.718387 0.077705 -0.406311
v 1.718329 0.074626 -0.406279
v 1.721019 0.074560 -0.407776
v 1.798164 0.077634 -0.269179
v 1.795394 0.077705 -0.267836
v 1.795257 0.074631 -0.267955
v 1.798027 0.074560 -0.269300
v 1.819599 0.071525 -0.217509
v 1.816699 0.071633 -0.216480
v 1.816432 0.068596 -0.216915
v 1.819332 0.068488 -0.217944
v 1.831434 0.061975 -0.175717
v 1.828414 0.062202 -0.175157
v 1.828028 0.059283 -0.176061
v 1.831047 0.059057 -0.176621
v 1.832862 0.044288 -0.135159
v 1.829812 0.044631 -0.134903
v 1.829395 0.041830 -0.136111
v 1.832445 0.041487 -0.136368
v 1.721329 0.076736 -0.407948
v 1.718939 0.078151 -0.406618
v 1.717703 0.075416 -0.405930
v 1.720093 0.074000 -0.407260
v 1.798414 0.076734 -0.269318
v 1.795946 0.078151 -0.268142
v 1.794631 0.075418 -0.267608
v 1.797100 0.074001 -0.268784
v 1.818069 0.074056 -0.216658
v 1.815480 0.075489 -0.215802
v 1.814047 0.072773 -0.215588
v 1.816635 0.071340 -0.216444
v 1.827119 0.069871 -0.173317
v 1.824446 0.071356 -0.172950
v 1.822927 0.068692 -0.173224
v 1.825600 0.067206 -0.173591
v 1.823389 0.062120 -0.129891
v 1.820720 0.063656 -0.129847
v 1.819206 0.061042 -0.130445
v 1.821874 0.059506 -0.130489
v 1.716833 0.073305 -0.405447
v 1.716317 0.070283 -0.405160
v 1.718958 0.069693 -0.406629
v 1.719474 0.072715 -0.406916
v 1.793926 0.073300 -0.266823
v 1.793324 0.070283 -0.266684
v 1.795879 0.069698 -0.268301
v 1.796481 0.072715 -0.268440
v 1.825248 0.065973 -0.220649
v 1.824454 0.063000 -0.220792
v 1.826818 0.062461 -0.222690
v 1.827611 0.065433 -0.222548
v 1.852531 0.054522 -0.187449
v 1.851427 0.051692 -0.187954
v 1.853481 0.051293 -0.190215
v 1.854585 0.054123 -0.189709
v 1.882575 0.033311 -0.162804
v 1.881252 0.030621 -0.163509
v 1.883086 0.030363 -0.165969
v 1.884409 0.033053 -0.165265
v 1.713721 0.072451 -0.403717
v 1.716075 0.070959 -0.405026
v 1.717379 0.073653 -0.405751
v 1.715024 0.075145 -0.404441
v 1.790817 0.072453 -0.265094
v 1.793082 0.070959 -0.266550
v 1.794297 0.073651 -0.267422
v 1.792032 0.075145 -0.265966
v 1.825246 0.074891 -0.220649
v 1.827302 0.073382 -0.222376
v 1.828307 0.076059 -0.223519
v 1.826252 0.077568 -0.221792
v 1.857389 0.078701 -0.190150
v 1.859073 0.077145 -0.192206
v 1.859707 0.079775 -0.193678
v 1.858022 0.081331 -0.191622
v 1.886369 0.086098 -0.165540
v 1.887938 0.084490 -0.167843
v 1.888451 0.087069 -0.169558
v 1.886888 0.088677 -0.167258
v 1.716494 0.067791 -0.405258
v 1.718495 0.065732 -0.406371
v 1.720294 0.068022 -0.407372
v 1.718293 0.070081 -0.406259
v 1.793590 0.067791 -0.266636
v 1.795502 0.065732 -0.267896
v 1.797212 0.068022 -0.269042
v 1.795300 0.070081 -0.267783
v 1.828308 0.068261 -0.222352
v 1.830009 0.066198 -0.223882
v 1.831508 0.068485 -0.225298
v 1.829807 0.070547 -0.223769
v 1.853808 0.065339 -0.187037
v 1.855018 0.063209 -0.188811
v 1.856020 0.065426 -0.190469
v 1.854816 0.067558 -0.188698
v 1.883433 0.059380 -0.157600
v 1.884651 0.057401 -0.159759
v 1.885220 0.059500 -0.161428
v 1.883991 0.061473 -0.159259
v 1.720390 0.069502 -0.407425
v 1.720503 0.072579 -0.407488
v 1.717814 0.072708 -0.405993
v 1.717701 0.069631 -0.405930
v 1.797477 0.069507 -0.268797
v 1.797510 0.072579 -0.269012
v 1.794742 0.072703 -0.267669
v 1.794708 0.069631 -0.267454
v 1.819263 0.076009 -0.217322
v 1.819164 0.079041 -0.217850
v 1.816262 0.079126 -0.216820
v 1.816361 0.076094 -0.216292
v 1.839404 0.081818 -0.179027
v 1.839303 0.084655 -0.180072
v 1.836406 0.084540 -0.179561
v 1.836501 0.081707 -0.178514
v 1.856473 0.094545 -0.142608
v 1.856002 0.097435 -0.143827
v 1.853285 0.097107 -0.143669
v 1.853771 0.094210 -0.142454
v 1.722720 0.077807 -0.408722
v 1.720491 0.076082 -0.407482
v 1.721999 0.073530 -0.408320
v 1.724229 0.075256 -0.409560
v 1.799809 0.077800 -0.270095
v 1.797498 0.076082 -0.269006
v 1.798924 0.073537 -0.269995
v 1.801235 0.075257 -0.271084
v 1.825357 0.069128 -0.220711
v 1.822890 0.067462 -0.219923
v 1.824160 0.064971 -0.221213
v 1.826627 0.066637 -0.222001
v 1.844586 0.063743 -0.184827
v 1.841903 0.062117 -0.184426
v 1.842971 0.059598 -0.186139
v 1.845658 0.061197 -0.186541
v 1.859871 0.050612 -0.148847
v 1.857166 0.048431 -0.148797
v 1.857970 0.046154 -0.150709
v 1.860772 0.048140 -0.150815
v 1.725065 0.075050 -0.410026
v 1.722669 0.076452 -0.408693
v 1.721444 0.073710 -0.408012
v 1.723841 0.072308 -0.409345
v 1.802151 0.075048 -0.271397
v 1.799676 0.076452 -0.270217
v 1.798374 0.073712 -0.269689
v 1.800848 0.072308 -0.270868
v 1.821816 0.072329 -0.218742
v 1.819223 0.073749 -0.217883
v 1.817800 0.071026 -0.217676
v 1.820394 0.069606 -0.218535
v 1.837211 0.070287 -0.180726
v 1.834432 0.071726 -0.180272
v 1.832773 0.068963 -0.180468
v 1.835534 0.067507 -0.180911
v 1.844311 0.067566 -0.140194
v 1.841017 0.068605 -0.139816
v 1.839340 0.066076 -0.140349
v 1.842531 0.064845 -0.140672
v 1.722720 0.077807 -0.408722
v 1.720491 0.076082 -0.407482
v 1.721999 0.073530 -0.408320
v 1.724229 0.075256 -0.409560
v 1.799809 0.077800 -0.270095
v 1.797498 0.076082 -0.269006
v 1.798924 0.073537 -0.269995
v 1.801235 0.075257 -0.271084
v 1.825357 0.069128 -0.220711
v 1.822890 0.067462 -0.219923
v 1.824160 0.064971 -0.221213
v 1.826627 0.066637 -0.222001
v 1.843617 0.055574 -0.182492
v 1.840951 0.054076 -0.182129
v 1.842022 0.051753 -0.183843
v 1.844689 0.053251 -0.184207
v 1.856946 0.030468 -0.148553
v 1.854172 0.029136 -0.148450
v 1.855135 0.026979 -0.150426
v 1.857909 0.028311 -0.150528
v 1.718527 0.077753 -0.406389
v 1.716357 0.075932 -0.405182
v 1.717947 0.073448 -0.406067
v 1.720119 0.075268 -0.407274
v 1.795617 0.077746 -0.267763
v 1.793364 0.075932 -0.266706
v 1.794873 0.073455 -0.267741
v 1.797125 0.075268 -0.268798
v 1.821452 0.069016 -0.218538
v 1.819041 0.067256 -0.217782
v 1.820392 0.064832 -0.219116
v 1.822803 0.066593 -0.219873
v 1.839059 0.064600 -0.178835
v 1.836427 0.063157 -0.178472
v 1.837555 0.061057 -0.180199
v 1.840189 0.062494 -0.180564
v 1.851392 0.054480 -0.139781
v 1.848691 0.052816 -0.139761
v 1.849679 0.051105 -0.141663
v 1.852377 0.052786 -0.141678
v 1.716780 0.075925 -0.405418
v 1.715626 0.073143 -0.404776
v 1.718058 0.071822 -0.406128
v 1.719211 0.074604 -0.406770
v 1.793873 0.075919 -0.266793
v 1.792633 0.073143 -0.266300
v 1.794979 0.071829 -0.267801
v 1.796219 0.074604 -0.268294
v 1.823474 0.067599 -0.219663
v 1.822054 0.064873 -0.219458
v 1.824220 0.063610 -0.221245
v 1.825639 0.066335 -0.221452
v 1.848070 0.054595 -0.184968
v 1.846373 0.052031 -0.185143
v 1.848261 0.050930 -0.187312
v 1.849959 0.053493 -0.187137
v 1.872553 0.041718 -0.157856
v 1.870679 0.039131 -0.158244
v 1.872391 0.038015 -0.160627
v 1.874264 0.040593 -0.160238
v 1.721078 0.077639 -0.407808
v 1.718387 0.077705 -0.406311
v 1.718329 0.074626 -0.406279
v 1.721019 0.074560 -0.407776
v 1.798164 0.077634 -0.269179
v 1.795394 0.077705 -0.267836
v 1.795257 0.074631 -0.267955
v 1.798027 0.074560 -0.269300
v 1.819599 0.071525 -0.217509
v 1.816699 0.071633 -0.216480
v 1.816432 0.068596 -0.216915
v 1.819332 0.068488 -0.217944
v 1.831434 0.061975 -0.175717
v 1.828414 0.062202 -0.175157
v 1.828028 0.059283 -0.176061
v 1.831047 0.059057 -0.176621
v 1.832862 0.044288 -0.135159
v 1.829812 0.044631 -0.134903
v 1.829395 0.041830 -0.136111
v 1.832445 0.041487 -0.136368
v 1.721329 0.076736 -0.407948
v 1.718939 0.078151 -0.406618
v 1.717703 0.075416 -0.405930
v 1.720093 0.074000 -0.407260
v 1.798414 0.076734 -0.269318
v 1.795946 0.078151 -0.268142
v 1.794631 0.075418 -0.267608
v 1.797100 0.074001 -0.268784
v 1.818069 0.074056 -0.216658
v 1.815480 0.075489 -0.215802
v 1.814047 0.072773 -0.215588
v 1.816635 0.071340 -0.216444
v 1.827119 0.069871 -0.173317
v 1.824446 0.071356 -0.172950
v 1.822927 0.068692 -0.173224
v 1.825600 0.067206 -0.173591
v 1.823389 0.062120 -0.129891
v 1.820720 0.063656 -0.129847
v 1.819206 0.061042 -0.130445
v 1.821874 0.059506 -0.130489
v 1.716833 0.073305 -0.405447
v 1.716317 0.070283 -0.405160
v 1.718958 0.069693 -0.406629
v 1.719474 0.072715 -0.406916
v 1.793926 0.073300 -0.266823
v 1.793324 0.070283 -0.266684
v 1.795879 0.069698 -0.268301
v 1.796481 0.072715 -0.268440
v 1.825248 0.065973 -0.220649
v 1.824454 0.063000 -0.220792
v 1.826818 0.062461 -0.222690
v 1.827611 0.065433 -0.222548
v 1.852531 0.054522 -0.187449
v 1.851427 0.051692 -0.187954
v 1.853481 0.051293 -0.190215
v 1.854585 0.054123 -0.189709
v 1.882575 0.033311 -0.162804
v 1.881252 0.030621 -0.163509
v 1.883086 0.030363 -0.165969
v 1.884409 0.033053 -0.165265
v 1.713721 0.072451 -0.403717
v 1.716075 0.070959 -0.405026
v 1.717379 0.073653 -0.405751
v 1.715024 0.075145 -0.404441
v 1.790817 0.072453 -0.265094
v 1.793082 0.070959 -0.266550
v 1.794297 0.073651 -0.267422
v 1.792032 0.075145 -0.265966
v 1.825246 0.074891 -0.220649
v 1.827302 0.073382 -0.222376
v 1.828307 0.076059 -0.223519
v 1.826252 0.077568 -0.221792
v 1.857389 0.078701 -0.190150
v 1.859073 0.077145 -0.192206
v 1.859707 0.079775 -0.193678
v 1.858022 0.081331 -0.191622
v 1.886369 0.086098 -0.165540
v 1.887938 0.084490 -0.167843
v 1.888451 0.087069 -0.169558
v 1.886888 0.088677 -0.167258
v 1.716494 0.067791 -0.405258
v 1.718495 0.065732 -0.406371
v 1.720294 0.068022 -0.407372
v 1.718293 0.070081 -0.406259
v 1.793590 0.067791 -0.266636
v 1.795502 0.065732 -0.267896
v 1.797212 0.068022 -0.269042
v 1.795300 0.070081 -0.267783
v 1.828308 0.068261 -0.222352
v 1.830009 0.066198 -0.223882
v 1.831508 0.068485 -0.225298
v 1.829807 0.070547 -0.223769
v 1.853808 0.065339 -0.187037
v 1.855018 0.063209 -0.188811
v 1.856020 0.065426 -0.190469
v 1.854816 0.067558 -0.188698
v 1.883433 0.059380 -0.157600
v 1.884651 0.057401 -0.159759
v 1.885220 0.059500 -0.161428
v 1.883991 0.061473 -0.159259
v 1.722720 0.077807 -0.408722
v 1.720491 0.076082 -0.407482
v 1.721999 0.073530 -0.408320
v 1.724229 0.075256 -0.409560
v 1.799809 0.077800 -0.270095
v 1.797498 0.076082 -0.269006
v 1.798924 0.073537 -0.269995
v 1.801235 0.075257 -0.271084
v 1.825357 0.069128 -0.220711
v 1.822890 0.067462 -0.219923
v 1.824160 0.064971 -0.221213
v 1.826627 0.066637 -0.222001
v 1.844586 0.063743 -0.184827
v 1.841903 0.062117 -0.184426
v 1.842971 0.059598 -0.186139
v 1.845658 0.061197 -0.186541
v 1.859871 0.050612 -0.148847
v 1.857166 0.048431 -0.148797
v 1.857970 0.046154 -0.150709
v 1.860772 0.048140 -0.150815
v 1.725065 0.075050 -0.410026
v 1.722669 0.076452 -0.408693
v 1.721444 0.073710 -0.408012
v 1.723841 0.072308 -0.409345
v 1.802151 0.075048 -0.271397
v 1.799676 0.076452 -0.270217
v 1.798374 0.073712 -0.269689
v 1.800848 0.072308 -0.270868
v 1.821816 0.072329 -0.218742
v 1.819223 0.073749 -0.217883
v 1.817800 0.071026 -0.217676
v 1.820394 0.069606 -0.218535
v 1.837211 0.070287 -0.180726
v 1.834432 0.071726 -0.180272
v 1.832773 0.068963 -0.180468
v 1.835534 0.067507 -0.180911
v 1.844311 0.067566 -0.140194
v 1.841017 0.068605 -0.139816
v 1.839340 0.066076 -0.140349
v 1.842531 0.064845 -0.140672
vn 0.8719 0.0681 -0.4850
vn 0.9075 0.0681 -0.4145
vn 0.0917 -0.9946 -0.0478
vn 0.0597 -0.9977 -0.0332
vn -0.0597 0.9977 0.0332
vn -0.0276 0.9994 0.0185
vn -0.8719 -0.0682 0.4849
vn -0.9075 -0.0680 0.4146
vn 0.9304 0.0445 -0.3638
vn 0.0562 -0.9984 0.0104
vn -0.0778 0.9970 0.0028
vn -0.9275 -0.0770 0.3658
vn 0.9543 0.0464 -0.2952
vn 0.1201 -0.9911 0.0578
vn -0.0547 0.9933 -0.1022
vn -0.9421 -0.0774 0.3264
vn 0.8340 0.0862 0.5450
vn 0.1411 -0.8060 0.5748
vn -0.0112 0.8223 0.5690
vn -0.7919 -0.0452 0.6090
vn -0.0000 0.9819 0.1894
vn -0.0788 0.9788 0.1889
vn -0.0028 -0.1547 0.9880
vn -0.0000 -0.1894 0.9819
vn -0.0000 0.1895 -0.9819
vn -0.0028 0.2240 -0.9746
vn -0.0000 -0.9819 -0.1895
vn 0.0787 -0.9788 -0.1889
vn -0.2344 0.9545 0.1842
vn -0.0084 -0.1556 0.9878
vn -0.0084 0.2232 -0.9747
vn 0.2342 -0.9546 -0.1843
vn -0.4490 0.8773 0.1693
vn -0.0301 -0.1301 0.9910
vn -0.0301 0.2480 -0.9683
vn 0.4491 -0.8773 -0.1694
vn -0.9426 0.3279 0.0632
vn -0.4719 -0.4828 0.7377
vn -0.4719 -0.1736 -0.8644
vn 0.0023 -0.9819 -0.1896
vn -0.0000 0.9883 0.1523
vn -0.0788 0.9853 0.1519
vn -0.0028 -0.1173 0.9931
vn -0.0000 -0.1522 0.9883
vn -0.0000 0.1524 -0.9883
vn -0.0028 0.1871 -0.9823
vn -0.0000 -0.9883 -0.1522
vn 0.0787 -0.9853 -0.1518
vn -0.1343 0.9756 0.1738
vn -0.0364 -0.1760 0.9837
vn 0.0354 0.1511 -0.9879
vn 0.1310 -0.9812 -0.1418
vn -0.2058 0.9638 0.1692
vn -0.1089 -0.1424 0.9838
vn 0.1159 0.2197 -0.9687
vn 0.1726 -0.9750 -0.1399
vn -0.8816 0.4716 0.0177
vn -0.5710 -0.3291 0.7521
vn -0.4918 -0.0990 -0.8651
vn -0.1473 -0.9739 -0.1726
vn -0.0000 -0.7524 -0.6587
vn -0.0590 -0.7466 -0.6627
vn -0.0189 0.6389 -0.7691
vn -0.0000 0.6587 -0.7524
vn -0.0000 -0.6586 0.7525
vn 0.0173 -0.6783 0.7346
vn -0.0000 0.7525 0.6586
vn 0.0576 0.7573 0.6505
vn -0.1820 -0.7332 -0.6552
vn -0.0522 0.6455 -0.7619
vn 0.0456 -0.6884 0.7239
vn 0.1778 0.7429 0.6454
vn -0.1984 -0.7336 -0.6499
vn 0.0098 0.6990 -0.7150
vn -0.0135 -0.6649 0.7468
vn 0.2022 0.6940 0.6909
vn -0.8800 -0.3328 -0.3390
vn -0.5099 0.7188 -0.4725
vn -0.5334 -0.4690 0.7039
vn -0.2173 0.6976 0.6827
vn -0.0000 0.9420 -0.3357
vn -0.0788 0.9390 -0.3347
vn -0.0028 0.3688 0.9295
vn -0.0000 0.3358 0.9419
vn -0.0000 -0.3357 -0.9420
vn -0.0028 -0.3022 -0.9532
vn -0.0000 -0.9420 0.3357
vn 0.0787 -0.9390 0.3347
vn -0.2344 0.9157 -0.3263
vn -0.0084 0.3679 0.9298
vn -0.0084 -0.3030 -0.9529
vn 0.2342 -0.9158 0.3264
vn -0.3522 0.8746 -0.3331
vn 0.0375 0.3686 0.9288
vn -0.0443 -0.3329 -0.9419
vn 0.3462 -0.8901 0.2963
vn -0.8896 0.4415 -0.1173
vn -0.4892 0.0440 0.8711
vn -0.5518 -0.5197 -0.6523
vn -0.1138 -0.9264 0.3590
vn -0.0000 0.6917 0.7222
vn -0.0788 0.6896 0.7199
vn -0.0028 -0.6972 0.7168
vn -0.0000 -0.7221 0.6918
vn -0.0000 0.7222 -0.6917
vn -0.0028 0.7461 -0.6658
vn -0.0000 -0.6918 -0.7221
vn 0.0787 -0.6897 -0.7198
vn -0.2344 0.6725 0.7020
vn -0.0084 -0.6978 0.7162
vn -0.0084 0.7455 -0.6664
vn 0.2342 -0.6726 -0.7020
vn -0.4490 0.6181 0.6452
vn -0.0301 -0.6790 0.7336
vn -0.0301 0.7620 -0.6468
vn 0.4491 -0.6181 -0.6452
vn -0.9426 0.2310 0.2411
vn -0.4719 -0.8204 0.3231
vn -0.4719 0.3579 -0.8057
vn 0.0022 -0.6918 -0.7221
vn 0.0001 0.3036 0.9528
vn -0.0788 0.3022 0.9500
vn -0.0028 -0.9417 0.3366
vn -0.0000 -0.9529 0.3032
vn -0.0000 0.9529 -0.3033
vn -0.0028 0.9630 -0.2693
vn -0.0000 -0.3032 -0.9529
vn 0.0788 -0.3022 -0.9500
vn -0.2344 0.2947 0.9264
vn -0.0084 -0.9419 0.3358
vn -0.0084 0.9628 -0.2702
vn 0.2342 -0.2947 -0.9264
vn -0.4490 0.2709 0.8515
vn -0.0301 -0.9326 0.3597
vn -0.0301 0.9690 -0.2453
vn 0.4491 -0.2709 -0.8514
vn -0.9426 0.1012 0.3182
vn -0.4719 -0.8788 -0.0712
vn -0.4719 0.6761 -0.5659
vn 0.0023 -0.3032 -0.9529
vn -0.0000 0.8295 -0.5585
vn -0.0788 0.8270 -0.5567
vn -0.0028 0.5873 0.8093
vn -0.0000 0.5584 0.8295
vn -0.0000 -0.5584 -0.8295
vn -0.0028 -0.5288 -0.8487
vn -0.0000 -0.8295 0.5584
vn 0.0787 -0.8270 0.5567
vn -0.2344 0.8065 -0.5429
vn -0.0084 0.5867 0.8098
vn -0.0084 -0.5295 -0.8483
vn 0.2342 -0.8065 0.5429
vn -0.4490 0.7412 -0.4990
vn -0.0301 0.6070 0.7941
vn -0.0301 -0.5074 -0.8612
vn 0.4491 -0.7412 0.4990
vn -0.9426 0.2770 -0.1865
vn -0.4719 0.1783 0.8634
vn -0.4719 -0.7329 -0.4901
vn 0.0022 -0.8295 0.5585
vn -0.0000 0.0682 0.9977
vn -0.0788 0.0680 0.9946
vn -0.0028 -0.9946 0.1033
vn -0.0000 -0.9977 0.0682
vn -0.0000 0.9977 -0.0682
vn -0.0028 0.9995 -0.0330
vn -0.0000 -0.0681 -0.9977
vn 0.0787 -0.0680 -0.9946
vn -0.1343 0.0444 0.9899
vn -0.0364 -0.9984 0.0441
vn 0.0354 0.9970 -0.0693
vn 0.1310 -0.0769 -0.9884
vn -0.2058 0.0464 0.9775
vn -0.1089 -0.9911 0.0769
vn 0.1159 0.9933 0.0018
vn 0.1726 -0.0774 -0.9819
vn -0.8816 0.0862 0.4640
vn -0.5710 -0.8060 -0.1560
vn -0.4918 0.8223 -0.2864
vn -0.1473 -0.0453 -0.9881
vn -0.0000 -0.2761 -0.9611
vn -0.0788 -0.2752 -0.9582
vn -0.0028 0.9508 -0.3098
vn -0.0000 0.9612 -0.2760
vn -0.0000 -0.9611 0.2761
vn -0.0028 -0.9703 0.2420
vn -0.0000 0.2761 0.9611
vn 0.0787 0.2752 0.9582
vn -0.2344 -0.2683 -0.9344
vn -0.0084 0.9510 -0.3090
vn -0.0084 -0.9701 0.2427
vn 0.2342 0.2684 0.9344
vn -0.3522 -0.2776 -0.8938
vn 0.0375 0.9501 -0.3097
vn -0.0443 -0.9609 0.2732
vn 0.3462 0.2399 0.9070
vn -0.8896 -0.0894 -0.4480
vn -0.4892 0.8721 0.0107
vn -0.5518 -0.6835 0.4778
vn -0.1137 0.3002 0.9471
vn -0.0000 -0.0531 -0.9986
vn -0.0788 -0.0529 -0.9955
vn -0.0028 0.9961 -0.0883
vn -0.0000 0.9986 -0.0531
vn -0.0000 -0.9986 0.0532
vn -0.0028 -0.9998 0.0179
vn -0.0000 0.0531 0.9986
vn 0.0787 0.0529 0.9955
vn -0.1343 -0.0294 -0.9905
vn -0.0364 0.9989 -0.0289
vn 0.0354 -0.9979 0.0542
vn 0.1310 0.0619 0.9894
vn -0.2058 -0.0316 -0.9781
vn -0.1089 0.9921 -0.0622
vn 0.1159 -0.9931 -0.0169
vn 0.1726 0.0624 0.9830
vn -0.8816 -0.0792 -0.4653
vn -0.5710 0.8035 0.1682
vn -0.4918 -0.8265 0.2739
vn -0.1474 0.0302 0.9886
vn -0.0000 -0.7362 0.6768
vn -0.0788 -0.7339 0.6747
vn -0.0028 -0.7026 -0.7115
vn -0.0000 -0.6767 -0.7362
vn -0.0000 0.6768 0.7361
vn -0.0028 0.6504 0.7596
vn -0.0000 0.7362 -0.6768
vn 0.0787 0.7339 -0.6747
vn -0.1343 -0.7450 0.6534
vn -0.0364 -0.6584 -0.7518
vn 0.0354 0.6772 0.7350
vn 0.1310 0.7235 -0.6778
vn -0.2058 -0.7341 0.6471
vn -0.1089 -0.6794 -0.7256
vn 0.1159 0.6193 0.7765
vn 0.1726 0.7182 -0.6741
vn -0.8816 -0.3084 0.3573
vn -0.5710 -0.3819 -0.7267
vn -0.4918 0.7374 0.4629
vn -0.1474 0.7430 -0.6528
vn -0.1441 0.9718 0.1864
vn 0.0061 -0.1957 0.9806
vn -0.0043 0.1839 -0.9829
vn 0.1459 -0.9706 -0.1912
vn -0.2411 0.9538 0.1794
vn -0.0164 -0.1428 0.9896
vn 0.0163 0.2287 -0.9734
vn 0.2257 -0.9593 -0.1697
vn -0.8451 0.5296 0.0726
vn -0.5427 -0.3708 0.7536
vn -0.5548 -0.1255 -0.8224
vn -0.1475 -0.9731 -0.1771
vn -0.0000 0.3079 0.9514
vn -0.0788 0.3069 0.9485
vn -0.0028 -0.9400 0.3412
vn -0.0000 -0.9514 0.3078
vn -0.0000 0.9514 -0.3078
vn -0.0028 0.9617 -0.2741
vn -0.0000 -0.3078 -0.9515
vn 0.0787 -0.3069 -0.9485
vn -0.1441 0.3057 0.9412
vn 0.0061 -0.9533 0.3019
vn -0.0043 0.9497 -0.3132
vn 0.1459 -0.3010 -0.9424
vn -0.2411 0.3031 0.9220
vn -0.0164 -0.9356 0.3526
vn 0.0163 0.9629 -0.2694
vn 0.2257 -0.3144 -0.9221
vn -0.8451 0.1920 0.4989
vn -0.5426 -0.8391 0.0387
vn -0.5549 0.6598 -0.5068
vn -0.1474 -0.3146 -0.9377
vn 0.1656 0.9819 -0.0920
vn 0.2034 0.9788 -0.0230
vn 0.8648 -0.1547 -0.4777
vn 0.8581 -0.1897 -0.4772
vn -0.8581 0.1896 0.4772
vn -0.8504 0.2241 0.4761
vn -0.1656 -0.9819 0.0921
vn -0.2034 -0.9788 0.0230
vn 0.2750 0.9545 0.1153
vn 0.8674 -0.1555 -0.4727
vn -0.8478 0.2232 0.4811
vn -0.2748 -0.9546 -0.1152
vn 0.3662 0.8773 0.3101
vn 0.8808 -0.1301 -0.4553
vn -0.8316 0.2480 0.4969
vn -0.3662 -0.8773 -0.3102
vn 0.5133 0.3278 0.7931
vn 0.8741 -0.4828 0.0539
vn -0.5261 -0.1736 0.8325
vn -0.1667 -0.9819 0.0901
vn 0.1332 0.9883 -0.0740
vn 0.1710 0.9853 -0.0050
vn 0.8693 -0.1174 -0.4802
vn 0.8638 -0.1524 -0.4803
vn -0.8637 0.1524 0.4803
vn -0.8572 0.1871 0.4799
vn -0.1332 -0.9883 0.0741
vn -0.1710 -0.9853 0.0050
vn 0.2172 0.9756 0.0329
vn 0.8774 -0.1760 -0.4463
vn -0.8806 0.1511 0.4492
vn -0.1876 -0.9812 -0.0456
vn 0.2479 0.9639 0.0977
vn 0.9127 -0.1424 -0.3829
vn -0.9029 0.2198 0.3695
vn -0.2062 -0.9750 -0.0828
vn 0.4439 0.4716 0.7619
vn 0.9349 -0.3290 0.1335
vn -0.5170 -0.0989 0.8502
vn -0.0792 -0.9739 0.2127
vn -0.5756 -0.7524 0.3201
vn -0.5504 -0.7466 0.3736
vn -0.6630 0.6389 0.3902
vn -0.6576 0.6586 0.3657
vn 0.6577 -0.6586 -0.3657
vn 0.6336 -0.6782 -0.3722
vn 0.5755 0.7525 -0.3200
vn 0.5405 0.7574 -0.3664
vn -0.4841 -0.7333 0.4774
vn -0.6405 0.6455 0.4160
vn 0.6105 -0.6883 -0.3917
vn 0.4776 0.7429 -0.4690
vn -0.4715 -0.7337 0.4893
vn -0.6297 0.6990 0.3389
vn 0.6593 -0.6648 -0.3513
vn 0.5056 0.6940 -0.5126
vn 0.1313 -0.3329 0.9338
vn -0.1650 0.7189 0.6753
vn 0.8744 -0.4690 0.1241
vn 0.7023 0.6976 -0.1419
vn -0.2933 0.9420 0.1631
vn -0.2541 0.9391 0.2314
vn 0.8138 0.3686 -0.4493
vn 0.8233 0.3357 -0.4578
vn -0.8232 -0.3359 0.4578
vn -0.8317 -0.3022 0.4657
vn 0.2933 -0.9420 -0.1631
vn 0.2541 -0.9391 -0.2314
vn -0.1712 0.9158 0.3634
vn 0.8167 0.3678 -0.4446
vn -0.8288 -0.3029 0.4705
vn 0.1713 -0.9158 -0.3632
vn -0.1199 0.8747 0.4697
vn 0.7935 0.3685 -0.4843
vn -0.8017 -0.3329 0.4965
vn 0.0906 -0.8902 -0.4465
vn 0.3299 0.4414 0.8345
vn 0.9990 0.0439 0.0042
vn -0.3019 -0.5197 0.7992
vn 0.3689 -0.9264 -0.0751
vn 0.6312 0.6917 -0.3510
vn 0.6674 0.6896 -0.2810
vn 0.6278 -0.6973 -0.3459
vn 0.6045 -0.7222 -0.3362
vn -0.6045 0.7221 0.3362
vn -0.5806 0.7461 0.3260
vn -0.6311 -0.6918 0.3510
vn -0.6674 -0.6896 0.2811
vn 0.7274 0.6725 -0.1363
vn 0.6300 -0.6978 -0.3407
vn -0.5783 0.7455 0.3312
vn -0.7274 -0.6725 0.1365
vn 0.7821 0.6181 0.0788
vn 0.6557 -0.6790 -0.3302
vn -0.5507 0.7620 0.3407
vn -0.7821 -0.6181 -0.0789
vn 0.6689 0.2309 0.7066
vn 0.5116 -0.8204 0.2554
vn -0.4748 0.3579 0.8040
vn -0.6322 -0.6917 0.3491
vn 0.8328 0.3032 -0.4631
vn 0.8685 0.3022 -0.3929
vn 0.2955 -0.9416 -0.1611
vn 0.2650 -0.9529 -0.1474
vn -0.2649 0.9530 0.1473
vn -0.2340 0.9630 0.1333
vn -0.8328 -0.3031 0.4632
vn -0.8685 -0.3022 0.3929
vn 0.9235 0.2947 -0.2454
vn 0.2976 -0.9419 -0.1558
vn -0.2320 0.9628 0.1386
vn -0.9235 -0.2948 0.2456
vn 0.9624 0.2709 -0.0214
vn 0.3290 -0.9326 -0.1485
vn -0.1997 0.9690 0.1455
vn -0.9624 -0.2709 0.0213
vn 0.7362 0.1012 0.6692
vn 0.1671 -0.8788 0.4470
vn -0.2652 0.6761 0.6874
vn -0.8339 -0.3031 0.4612
vn -0.4881 0.8295 0.2715
vn -0.4483 0.8269 0.3394
vn 0.7087 0.5874 -0.3909
vn 0.7250 0.5585 -0.4031
vn -0.7249 -0.5585 0.4032
vn -0.7404 -0.5289 0.4149
vn 0.4881 -0.8295 -0.2714
vn 0.4483 -0.8269 -0.3394
vn -0.3606 0.8064 0.4687
vn 0.7118 0.5867 -0.3862
vn -0.7372 -0.5295 0.4196
vn 0.3607 -0.8065 -0.4685
vn -0.2179 0.7412 0.6349
vn 0.7087 0.6070 -0.3596
vn -0.7380 -0.5074 0.4449
vn 0.2178 -0.7412 -0.6350
vn 0.2951 0.2770 0.9144
vn 0.9839 0.1784 -0.0073
vn -0.1989 -0.7329 0.6506
vn 0.4870 -0.8295 -0.2733
vn -0.8400 -0.2760 0.4672
vn -0.7991 -0.2751 0.5345
vn -0.2693 0.9508 0.1530
vn -0.2412 0.9612 0.1342
vn 0.2412 -0.9612 -0.1341
vn 0.2127 -0.9703 -0.1151
vn 0.8400 0.2760 -0.4671
vn 0.7991 0.2751 -0.5345
vn -0.7027 -0.2683 0.6590
vn -0.2659 0.9510 0.1575
vn 0.2162 -0.9701 -0.1106
vn 0.7028 0.2683 -0.6588
vn -0.6100 -0.2776 0.7422
vn -0.2889 0.9501 0.1177
vn 0.2603 -0.9609 -0.0941
vn 0.6244 0.2399 -0.7434
vn 0.0409 -0.0894 0.9952
vn 0.2471 0.8721 0.4224
vn 0.6857 -0.6836 0.2501
vn 0.8830 0.3002 -0.3609
vn -0.8727 -0.0530 0.4853
vn -0.8317 -0.0529 0.5526
vn -0.0757 0.9961 0.0453
vn -0.0463 0.9986 0.0257
vn 0.0464 -0.9986 -0.0258
vn 0.0170 -0.9998 -0.0062
vn 0.8727 0.0530 -0.4853
vn 0.8317 0.0528 -0.5526
vn -0.8004 -0.0294 0.5987
vn -0.0076 0.9989 0.0458
vn 0.0302 -0.9979 -0.0573
vn 0.8010 0.0619 -0.5954
vn -0.7548 -0.0315 0.6553
vn -0.0011 0.9921 0.1252
vn -0.0711 -0.9931 -0.0931
vn 0.7752 0.0625 -0.6286
vn 0.0217 -0.0791 0.9966
vn 0.4246 0.8035 0.4172
vn 0.4784 -0.8265 0.2968
vn 0.9356 0.0303 -0.3517
vn 0.5915 -0.7362 -0.3289
vn 0.6279 -0.7339 -0.2591
vn -0.6208 -0.7023 0.3484
vn -0.6434 -0.6768 0.3578
vn 0.6434 0.6768 -0.3578
vn 0.6652 0.6504 -0.3667
vn -0.5915 0.7361 0.3290
vn -0.6279 0.7339 0.2591
vn 0.6363 -0.7450 -0.2002
vn -0.6394 -0.6583 0.3972
vn 0.6251 0.6773 -0.3881
vn -0.6560 0.7235 0.2149
vn 0.6656 -0.7340 -0.1346
vn -0.5812 -0.6794 0.4478
vn 0.6223 0.6194 -0.4787
vn -0.6730 0.7182 0.1768
vn 0.7407 -0.3083 0.5969
vn -0.3576 -0.3821 0.8521
vn 0.6436 0.7374 0.2049
vn -0.4990 0.7430 0.4461
vn 0.2330 0.9718 0.0353
vn 0.8541 -0.1957 -0.4819
vn -0.8569 0.1840 0.4815
vn -0.2380 -0.9706 -0.0346
vn 0.2741 0.9537 0.1235
vn 0.8729 -0.1427 -0.4666
vn -0.8586 0.2288 0.4588
vn -0.2579 -0.9593 -0.1149
vn 0.4742 0.5296 0.7033
vn 0.9223 -0.3710 0.1081
vn -0.4492 -0.1254 0.8846
vn -0.0830 -0.9731 0.2149
vn 0.8315 0.3078 -0.4624
vn 0.8672 0.3069 -0.3921
vn 0.2996 -0.9400 -0.1634
vn 0.2691 -0.9514 -0.1496
vn -0.2691 0.9514 0.1497
vn -0.2382 0.9617 0.1357
vn -0.8314 -0.3080 0.4624
vn -0.8672 -0.3070 0.3921
vn 0.8925 0.3058 -0.3315
vn 0.2609 -0.9533 -0.1520
vn -0.2716 0.9497 0.1560
vn -0.8946 -0.3009 0.3305
vn 0.9229 0.3031 -0.2373
vn 0.3161 -0.9356 -0.1570
vn -0.2433 0.9629 0.1167
vn -0.9156 -0.3143 0.2509
vn 0.8467 0.1920 0.4961
vn 0.2976 -0.8390 0.4555
vn -0.1733 0.6598 0.7312
vn -0.7479 -0.3145 0.5846
vn -0.0000 0.5000 -0.8660
vn 0.0085 0.4993 -0.8664
vn 0.0099 0.0001 -1.0000
vn -0.0000 -0.0000 -1.0000
vn -0.0000 0.8660 -0.5000
vn 0.0049 0.8653 -0.5012
vn -0.0000 1.0000 -0.0000
vn -0.0000 1.0000 -0.0016
vn -0.0000 0.8660 0.5000
vn -0.0049 0.8667 0.4988
vn -0.0000 0.5000 0.8660
vn -0.0085 0.5007 0.8656
vn -0.0000 -0.0000 1.0000
vn -0.0099 -0.0000 1.0000
vn -0.0000 -0.5000 0.8660
vn -0.0085 -0.5007 0.8656
vn -0.0000 -0.8660 0.5001
vn -0.0049 -0.8667 0.4988
vn -0.0000 -1.0000 -0.0000
vn -0.0000 -1.0000 -0.0016
vn -0.0000 -0.8660 -0.5000
vn 0.0049 -0.8653 -0.5012
vn -0.0000 -0.5000 -0.8660
vn 0.0085 -0.4993 -0.8664
vn 0.0292 0.4991 -0.8661
vn 0.0337 -0.0000 -0.9994
vn 0.0169 0.8650 -0.5015
vn 0.0001 1.0000 -0.0023
vn -0.0168 0.8670 0.4980
vn -0.0291 0.5010 0.8649
vn -0.0337 -0.0000 0.9994
vn -0.0291 -0.5010 0.8650
vn -0.0168 -0.8670 0.4980
vn 0.0001 -1.0000 -0.0023
vn 0.0169 -0.8650 -0.5014
vn 0.0292 -0.4990 -0.8661
vn 0.0498 0.4993 -0.8650
vn 0.0574 -0.0000 -0.9983
vn 0.0288 0.8653 -0.5004
vn 0.0001 1.0000 -0.0016
vn -0.0286 0.8667 0.4980
vn -0.0497 0.5007 0.8642
vn -0.0574 -0.0000 0.9983
vn -0.0497 -0.5007 0.8642
vn -0.0286 -0.8667 0.4980
vn 0.0001 -1.0000 -0.0016
vn 0.0288 -0.8653 -0.5004
vn 0.0498 -0.4993 -0.8650
vn 0.0731 0.4988 -0.8636
vn 0.0843 -0.0000 -0.9964
vn 0.0423 0.8648 -0.5003
vn 0.0002 1.0000 -0.0028
vn -0.0420 0.8672 0.4961
vn -0.0729 0.5012 0.8622
vn -0.0843 -0.0000 0.9964
vn -0.0729 -0.5012 0.8623
vn -0.0420 -0.8672 0.4962
vn 0.0002 -1.0000 -0.0028
vn 0.0423 -0.8648 -0.5003
vn 0.0731 -0.4988 -0.8636
vn 0.1087 0.4983 -0.8601
vn 0.1254 -0.0000 -0.9921
vn 0.0631 0.8643 -0.4990
vn 0.0005 1.0000 -0.0040
vn -0.0623 0.8678 0.4931
vn -0.1084 0.5018 0.8582
vn -0.1254 -0.0000 0.9921
vn -0.1085 -0.5017 0.8582
vn -0.0623 -0.8677 0.4931
vn 0.0005 -1.0000 -0.0040
vn 0.0631 -0.8643 -0.4990
vn 0.1087 -0.4983 -0.8602
vn 0.1441 0.4988 -0.8547
vn 0.1662 -0.0000 -0.9861
vn 0.0835 0.8648 -0.4951
vn 0.0005 1.0000 -0.0028
vn -0.0828 0.8672 0.4910
vn -0.1438 0.5012 0.8533
vn -0.1662 -0.0000 0.9861
vn -0.1438 -0.5012 0.8533
vn -0.0828 -0.8672 0.4910
vn 0.0005 -1.0000 -0.0028
vn 0.0835 -0.8648 -0.4951
vn 0.1441 -0.4988 -0.8547
vn 0.1810 0.4982 -0.8480
vn 0.2087 -0.0000 -0.9780
vn 0.1050 0.8642 -0.4921
vn 0.0009 1.0000 -0.0042
vn -0.1037 0.8679 0.4858
vn -0.1805 0.5019 0.8459
vn -0.2086 -0.0000 0.9780
vn -0.1805 -0.5018 0.8459
vn -0.1037 -0.8679 0.4859
vn 0.0009 -1.0000 -0.0042
vn 0.1050 -0.8642 -0.4921
vn 0.1810 -0.4982 -0.8480
vn 0.2345 0.4974 -0.8352
vn 0.2703 -0.0000 -0.9628
vn 0.1364 0.8634 -0.4858
vn 0.0017 1.0000 -0.0059
vn -0.1339 0.8687 0.4769
vn -0.2337 0.5028 0.8322
vn -0.2703 -0.0000 0.9628
vn -0.2337 -0.5027 0.8323
vn -0.1339 -0.8687 0.4769
vn 0.0017 -1.0000 -0.0059
vn 0.1364 -0.8634 -0.4858
vn 0.2345 -0.4974 -0.8352
vn 0.2917 0.4977 -0.8168
vn 0.3363 -0.0000 -0.9418
vn 0.1695 0.8637 -0.4746
vn 0.0018 1.0000 -0.0049
vn -0.1668 0.8683 0.4672
vn -0.2908 0.5023 0.8143
vn -0.3363 -0.0000 0.9417
vn -0.2908 -0.5022 0.8144
vn -0.1669 -0.8682 0.4672
vn 0.0018 -1.0000 -0.0049
vn 0.1695 -0.8637 -0.4746
vn 0.2917 -0.4977 -0.8168
vn 0.3476 0.4974 -0.7948
vn 0.4007 -0.0000 -0.9162
vn 0.2022 0.8634 -0.4623
vn 0.0025 1.0000 -0.0056
vn -0.1985 0.8687 0.4538
vn -0.3464 0.5028 0.7920
vn -0.4007 -0.0000 0.9162
vn -0.3464 -0.5027 0.7920
vn -0.1985 -0.8687 0.4539
vn 0.0025 -1.0000 -0.0056
vn 0.2022 -0.8634 -0.4623
vn 0.3476 -0.4974 -0.7948
vn 0.3972 0.4981 -0.7708
vn 0.4580 -0.0000 -0.8889
vn 0.2305 0.8641 -0.4474
vn 0.0020 1.0000 -0.0038
vn -0.2276 0.8678 0.4417
vn -0.3962 0.5018 0.7689
vn -0.4580 -0.0000 0.8889
vn -0.3962 -0.5018 0.7689
vn -0.2276 -0.8678 0.4417
vn 0.0020 -1.0000 -0.0038
vn 0.2305 -0.8641 -0.4474
vn 0.3972 -0.4981 -0.7708
vn 0.4510 0.4968 -0.7414
vn 0.5197 -0.0000 -0.8544
vn 0.2627 0.8628 -0.4319
vn 0.0038 1.0000 -0.0063
vn -0.2570 0.8692 0.4225
vn -0.4490 0.5032 0.7383
vn -0.5196 -0.0000 0.8544
vn -0.4490 -0.5032 0.7384
vn -0.2570 -0.8691 0.4225
vn 0.0038 -1.0000 -0.0063
vn 0.2627 -0.8628 -0.4319
vn 0.4510 -0.4968 -0.7415
vn 0.5301 0.4956 -0.6881
vn 0.6103 -0.0000 -0.7922
vn 0.3099 0.8615 -0.4023
vn 0.0066 0.9999 -0.0085
vn -0.3001 0.8708 0.3895
vn -0.5267 0.5049 0.6838
vn -0.6102 -0.0000 0.7922
vn -0.5268 -0.5049 0.6838
vn -0.3001 -0.8707 0.3896
vn 0.0066 -0.9999 -0.0085
vn 0.3099 -0.8614 -0.4023
vn 0.5301 -0.4955 -0.6881
vn 0.6096 0.4959 -0.6185
vn 0.7020 -0.0000 -0.7122
vn 0.3559 0.8620 -0.3611
vn 0.0065 1.0000 -0.0066
vn -0.3461 0.8700 0.3512
vn -0.6063 0.5040 0.6151
vn -0.7020 0.0001 0.7122
vn -0.6063 -0.5039 0.6152
vn -0.3462 -0.8700 0.3512
vn 0.0065 -1.0000 -0.0066
vn 0.3559 -0.8619 -0.3611
vn 0.6096 -0.4959 -0.6185
vn 0.6803 0.4955 -0.5400
vn 0.7833 -0.0000 -0.6217
vn 0.3978 0.8614 -0.3157
vn 0.0084 0.9999 -0.0067
vn -0.3851 0.8708 0.3057
vn -0.6761 0.5049 0.5366
vn -0.7833 0.0001 0.6216
vn -0.6762 -0.5048 0.5366
vn -0.3851 -0.8708 0.3057
vn 0.0084 -0.9999 -0.0067
vn 0.3978 -0.8614 -0.3157
vn 0.6804 -0.4955 -0.5400
vn 0.7348 0.4969 -0.4617
vn 0.8468 -0.0000 -0.5320
vn 0.4280 0.8628 -0.2689
vn 0.0062 1.0000 -0.0039
vn -0.4187 0.8692 0.2630
vn -0.7318 0.5032 0.4596
vn -0.8468 -0.0000 0.5319
vn -0.7318 -0.5032 0.4597
vn -0.4187 -0.8692 0.2630
vn 0.0062 -1.0000 -0.0039
vn 0.4280 -0.8628 -0.2689
vn 0.7348 -0.4968 -0.4617
vn 0.7532 0.4999 -0.4276
vn 0.8696 -0.0000 -0.4937
vn 0.4350 0.8659 -0.2470
vn -0.4350 0.8659 0.2469
vn -0.7532 0.4999 0.4276
vn -0.8696 -0.0000 0.4937
vn -0.7532 -0.4998 0.4276
vn -0.4350 -0.8659 0.2469
vn 0.4350 -0.8659 -0.2470
vn 0.7532 -0.4999 -0.4276
vt 0.000000 1.000000
vt 0.250000 1.000000
vt 0.250000 0.750000
vt 0.000000 0.750000
vt 0.000000 0.250000
vt 0.250000 0.250000
vt 0.250000 0.000000
vt 0.000000 0.000000
vt 0.000000 0.500000
vt 0.250000 0.500000
vt 0.500000 1.000000
vt 0.500000 0.750000
vt 0.500000 0.250000
vt 0.500000 0.000000
vt 0.500000 0.500000
vt 0.750000 1.000000
vt 0.750000 0.750000
vt 0.750000 0.250000
vt 0.750000 0.000000
vt 0.750000 0.500000
vt 1.000000 1.000000
vt 1.000000 0.750000
vt 1.000000 0.250000
vt 1.000000 0.000000
vt 1.000000 0.500000
vt 0.058824 1.000000
vt 0.058824 0.916667
vt 0.000000 0.916667
vt 0.000000 0.083333
vt 0.058824 0.083333
vt 0.058824 0.000000
vt 0.000000 0.166667
vt 0.058824 0.166667
vt 0.058824 0.250000
vt 0.000000 0.333333
vt 0.058824 0.333333
vt 0.000000 0.416667
vt 0.058824 0.416667
vt 0.058824 0.500000
vt 0.000000 0.583333
vt 0.058824 0.583333
vt 0.000000 0.666667
vt 0.058824 0.666667
vt 0.058824 0.750000
vt 0.000000 0.833333
vt 0.058824 0.833333
vt 0.117647 1.000000
vt 0.117647 0.916667
vt 0.117647 0.083333
vt 0.117647 0.000000
vt 0.117647 0.166667
vt 0.117647 0.250000
vt 0.117647 0.333333
vt 0.117647 0.416667
vt 0.117647 0.500000
vt 0.117647 0.583333
vt 0.117647 0.666667
vt 0.117647 0.750000
vt 0.117647 0.833333
vt 0.176471 1.000000
vt 0.176471 0.916667
vt 0.176471 0.083333
vt 0.176471 0.000000
vt 0.176471 0.166667
vt 0.176471 0.250000
vt 0.176471 0.333333
vt 0.176471 0.416667
vt 0.176471 0.500000
vt 0.176471 0.583333
vt 0.176471 0.666667
vt 0.176471 0.750000
vt 0.176471 0.833333
vt 0.235294 1.000000
vt 0.235294 0.916667
vt 0.235294 0.083333
vt 0.235294 0.000000
vt 0.235294 0.166667
vt 0.235294 0.250000
vt 0.235294 0.333333
vt 0.235294 0.416667
vt 0.235294 0.500000
vt 0.235294 0.583333
vt 0.235294 0.666667
vt 0.235294 0.750000
vt 0.235294 0.833333
vt 0.294118 1.000000
vt 0.294118 0.916667
vt 0.294118 0.083333
vt 0.294118 0.000000
vt 0.294118 0.166667
vt 0.294118 0.250000
vt 0.294118 0.333333
vt 0.294118 0.416667
vt 0.294118 0.500000
vt 0.294118 0.583333
vt 0.294118 0.666667
vt 0.294118 0.750000
vt 0.294118 0.833333
vt 0.352941 1.000000
vt 0.352941 0.916667
vt 0.352941 0.083333
vt 0.352941 0.000000
vt 0.352941 0.166667
vt 0.352941 0.250000
vt 0.352941 0.333333
vt 0.352941 0.416667
vt 0.352941 0.500000
vt 0.352941 0.583333
vt 0.352941 0.666667
vt 0.352941 0.750000
vt 0.352941 0.833333
vt 0.411765 1.000000
vt 0.411765 0.916667
vt 0.411765 0.083333
vt 0.411765 0.000000
vt 0.411765 0.166667
vt 0.411765 0.250000
vt 0.411765 0.333333
vt 0.411765 0.416667
vt 0.411765 0.500000
vt 0.411765 0.583333
vt 0.411765 0.666667
vt 0.411765 0.750000
vt 0.411765 0.833333
vt 0.470588 1.000000
vt 0.470588 0.916667
vt 0.470588 0.083333
vt 0.470588 0.000000
vt 0.470588 0.166667
vt 0.470588 0.250000
vt 0.470588 0.333333
vt 0.470588 0.416667
vt 0.470588 0.500000
vt 0.470588 0.583333
vt 0.470588 0.666667
vt 0.470588 0.750000
vt 0.470588 0.833333
vt 0.529412 1.000000
vt 0.529412 0.916667
vt 0.529412 0.083333
vt 0.529412 0.000000
vt 0.529412 0.166667
vt 0.529412 0.250000
vt 0.529412 0.333333
vt 0.529412 0.416667
vt 0.529412 0.500000
vt 0.529412 0.583333
vt 0.529412 0.666667
vt 0.529412 0.750000
vt 0.529412 0.833333
vt 0.588235 1.000000
vt 0.588235 0.916667
vt 0.588235 0.083333
vt 0.588235 0.000000
vt 0.588235 0.166667
vt 0.588235 0.250000
vt 0.588235 0.333333
vt 0.588235 0.416667
vt 0.588235 0.500000
vt 0.588235 0.583333
vt 0.588235 0.666667
vt 0.588235 0.750000
vt 0.588235 0.833333
vt 0.647059 1.000000
vt 0.647059 0.916667
vt 0.647059 0.083333
vt 0.647059 0.000000
vt 0.647059 0.166667
vt 0.647059 0.250000
vt 0.647059 0.333333
vt 0.647059 0.416667
vt 0.647059 0.500000
vt 0.647059 0.583333
vt 0.647059 0.666667
vt 0.647059 0.750000
vt 0.647059 0.833333
vt 0.705882 1.000000
vt 0.705882 0.916667
vt 0.705882 0.083333
vt 0.705882 0.000000
vt 0.705882 0.166667
vt 0.705882 0.250000
vt 0.705882 0.333333
vt 0.705882 0.416667
vt 0.705882 0.500000
vt 0.705882 0.583333
vt 0.705882 0.666667
vt 0.705882 0.750000
vt 0.705882 0.833333
vt 0.764706 1.000000
vt 0.764706 0.916667
vt 0.764706 0.083333
vt 0.764706 0.000000
vt 0.764706 0.166667
vt 0.764706 0.250000
vt 0.764706 0.333333
vt 0.764706 0.416667
vt 0.764706 0.500000
vt 0.764706 0.583333
vt 0.764706 0.666667
vt 0.764706 0.750000
vt 0.764706 0.833333
vt 0.823529 1.000000
vt 0.823529 0.916667
vt 0.823529 0.083333
vt 0.823529 0.000000
vt 0.823529 0.166667
vt 0.823529 0.250000
vt 0.823529 0.333333
vt 0.823529 0.416667
vt 0.823529 0.500000
vt 0.823529 0.583333
vt 0.823529 0.666667
vt 0.823529 0.750000
vt 0.823529 0.833333
vt 0.882353 1.000000
vt 0.882353 0.916667
vt 0.882353 0.083333
vt 0.882353 0.000000
vt 0.882353 0.166667
vt 0.882353 0.250000
vt 0.882353 0.333333
vt 0.882353 0.416667
vt 0.882353 0.500000
vt 0.882353 0.583333
vt 0.882353 0.666667
vt 0.882353 0.750000
vt 0.882353 0.833333
vt 0.941176 1.000000
vt 0.941176 0.916667
vt 0.941176 0.083333
vt 0.941176 0.000000
vt 0.941176 0.166667
vt 0.941176 0.250000
vt 0.941176 0.333333
vt 0.941176 0.416667
vt 0.941176 0.500000
vt 0.941176 0.583333
vt 0.941176 0.666667
vt 0.941176 0.750000
vt 0.941176 0.833333
vt 1.000000 0.916667
vt 1.000000 0.083333
vt 1.000000 0.166667
vt 1.000000 0.333333
vt 1.000000 0.416667
vt 1.000000 0.583333
vt 1.000000 0.666667
vt 1.000000 0.833333
s 1
usemtl hopper
f 1/1/1 5/2/2 8/3/3 4/4/4
f 2/5/5 6/6/6 5/7/2 1/8/1
f 3/9/7 7/10/8 6/6/6 2/5/5
f 4/4/4 8/3/3 7/10/8 3/9/7
f 5/2/2 9/11/9 12/12/10 8/3/3
f 6/6/6 10/13/11 9/14/9 5/7/2
f 7/10/8 11/15/12 10/13/11 6/6/6
f 8/3/3 12/12/10 11/15/12 7/10/8
f 9/11/9 13/16/13 16/17/14 12/12/10
f 10/13/11 14/18/15 13/19/13 9/14/9
f 11/15/12 15/20/16 14/18/15 10/13/11
f 12/12/10 16/17/14 15/20/16 11/15/12
f 13/16/13 17/21/17 20/22/18 16/17/14
f 14/18/15 18/23/19 17/24/17 13/19/13
f 15/20/16 19/25/20 18/23/19 14/18/15
f 16/17/14 20/22/18 19/25/20 15/20/16
f 20/22/18 17/24/17 18/23/19 19/25/20
f 21/1/21 25/2/22 28/3/23 24/4/24
f 22/5/25 26/6/26 25/7/22 21/8/21
f 23/9/27 27/10/28 26/6/26 22/5/25
f 24/4/24 28/3/23 27/10/28 23/9/27
f 25/2/22 29/11/29 32/12/30 28/3/23
f 26/6/26 30/13/31 29/14/29 25/7/22
f 27/10/28 31/15/32 30/13/31 26/6/26
f 28/3/23 32/12/30 31/15/32 27/10/28
f 29/11/29 33/16/33 36/17/34 32/12/30
f 30/13/31 34/18/35 33/19/33 29/14/29
f 31/15/32 35/20/36 34/18/35 30/13/31
f 32/12/30 36/17/34 35/20/36 31/15/32
f 33/16/33 37/21/37 40/22/38 36/17/34
f 34/18/35 38/23/39 37/24/37 33/19/33
f 35/20/36 39/25/40 38/23/39 34/18/35
f 36/17/34 40/22/38 39/25/40 35/20/36
f 40/22/38 37/24/37 38/23/39 39/25/40
f 41/1/41 45/2/42 48/3/43 44/4/44
f 42/5/45 46/6/46 45/7/42 41/8/41
f 43/9/47 47/10/48 46/6/46 42/5/45
f 44/4/44 48/3/43 47/10/48 43/9/47
f 45/2/42 49/11/49 52/12/50 48/3/43
f 46/6/46 50/13/51 49/14/49 45/7/42
f 47/10/48 51/15/52 50/13/51 46/6/46
f 48/3/43 52/12/50 51/15/52 47/10/48
f 49/11/49 53/16/53 56/17/54 52/12/50
f 50/13/51 54/18/55 53/19/53 49/14/49
f 51/15/52 55/20/56 54/18/55 50/13/51
f 52/12/50 56/17/54 55/20/56 51/15/52
f 53/16/53 57/21/57 60/22/58 56/17/54
f 54/18/55 58/23/59 57/24/57 53/19/53
f 55/20/56 59/25/60 58/23/59 54/18/55
f 56/17/54 60/22/58 59/25/60 55/20/56
f 60/22/58 57/24/57 58/23/59 59/25/60
f 61/1/61 65/2/62 68/3/63 64/4/64
f 62/5/65 66/6/66 65/7/62 61/8/61
f 63/9/67 67/10/68 66/6/66 62/5/65
f 64/4/64 68/3/63 67/10/68 63/9/67
f 65/2/62 69/11/69 72/12/70 68/3/63
f 66/6/66 70/13/71 69/14/69 65/7/62
f 67/10/68 71/15/72 70/13/71 66/6/66
f 68/3/63 72/12/70 71/15/72 67/10/68
f 69/11/69 73/16/73 76/17/74 72/12/70
f 70/13/71 74/18/75 73/19/73 69/14/69
f 71/15/72 75/20/76 74/18/75 70/13/71
f 72/12/70 76/17/74 75/20/76 71/15/72
f 73/16/73 77/21/77 80/22/78 76/17/74
f 74/18/75 78/23/79 77/24/77 73/19/73
f 75/20/76 79/25/80 78/23/79 74/18/75
f 76/17/74 80/22/78 79/25/80 75/20/76
f 80/22/78 77/24/77 78/23/79 79/25/80
f 81/1/81 85/2/82 88/3/83 84/4/84
f 82/5/85 86/6/86 85/7/82 81/8/81
f 83/9/87 87/10/88 86/6/86 82/5/85
f 84/4/84 88/3/83 87/10/88 83/9/87
f 85/2/82 89/11/89 92/12/90 88/3/83
f 86/6/86 90/13/91 89/14/89 85/7/82
f 87/10/88 91/15/92 90/13/91 86/6/86
f 88/3/83 92/12/90 91/15/92 87/10/88
f 89/11/89 93/16/93 96/17/94 92/12/90
f 90/13/91 94/18/95 93/19/93 89/14/89
f 91/15/92 95/20/96 94/18/95 90/13/91
f 92/12/90 96/17/94 95/20/96 91/15/92
f 93/16/93 97/21/97 100/22/98 96/17/94
f 94/18/95 98/23/99 97/24/97 93/19/93
f 95/20/96 99/25/100 98/23/99 94/18/95
f 96/17/94 100/22/98 99/25/100 95/20/96
f 100/22/98 97/24/97 98/23/99 99/25/100
f 101/1/101 105/2/102 108/3/103 104/4/104
f 102/5/105 106/6/106 105/7/102 101/8/101
f 103/9/107 107/10/108 106/6/106 102/5/105
f 104/4/104 108/3/103 107/10/108 103/9/107
f 105/2/102 109/11/109 112/12/110 108/3/103
f 106/6/106 110/13/111 109/14/109 105/7/102
f 107/10/108 111/15/112 110/13/111 106/6/106
f 108/3/103 112/12/110 111/15/112 107/10/108
f 109/11/109 113/16/113 116/17/114 112/12/110
f 110/13/111 114/18/115 113/19/113 109/14/109
f 111/15/112 115/20/116 114/18/115 110/13/111
f 112/12/110 116/17/114 115/20/116 111/15/112
f 113/16/113 117/21/117 120/22/118 116/17/114
f 114/18/115 118/23/119 117/24/117 113/19/113
f 115/20/116 119/25/120 118/23/119 114/18/115
f 116/17/114 120/22/118 119/25/120 115/20/116
f 120/22/118 117/24/117 118/23/119 119/25/120
f 121/1/121 125/2/122 128/3/123 124/4/124
f 122/5/125 126/6/126 125/7/122 121/8/121
f 123/9/127 127/10/128 126/6/126 122/5/125
f 124/4/124 128/3/123 127/10/128 123/9/127
f 125/2/122 129/11/129 132/12/130 128/3/123
f 126/6/126 130/13/131 129/14/129 125/7/122
f 127/10/128 131/15/132 130/13/131 126/6/126
f 128/3/123 132/12/130 131/15/132 127/10/128
f 129/11/129 133/16/133 136/17/134 132/12/130
f 130/13/131 134/18/135 133/19/133 129/14/129
f 131/15/132 135/20/136 134/18/135 130/13/131
f 132/12/130 136/17/134 135/20/136 131/15/132
f 133/16/133 137/21/137 140/22/138 136/17/134
f 134/18/135 138/23/139 137/24/137 133/19/133
f 135/20/136 139/25/140 138/23/139 134/18/135
f 136/17/134 140/22/138 139/25/140 135/20/136
f 140/22/138 137/24/137 138/23/139 139/25/140
f 141/1/141 145/2/142 148/3/143 144/4/144
f 142/5/145 146/6/146 145/7/142 141/8/141
f 143/9/147 147/10/148 146/6/146 142/5/145
f 144/4/144 148/3/143 147/10/148 143/9/147
f 145/2/142 149/11/149 152/12/150 148/3/143
f 146/6/146 150/13/151 149/14/149 145/7/142
f 147/10/148 151/15/152 150/13/151 146/6/146
f 148/3/143 152/12/150 151/15/152 147/10/148
f 149/11/149 153/16/153 156/17/154 152/12/150
f 150/13/151 154/18/155 153/19/153 149/14/149
f 151/15/152 155/20/156 154/18/155 150/13/151
f 152/12/150 156/17/154 155/20/156 151/15/152
f 153/16/153 157/21/157 160/22/158 156/17/154
f 154/18/155 158/23/159 157/24/157 153/19/153
f 155/20/156 159/25/160 158/23/159 154/18/155
f 156/17/154 160/22/158 159/25/160 155/20/156
f 160/22/158 157/24/157 158/23/159 159/25/160
f 161/1/161 165/2/162 168/3/163 164/4/164
f 162/5/165 166/6/166 165/7/162 161/8/161
f 163/9/167 167/10/168 166/6/166 162/5/165
f 164/4/164 168/3/163 167/10/168 163/9/167
f 165/2/162 169/11/169 172/12/170 168/3/163
f 166/6/166 170/13/171 169/14/169 165/7/162
f 167/10/168 171/15/172 170/13/171 166/6/166
f 168/3/163 172/12/170 171/15/172 167/10/168
f 169/11/169 173/16/173 176/17/174 172/12/170
f 170/13/171 174/18/175 173/19/173 169/14/169
f 171/15/172 175/20/176 174/18/175 170/13/171
f 172/12/170 176/17/174 175/20/176 171/15/172
f 173/16/173 177/21/177 180/22/178 176/17/174
f 174/18/175 178/23/179 177/24/177 173/19/173
f 175/20/176 179/25/180 178/23/179 174/18/175
f 176/17/174 180/22/178 179/25/180 175/20/176
f 180/22/178 177/24/177 178/23/179 179/25/180
f 181/1/181 185/2/182 188/3/183 184/4/184
f 182/5/185 186/6/186 185/7/182 181/8/181
f 183/9/187 187/10/188 186/6/186 182/5/185
f 184/4/184 188/3/183 187/10/188 183/9/187
f 185/2/182 189/11/189 192/12/190 188/3/183
f 186/6/186 190/13/191 189/14/189 185/7/182
f 187/10/188 191/15/192 190/13/191 186/6/186
f 188/3/183 192/12/190 191/15/192 187/10/188
f 189/11/189 193/16/193 196/17/194 192/12/190
f 190/13/191 194/18/195 193/19/193 189/14/189
f 191/15/192 195/20/196 194/18/195 190/13/191
f 192/12/190 196/17/194 195/20/196 191/15/192
f 193/16/193 197/21/197 200/22/198 196/17/194
f 194/18/195 198/23/199 197/24/197 193/19/193
f 195/20/196 199/25/200 198/23/199 194/18/195
f 196/17/194 200/22/198 199/25/200 195/20/196
f 200/22/198 197/24/197 198/23/199 199/25/200
f 201/1/201 205/2/202 208/3/203 204/4/204
f 202/5/205 206/6/206 205/7/202 201/8/201
f 203/9/207 207/10/208 206/6/206 202/5/205
f 204/4/204 208/3/203 207/10/208 203/9/207
f 205/2/202 209/11/209 212/12/210 208/3/203
f 206/6/206 210/13/211 209/14/209 205/7/202
f 207/10/208 211/15/212 210/13/211 206/6/206
f 208/3/203 212/12/210 211/15/212 207/10/208
f 209/11/209 213/16/213 216/17/214 212/12/210
f 210/13/211 214/18/215 213/19/213 209/14/209
f 211/15/212 215/20/216 214/18/215 210/13/211
f 212/12/210 216/17/214 215/20/216 211/15/212
f 213/16/213 217/21/217 220/22/218 216/17/214
f 214/18/215 218/23/219 217/24/217 213/19/213
f 215/20/216 219/25/220 218/23/219 214/18/215
f 216/17/214 220/22/218 219/25/220 215/20/216
f 220/22/218 217/24/217 218/23/219 219/25/220
f 221/1/221 225/2/222 228/3/223 224/4/224
f 222/5/225 226/6/226 225/7/222 221/8/221
f 223/9/227 227/10/228 226/6/226 222/5/225
f 224/4/224 228/3/223 227/10/228 223/9/227
f 225/2/222 229/11/229 232/12/230 228/3/223
f 226/6/226 230/13/231 229/14/229 225/7/222
f 227/10/228 231/15/232 230/13/231 226/6/226
f 228/3/223 232/12/230 231/15/232 227/10/228
f 229/11/229 233/16/233 236/17/234 232/12/230
f 230/13/231 234/18/235 233/19/233 229/14/229
f 231/15/232 235/20/236 234/18/235 230/13/231
f 232/12/230 236/17/234 235/20/236 231/15/232
f 233/16/233 237/21/237 240/22/238 236/17/234
f 234/18/235 238/23/239 237/24/237 233/19/233
f 235/20/236 239/25/240 238/23/239 234/18/235
f 236/17/234 240/22/238 239/25/240 235/20/236
f 240/22/238 237/24/237 238/23/239 239/25/240
f 241/1/21 245/2/22 248/3/23 244/4/24
f 242/5/25 246/6/26 245/7/22 241/8/21
f 243/9/27 247/10/28 246/6/26 242/5/25
f 244/4/24 248/3/23 247/10/28 243/9/27
f 245/2/22 249/11/241 252/12/242 248/3/23
f 246/6/26 250/13/243 249/14/241 245/7/22
f 247/10/28 251/15/244 250/13/243 246/6/26
f 248/3/23 252/12/242 251/15/244 247/10/28
f 249/11/241 253/16/245 256/17/246 252/12/242
f 250/13/243 254/18/247 253/19/245 249/14/241
f 251/15/244 255/20/248 254/18/247 250/13/243
f 252/12/242 256/17/246 255/20/248 251/15/244
f 253/16/245 257/21/249 260/22/250 256/17/246
f 254/18/247 258/23/251 257/24/249 253/19/245
f 255/20/248 259/25/252 258/23/251 254/18/247
f 256/17/246 260/22/250 259/25/252 255/20/248
f 260/22/250 257/24/249 258/23/251 259/25/252
f 261/1/253 265/2/254 268/3/255 264/4/256
f 262/5/257 266/6/258 265/7/254 261/8/253
f 263/9/259 267/10/260 266/6/258 262/5/257
f 264/4/256 268/3/255 267/10/260 263/9/259
f 265/2/254 269/11/261 272/12/262 268/3/255
f 266/6/258 270/13/263 269/14/261 265/7/254
f 267/10/260 271/15/264 270/13/263 266/6/258
f 268/3/255 272/12/262 271/15/264 267/10/260
f 269/11/261 273/16/265 276/17/266 272/12/262
f 270/13/263 274/18/267 273/19/265 269/14/261
f 271/15/264 275/20/268 274/18/267 270/13/263
f 272/12/262 276/17/266 275/20/268 271/15/264
f 273/16/265 277/21/269 280/22/270 276/17/266
f 274/18/267 278/23/271 277/24/269 273/19/265
f 275/20/268 279/25/272 278/23/271 274/18/267
f 276/17/266 280/22/270 279/25/272 275/20/268
f 280/22/270 277/24/269 278/23/271 279/25/272
f 497/1/21 501/2/22 504/3/23 500/4/24
f 498/5/25 502/6/26 501/7/22 497/8/21
f 499/9/27 503/10/28 502/6/26 498/5/25
f 500/4/24 504/3/23 503/10/28 499/9/27
f 501/2/22 505/11/29 508/12/30 504/3/23
f 502/6/26 506/13/31 505/14/29 501/7/22
f 503/10/28 507/15/32 506/13/31 502/6/26
f 504/3/23 508/12/30 507/15/32 503/10/28
f 505/11/29 509/16/33 512/17/34 508/12/30
f 506/13/31 510/18/35 509/19/33 505/14/29
f 507/15/32 511/20/36 510/18/35 506/13/31
f 508/12/30 512/17/34 511/20/36 507/15/32
f 509/16/33 513/21/37 516/22/38 512/17/34
f 510/18/35 514/23/39 513/24/37 509/19/33
f 511/20/36 515/25/40 514/23/39 510/18/35
f 512/17/34 516/22/38 515/25/40 511/20/36
f 516/22/38 513/24/37 514/23/39 515/25/40
f 517/1/41 521/2/42 524/3/43 520/4/44
f 518/5/45 522/6/46 521/7/42 517/8/41
f 519/9/47 523/10/48 522/6/46 518/5/45
f 520/4/44 524/3/43 523/10/48 519/9/47
f 521/2/42 525/11/49 528/12/50 524/3/43
f 522/6/46 526/13/51 525/14/49 521/7/42
f 523/10/48 527/15/52 526/13/51 522/6/46
f 524/3/43 528/12/50 527/15/52 523/10/48
f 525/11/49 529/16/53 532/17/54 528/12/50
f 526/13/51 530/18/55 529/19/53 525/14/49
f 527/15/52 531/20/56 530/18/55 526/13/51
f 528/12/50 532/17/54 531/20/56 527/15/52
f 529/16/53 533/21/57 536/22/58 532/17/54
f 530/18/55 534/23/59 533/24/57 529/19/53
f 531/20/56 535/25/60 534/23/59 530/18/55
f 532/17/54 536/22/58 535/25/60 531/20/56
f 536/22/58 533/24/57 534/23/59 535/25/60
f 537/1/81 541/2/82 544/3/83 540/4/84
f 538/5/85 542/6/86 541/7/82 537/8/81
f 539/9/87 543/10/88 542/6/86 538/5/85
f 540/4/84 544/3/83 543/10/88 539/9/87
f 541/2/82 545/11/89 548/12/90 544/3/83
f 542/6/86 546/13/91 545/14/89 541/7/82
f 543/10/88 547/15/92 546/13/91 542/6/86
f 544/3/83 548/12/90 547/15/92 543/10/88
f 545/11/89 549/16/93 552/17/94 548/12/90
f 546/13/91 550/18/95 549/19/93 545/14/89
f 547/15/92 551/20/96 550/18/95 546/13/91
f 548/12/90 552/17/94 551/20/96 547/15/92
f 549/16/93 553/21/97 556/22/98 552/17/94
f 550/18/95 554/23/99 553/24/97 549/19/93
f 551/20/96 555/25/100 554/23/99 550/18/95
f 552/17/94 556/22/98 555/25/100 551/20/96
f 556/22/98 553/24/97 554/23/99 555/25/100
f 557/1/101 561/2/102 564/3/103 560/4/104
f 558/5/105 562/6/106 561/7/102 557/8/101
f 559/9/107 563/10/108 562/6/106 558/5/105
f 560/4/104 564/3/103 563/10/108 559/9/107
f 561/2/102 565/11/109 568/12/110 564/3/103
f 562/6/106 566/13/111 565/14/109 561/7/102
f 563/10/108 567/15/112 566/13/111 562/6/106
f 564/3/103 568/12/110 567/15/112 563/10/108
f 565/11/109 569/16/113 572/17/114 568/12/110
f 566/13/111 570/18/115 569/19/113 565/14/109
f 567/15/112 571/20/116 570/18/115 566/13/111
f 568/12/110 572/17/114 571/20/116 567/15/112
f 569/16/113 573/21/117 576/22/118 572/17/114
f 570/18/115 574/23/119 573/24/117 569/19/113
f 571/20/116 575/25/120 574/23/119 570/18/115
f 572/17/114 576/22/118 575/25/120 571/20/116
f 576/22/118 573/24/117 574/23/119 575/25/120
f 577/1/121 581/2/122 584/3/123 580/4/124
f 578/5/125 582/6/126 581/7/122 577/8/121
f 579/9/127 583/10/128 582/6/126 578/5/125
f 580/4/124 584/3/123 583/10/128 579/9/127
f 581/2/122 585/11/129 588/12/130 584/3/123
f 582/6/126 586/13/131 585/14/129 581/7/122
f 583/10/128 587/15/132 586/13/131 582/6/126
f 584/3/123 588/12/130 587/15/132 583/10/128
f 585/11/129 589/16/133 592/17/134 588/12/130
f 586/13/131 590/18/135 589/19/133 585/14/129
f 587/15/132 591/20/136 590/18/135 586/13/131
f 588/12/130 592/17/134 591/20/136 587/15/132
f 589/16/133 593/21/137 596/22/138 592/17/134
f 590/18/135 594/23/139 593/24/137 589/19/133
f 591/20/136 595/25/140 594/23/139 590/18/135
f 592/17/134 596/22/138 595/25/140 591/20/136
f 596/22/138 593/24/137 594/23/139 595/25/140
f 597/1/141 601/2/142 604/3/143 600/4/144
f 598/5/145 602/6/146 601/7/142 597/8/141
f 599/9/147 603/10/148 602/6/146 598/5/145
f 600/4/144 604/3/143 603/10/148 599/9/147
f 601/2/142 605/11/149 608/12/150 604/3/143
f 602/6/146 606/13/151 605/14/149 601/7/142
f 603/10/148 607/15/152 606/13/151 602/6/146
f 604/3/143 608/12/150 607/15/152 603/10/148
f 605/11/149 609/16/153 612/17/154 608/12/150
f 606/13/151 610/18/155 609/19/153 605/14/149
f 607/15/152 611/20/156 610/18/155 606/13/151
f 608/12/150 612/17/154 611/20/156 607/15/152
f 609/16/153 613/21/157 616/22/158 612/17/154
f 610/18/155 614/23/159 613/24/157 609/19/153
f 611/20/156 615/25/160 614/23/159 610/18/155
f 612/17/154 616/22/158 615/25/160 611/20/156
f 616/22/158 613/24/157 614/23/159 615/25/160
f 617/1/181 621/2/182 624/3/183 620/4/184
f 618/5/185 622/6/186 621/7/182 617/8/181
f 619/9/187 623/10/188 622/6/186 618/5/185
f 620/4/184 624/3/183 623/10/188 619/9/187
f 621/2/182 625/11/189 628/12/190 624/3/183
f 622/6/186 626/13/191 625/14/189 621/7/182
f 623/10/188 627/15/192 626/13/191 622/6/186
f 624/3/183 628/12/190 627/15/192 623/10/188
f 625/11/189 629/16/193 632/17/194 628/12/190
f 626/13/191 630/18/195 629/19/193 625/14/189
f 627/15/192 631/20/196 630/18/195 626/13/191
f 628/12/190 632/17/194 631/20/196 627/15/192
f 629/16/193 633/21/197 636/22/198 632/17/194
f 630/18/195 634/23/199 633/24/197 629/19/193
f 631/20/196 635/25/200 634/23/199 630/18/195
f 632/17/194 636/22/198 635/25/200 631/20/196
f 636/22/198 633/24/197 634/23/199 635/25/200
f 637/1/201 641/2/202 644/3/203 640/4/204
f 638/5/205 642/6/206 641/7/202 637/8/201
f 639/9/207 643/10/208 642/6/206 638/5/205
f 640/4/204 644/3/203 643/10/208 639/9/207
f 641/2/202 645/11/209 648/12/210 644/3/203
f 642/6/206 646/13/211 645/14/209 641/7/202
f 643/10/208 647/15/212 646/13/211 642/6/206
f 644/3/203 648/12/210 647/15/212 643/10/208
f 645/11/209 649/16/213 652/17/214 648/12/210
f 646/13/211 650/18/215 649/19/213 645/14/209
f 647/15/212 651/20/216 650/18/215 646/13/211
f 648/12/210 652/17/214 651/20/216 647/15/212
f 649/16/213 653/21/217 656/22/218 652/17/214
f 650/18/215 654/23/219 653/24/217 649/19/213
f 651/20/216 655/25/220 654/23/219 650/18/215
f 652/17/214 656/22/218 655/25/220 651/20/216
f 656/22/218 653/24/217 654/23/219 655/25/220
f 657/1/21 661/2/22 664/3/23 660/4/24
f 658/5/25 662/6/26 661/7/22 657/8/21
f 659/9/27 663/10/28 662/6/26 658/5/25
f 660/4/24 664/3/23 663/10/28 659/9/27
f 661/2/22 665/11/241 668/12/242 664/3/23
f 662/6/26 666/13/243 665/14/241 661/7/22
f 663/10/28 667/15/244 666/13/243 662/6/26
f 664/3/23 668/12/242 667/15/244 663/10/28
f 665/11/241 669/16/245 672/17/246 668/12/242
f 666/13/243 670/18/247 669/19/245 665/14/241
f 667/15/244 671/20/248 670/18/247 666/13/243
f 668/12/242 672/17/246 671/20/248 667/15/244
f 669/16/245 673/21/249 676/22/250 672/17/246
f 670/18/247 674/23/251 673/24/249 669/19/245
f 671/20/248 675/25/252 674/23/251 670/18/247
f 672/17/246 676/22/250 675/25/252 671/20/248
f 676/22/250 673/24/249 674/23/251 675/25/252
f 677/1/253 681/2/254 684/3/255 680/4/256
f 678/5/257 682/6/258 681/7/254 677/8/253
f 679/9/259 683/10/260 682/6/258 678/5/257
f 680/4/256 684/3/255 683/10/260 679/9/259
f 681/2/254 685/11/261 688/12/262 684/3/255
f 682/6/258 686/13/263 685/14/261 681/7/254
f 683/10/260 687/15/264 686/13/263 682/6/258
f 684/3/255 688/12/262 687/15/264 683/10/260
f 685/11/261 689/16/265 692/17/266 688/12/262
f 686/13/263 690/18/267 689/19/265 685/14/261
f 687/15/264 691/20/268 690/18/267 686/13/263
f 688/12/262 692/17/266 691/20/268 687/15/264
f 689/16/265 693/21/269 696/22/270 692/17/266
f 690/18/267 694/23/271 693/24/269 689/19/265
f 691/20/268 695/25/272 694/23/271 690/18/267
f 692/17/266 696/22/270 695/25/272 691/20/268
f 696/22/270 693/24/269 694/23/271 695/25/272
f 697/1/273 701/2/274 704/3/275 700/4/276
f 698/5/277 702/6/278 701/7/274 697/8/273
f 699/9/279 703/10/280 702/6/278 698/5/277
f 700/4/276 704/3/275 703/10/280 699/9/279
f 701/2/274 705/11/281 708/12/282 704/3/275
f 702/6/278 706/13/283 705/14/281 701/7/274
f 703/10/280 707/15/284 706/13/283 702/6/278
f 704/3/275 708/12/282 707/15/284 703/10/280
f 705/11/281 709/16/285 712/17/286 708/12/282
f 706/13/283 710/18/287 709/19/285 705/14/281
f 707/15/284 711/20/288 710/18/287 706/13/283
f 708/12/282 712/17/286 711/20/288 707/15/284
f 709/16/285 713/21/289 716/22/290 712/17/286
f 710/18/287 714/23/291 713/24/289 709/19/285
f 711/20/288 715/25/292 714/23/291 710/18/287
f 712/17/286 716/22/290 715/25/292 711/20/288
f 716/22/290 713/24/289 714/23/291 715/25/292
f 717/1/293 721/2/294 724/3/295 720/4/296
f 718/5/297 722/6/298 721/7/294 717/8/293
f 719/9/299 723/10/300 722/6/298 718/5/297
f 720/4/296 724/3/295 723/10/300 719/9/299
f 721/2/294 725/11/301 728/12/302 724/3/295
f 722/6/298 726/13/303 725/14/301 721/7/294
f 723/10/300 727/15/304 726/13/303 722/6/298
f 724/3/295 728/12/302 727/15/304 723/10/300
f 725/11/301 729/16/305 732/17/306 728/12/302
f 726/13/303 730/18/307 729/19/305 725/14/301
f 727/15/304 731/20/308 730/18/307 726/13/303
f 728/12/302 732/17/306 731/20/308 727/15/304
f 729/16/305 733/21/309 736/22/310 732/17/306
f 730/18/307 734/23/311 733/24/309 729/19/305
f 731/20/308 735/25/312 734/23/311 730/18/307
f 732/17/306 736/22/310 735/25/312 731/20/308
f 736/22/310 733/24/309 734/23/311 735/25/312
f 737/1/313 741/2/314 744/3/315 740/4/316
f 738/5/317 742/6/318 741/7/314 737/8/313
f 739/9/319 743/10/320 742/6/318 738/5/317
f 740/4/316 744/3/315 743/10/320 739/9/319
f 741/2/314 745/11/321 748/12/322 744/3/315
f 742/6/318 746/13/323 745/14/321 741/7/314
f 743/10/320 747/15/324 746/13/323 742/6/318
f 744/3/315 748/12/322 747/15/324 743/10/320
f 745/11/321 749/16/325 752/17/326 748/12/322
f 746/13/323 750/18/327 749/19/325 745/14/321
f 747/15/324 751/20/328 750/18/327 746/13/323
f 748/12/322 752/17/326 751/20/328 747/15/324
f 749/16/325 753/21/329 756/22/330 752/17/326
f 750/18/327 754/23/331 753/24/329 749/19/325
f 751/20/328 755/25/332 754/23/331 750/18/327
f 752/17/326 756/22/330 755/25/332 751/20/328
f 756/22/330 753/24/329 754/23/331 755/25/332
f 757/1/333 761/2/334 764/3/335 760/4/336
f 758/5/337 762/6/338 761/7/334 757/8/333
f 759/9/339 763/10/340 762/6/338 758/5/337
f 760/4/336 764/3/335 763/10/340 759/9/339
f 761/2/334 765/11/341 768/12/342 764/3/335
f 762/6/338 766/13/343 765/14/341 761/7/334
f 763/10/340 767/15/344 766/13/343 762/6/338
f 764/3/335 768/12/342 767/15/344 763/10/340
f 765/11/341 769/16/345 772/17/346 768/12/342
f 766/13/343 770/18/347 769/19/345 765/14/341
f 767/15/344 771/20/348 770/18/347 766/13/343
f 768/12/342 772/17/346 771/20/348 767/15/344
f 769/16/345 773/21/349 776/22/350 772/17/346
f 770/18/347 774/23/351 773/24/349 769/19/345
f 771/20/348 775/25/352 774/23/351 770/18/347
f 772/17/346 776/22/350 775/25/352 771/20/348
f 776/22/350 773/24/349 774/23/351 775/25/352
f 777/1/353 781/2/354 784/3/355 780/4/356
f 778/5/357 782/6/358 781/7/354 777/8/353
f 779/9/359 783/10/360 782/6/358 778/5/357
f 780/4/356 784/3/355 783/10/360 779/9/359
f 781/2/354 785/11/361 788/12/362 784/3/355
f 782/6/358 786/13/363 785/14/361 781/7/354
f 783/10/360 787/15/364 786/13/363 782/6/358
f 784/3/355 788/12/362 787/15/364 783/10/360
f 785/11/361 789/16/365 792/17/366 788/12/362
f 786/13/363 790/18/367 789/19/365 785/14/361
f 787/15/364 791/20/368 790/18/367 786/13/363
f 788/12/362 792/17/366 791/20/368 787/15/364
f 789/16/365 793/21/369 796/22/370 792/17/366
f 790/18/367 794/23/371 793/24/369 789/19/365
f 791/20/368 795/25/372 794/23/371 790/18/367
f 792/17/366 796/22/370 795/25/372 791/20/368
f 796/22/370 793/24/369 794/23/371 795/25/372
f 797/1/373 801/2/374 804/3/375 800/4/376
f 798/5/377 802/6/378 801/7/374 797/8/373
f 799/9/379 803/10/380 802/6/378 798/5/377
f 800/4/376 804/3/375 803/10/380 799/9/379
f 801/2/374 805/11/381 808/12/382 804/3/375
f 802/6/378 806/13/383 805/14/381 801/7/374
f 803/10/380 807/15/384 806/13/383 802/6/378
f 804/3/375 808/12/382 807/15/384 803/10/380
f 805/11/381 809/16/385 812/17/386 808/12/382
f 806/13/383 810/18/387 809/19/385 805/14/381
f 807/15/384 811/20/388 810/18/387 806/13/383
f 808/12/382 812/17/386 811/20/388 807/15/384
f 809/16/385 813/21/389 816/22/390 812/17/386
f 810/18/387 814/23/391 813/24/389 809/19/385
f 811/20/388 815/25/392 814/23/391 810/18/387
f 812/17/386 816/22/390 815/25/392 811/20/388
f 816/22/390 813/24/389 814/23/391 815/25/392
f 817/1/393 821/2/394 824/3/395 820/4/396
f 818/5/397 822/6/398 821/7/394 817/8/393
f 819/9/399 823/10/400 822/6/398 818/5/397
f 820/4/396 824/3/395 823/10/400 819/9/399
f 821/2/394 825/11/401 828/12/402 824/3/395
f 822/6/398 826/13/403 825/14/401 821/7/394
f 823/10/400 827/15/404 826/13/403 822/6/398
f 824/3/395 828/12/402 827/15/404 823/10/400
f 825/11/401 829/16/405 832/17/406 828/12/402
f 826/13/403 830/18/407 829/19/405 825/14/401
f 827/15/404 831/20/408 830/18/407 826/13/403
f 828/12/402 832/17/406 831/20/408 827/15/404
f 829/16/405 833/21/409 836/22/410 832/17/406
f 830/18/407 834/23/411 833/24/409 829/19/405
f 831/20/408 835/25/412 834/23/411 830/18/407
f 832/17/406 836/22/410 835/25/412 831/20/408
f 836/22/410 833/24/409 834/23/411 835/25/412
f 837/1/413 841/2/414 844/3/415 840/4/416
f 838/5/417 842/6/418 841/7/414 837/8/413
f 839/9/419 843/10/420 842/6/418 838/5/417
f 840/4/416 844/3/415 843/10/420 839/9/419
f 841/2/414 845/11/421 848/12/422 844/3/415
f 842/6/418 846/13/423 845/14/421 841/7/414
f 843/10/420 847/15/424 846/13/423 842/6/418
f 844/3/415 848/12/422 847/15/424 843/10/420
f 845/11/421 849/16/425 852/17/426 848/12/422
f 846/13/423 850/18/427 849/19/425 845/14/421
f 847/15/424 851/20/428 850/18/427 846/13/423
f 848/12/422 852/17/426 851/20/428 847/15/424
f 849/16/425 853/21/429 856/22/430 852/17/426
f 850/18/427 854/23/431 853/24/429 849/19/425
f 851/20/428 855/25/432 854/23/431 850/18/427
f 852/17/426 856/22/430 855/25/432 851/20/428
f 856/22/430 853/24/429 854/23/431 855/25/432
f 857/1/433 861/2/434 864/3/435 860/4/436
f 858/5/437 862/6/438 861/7/434 857/8/433
f 859/9/439 863/10/440 862/6/438 858/5/437
f 860/4/436 864/3/435 863/10/440 859/9/439
f 861/2/434 865/11/441 868/12/442 864/3/435
f 862/6/438 866/13/443 865/14/441 861/7/434
f 863/10/440 867/15/444 866/13/443 862/6/438
f 864/3/435 868/12/442 867/15/444 863/10/440
f 865/11/441 869/16/445 872/17/446 868/12/442
f 866/13/443 870/18/447 869/19/445 865/14/441
f 867/15/444 871/20/448 870/18/447 866/13/443
f 868/12/442 872/17/446 871/20/448 867/15/444
f 869/16/445 873/21/449 876/22/450 872/17/446
f 870/18/447 874/23/451 873/24/449 869/19/445
f 871/20/448 875/25/452 874/23/451 870/18/447
f 872/17/446 876/22/450 875/25/452 871/20/448
f 876/22/450 873/24/449 874/23/451 875/25/452
f 877/1/453 881/2/454 884/3/455 880/4/456
f 878/5/457 882/6/458 881/7/454 877/8/453
f 879/9/459 883/10/460 882/6/458 878/5/457
f 880/4/456 884/3/455 883/10/460 879/9/459
f 881/2/454 885/11/461 888/12/462 884/3/455
f 882/6/458 886/13/463 885/14/461 881/7/454
f 883/10/460 887/15/464 886/13/463 882/6/458
f 884/3/455 888/12/462 887/15/464 883/10/460
f 885/11/461 889/16/465 892/17/466 888/12/462
f 886/13/463 890/18/467 889/19/465 885/14/461
f 887/15/464 891/20/468 890/18/467 886/13/463
f 888/12/462 892/17/466 891/20/468 887/15/464
f 889/16/465 893/21/469 896/22/470 892/17/466
f 890/18/467 894/23/471 893/24/469 889/19/465
f 891/20/468 895/25/472 894/23/471 890/18/467
f 892/17/466 896/22/470 895/25/472 891/20/468
f 896/22/470 893/24/469 894/23/471 895/25/472
f 897/1/273 901/2/274 904/3/275 900/4/276
f 898/5/277 902/6/278 901/7/274 897/8/273
f 899/9/279 903/10/280 902/6/278 898/5/277
f 900/4/276 904/3/275 903/10/280 899/9/279
f 901/2/274 905/11/473 908/12/474 904/3/275
f 902/6/278 906/13/475 905/14/473 901/7/274
f 903/10/280 907/15/476 906/13/475 902/6/278
f 904/3/275 908/12/474 907/15/476 903/10/280
f 905/11/473 909/16/477 912/17/478 908/12/474
f 906/13/475 910/18/479 909/19/477 905/14/473
f 907/15/476 911/20/480 910/18/479 906/13/475
f 908/12/474 912/17/478 911/20/480 907/15/476
f 909/16/477 913/21/481 916/22/482 912/17/478
f 910/18/479 914/23/483 913/24/481 909/19/477
f 911/20/480 915/25/484 914/23/483 910/18/479
f 912/17/478 916/22/482 915/25/484 911/20/480
f 916/22/482 913/24/481 914/23/483 915/25/484
f 917/1/485 921/2/486 924/3/487 920/4/488
f 918/5/489 922/6/490 921/7/486 917/8/485
f 919/9/491 923/10/492 922/6/490 918/5/489
f 920/4/488 924/3/487 923/10/492 919/9/491
f 921/2/486 925/11/493 928/12/494 924/3/487
f 922/6/490 926/13/495 925/14/493 921/7/486
f 923/10/492 927/15/496 926/13/495 922/6/490
f 924/3/487 928/12/494 927/15/496 923/10/492
f 925/11/493 929/16/497 932/17/498 928/12/494
f 926/13/495 930/18/499 929/19/497 925/14/493
f 927/15/496 931/20/500 930/18/499 926/13/495
f 928/12/494 932/17/498 931/20/500 927/15/496
f 929/16/497 933/21/501 936/22/502 932/17/498
f 930/18/499 934/23/503 933/24/501 929/19/497
f 931/20/500 935/25/504 934/23/503 930/18/499
f 932/17/498 936/22/502 935/25/504 931/20/500
f 936/22/502 933/24/501 934/23/503 935/25/504
f 937/1/273 941/2/274 944/3/275 940/4/276
f 938/5/277 942/6/278 941/7/274 937/8/273
f 939/9/279 943/10/280 942/6/278 938/5/277
f 940/4/276 944/3/275 943/10/280 939/9/279
f 941/2/274 945/11/281 948/12/282 944/3/275
f 942/6/278 946/13/283 945/14/281 941/7/274
f 943/10/280 947/15/284 946/13/283 942/6/278
f 944/3/275 948/12/282 947/15/284 943/10/280
f 945/11/281 949/16/285 952/17/286 948/12/282
f 946/13/283 950/18/287 949/19/285 945/14/281
f 947/15/284 951/20/288 950/18/287 946/13/283
f 948/12/282 952/17/286 951/20/288 947/15/284
f 949/16/285 953/21/289 956/22/290 952/17/286
f 950/18/287 954/23/291 953/24/289 949/19/285
f 951/20/288 955/25/292 954/23/291 950/18/287
f 952/17/286 956/22/290 955/25/292 951/20/288
f 956/22/290 953/24/289 954/23/291 955/25/292
f 957/1/293 961/2/294 964/3/295 960/4/296
f 958/5/297 962/6/298 961/7/294 957/8/293
f 959/9/299 963/10/300 962/6/298 958/5/297
f 960/4/296 964/3/295 963/10/300 959/9/299
f 961/2/294 965/11/301 968/12/302 964/3/295
f 962/6/298 966/13/303 965/14/301 961/7/294
f 963/10/300 967/15/304 966/13/303 962/6/298
f 964/3/295 968/12/302 967/15/304 963/10/300
f 965/11/301 969/16/305 972/17/306 968/12/302
f 966/13/303 970/18/307 969/19/305 965/14/301
f 967/15/304 971/20/308 970/18/307 966/13/303
f 968/12/302 972/17/306 971/20/308 967/15/304
f 969/16/305 973/21/309 976/22/310 972/17/306
f 970/18/307 974/23/311 973/24/309 969/19/305
f 971/20/308 975/25/312 974/23/311 970/18/307
f 972/17/306 976/22/310 975/25/312 971/20/308
f 976/22/310 973/24/309 974/23/311 975/25/312
f 977/1/333 981/2/334 984/3/335 980/4/336
f 978/5/337 982/6/338 981/7/334 977/8/333
f 979/9/339 983/10/340 982/6/338 978/5/337
f 980/4/336 984/3/335 983/10/340 979/9/339
f 981/2/334 985/11/341 988/12/342 984/3/335
f 982/6/338 986/13/343 985/14/341 981/7/334
f 983/10/340 987/15/344 986/13/343 982/6/338
f 984/3/335 988/12/342 987/15/344 983/10/340
f 985/11/341 989/16/345 992/17/346 988/12/342
f 986/13/343 990/18/347 989/19/345 985/14/341
f 987/15/344 991/20/348 990/18/347 986/13/343
f 988/12/342 992/17/346 991/20/348 987/15/344
f 989/16/345 993/21/349 996/22/350 992/17/346
f 990/18/347 994/23/351 993/24/349 989/19/345
f 991/20/348 995/25/352 994/23/351 990/18/347
f 992/17/346 996/22/350 995/25/352 991/20/348
f 996/22/350 993/24/349 994/23/351 995/25/352
f 997/1/353 1001/2/354 1004/3/355 1000/4/356
f 998/5/357 1002/6/358 1001/7/354 997/8/353
f 999/9/359 1003/10/360 1002/6/358 998/5/357
f 1000/4/356 1004/3/355 1003/10/360 999/9/359
f 1001/2/354 1005/11/361 1008/12/362 1004/3/355
f 1002/6/358 1006/13/363 1005/14/361 1001/7/354
f 1003/10/360 1007/15/364 1006/13/363 1002/6/358
f 1004/3/355 1008/12/362 1007/15/364 1003/10/360
f 1005/11/361 1009/16/365 1012/17/366 1008/12/362
f 1006/13/363 1010/18/367 1009/19/365 1005/14/361
f 1007/15/364 1011/20/368 1010/18/367 1006/13/363
f 1008/12/362 1012/17/366 1011/20/368 1007/15/364
f 1009/16/365 1013/21/369 1016/22/370 1012/17/366
f 1010/18/367 1014/23/371 1013/24/369 1009/19/365
f 1011/20/368 1015/25/372 1014/23/371 1010/18/367
f 1012/17/366 1016/22/370 1015/25/372 1011/20/368
f 1016/22/370 1013/24/369 1014/23/371 1015/25/372
f 1017/1/373 1021/2/374 1024/3/375 1020/4/376
f 1018/5/377 1022/6/378 1021/7/374 1017/8/373
f 1019/9/379 1023/10/380 1022/6/378 1018/5/377
f 1020/4/376 1024/3/375 1023/10/380 1019/9/379
f 1021/2/374 1025/11/381 1028/12/382 1024/3/375
f 1022/6/378 1026/13/383 1025/14/381 1021/7/374
f 1023/10/380 1027/15/384 1026/13/383 1022/6/378
f 1024/3/375 1028/12/382 1027/15/384 1023/10/380
f 1025/11/381 1029/16/385 1032/17/386 1028/12/382
f 1026/13/383 1030/18/387 1029/19/385 1025/14/381
f 1027/15/384 1031/20/388 1030/18/387 1026/13/383
f 1028/12/382 1032/17/386 1031/20/388 1027/15/384
f 1029/16/385 1033/21/389 1036/22/390 1032/17/386
f 1030/18/387 1034/23/391 1033/24/389 1029/19/385
f 1031/20/388 1035/25/392 1034/23/391 1030/18/387
f 1032/17/386 1036/22/390 1035/25/392 1031/20/388
f 1036/22/390 1033/24/389 1034/23/391 1035/25/392
f 1037/1/393 1041/2/394 1044/3/395 1040/4/396
f 1038/5/397 1042/6/398 1041/7/394 1037/8/393
f 1039/9/399 1043/10/400 1042/6/398 1038/5/397
f 1040/4/396 1044/3/395 1043/10/400 1039/9/399
f 1041/2/394 1045/11/401 1048/12/402 1044/3/395
f 1042/6/398 1046/13/403 1045/14/401 1041/7/394
f 1043/10/400 1047/15/404 1046/13/403 1042/6/398
f 1044/3/395 1048/12/402 1047/15/404 1043/10/400
f 1045/11/401 1049/16/405 1052/17/406 1048/12/402
f 1046/13/403 1050/18/407 1049/19/405 1045/14/401
f 1047/15/404 1051/20/408 1050/18/407 1046/13/403
f 1048/12/402 1052/17/406 1051/20/408 1047/15/404
f 1049/16/405 1053/21/409 1056/22/410 1052/17/406
f 1050/18/407 1054/23/411 1053/24/409 1049/19/405
f 1051/20/408 1055/25/412 1054/23/411 1050/18/407
f 1052/17/406 1056/22/410 1055/25/412 1051/20/408
f 1056/22/410 1053/24/409 1054/23/411 1055/25/412
f 1057/1/413 1061/2/414 1064/3/415 1060/4/416
f 1058/5/417 1062/6/418 1061/7/414 1057/8/413
f 1059/9/419 1063/10/420 1062/6/418 1058/5/417
f 1060/4/416 1064/3/415 1063/10/420 1059/9/419
f 1061/2/414 1065/11/421 1068/12/422 1064/3/415
f 1062/6/418 1066/13/423 1065/14/421 1061/7/414
f 1063/10/420 1067/15/424 1066/13/423 1062/6/418
f 1064/3/415 1068/12/422 1067/15/424 1063/10/420
f 1065/11/421 1069/16/425 1072/17/426 1068/12/422
f 1066/13/423 1070/18/427 1069/19/425 1065/14/421
f 1067/15/424 1071/20/428 1070/18/427 1066/13/423
f 1068/12/422 1072/17/426 1071/20/428 1067/15/424
f 1069/16/425 1073/21/429 1076/22/430 1072/17/426
f 1070/18/427 1074/23/431 1073/24/429 1069/19/425
f 1071/20/428 1075/25/432 1074/23/431 1070/18/427
f 1072/17/426 1076/22/430 1075/25/432 1071/20/428
f 1076/22/430 1073/24/429 1074/23/431 1075/25/432
f 1077/1/433 1081/2/434 1084/3/435 1080/4/436
f 1078/5/437 1082/6/438 1081/7/434 1077/8/433
f 1079/9/439 1083/10/440 1082/6/438 1078/5/437
f 1080/4/436 1084/3/435 1083/10/440 1079/9/439
f 1081/2/434 1085/11/441 1088/12/442 1084/3/435
f 1082/6/438 1086/13/443 1085/14/441 1081/7/434
f 1083/10/440 1087/15/444 1086/13/443 1082/6/438
f 1084/3/435 1088/12/442 1087/15/444 1083/10/440
f 1085/11/441 1089/16/445 1092/17/446 1088/12/442
f 1086/13/443 1090/18/447 1089/19/445 1085/14/441
f 1087/15/444 1091/20/448 1090/18/447 1086/13/443
f 1088/12/442 1092/17/446 1091/20/448 1087/15/444
f 1089/16/445 1093/21/449 1096/22/450 1092/17/446
f 1090/18/447 1094/23/451 1093/24/449 1089/19/445
f 1091/20/448 1095/25/452 1094/23/451 1090/18/447
f 1092/17/446 1096/22/450 1095/25/452 1091/20/448
f 1096/22/450 1093/24/449 1094/23/451 1095/25/452
f 1097/1/273 1101/2/274 1104/3/275 1100/4/276
f 1098/5/277 1102/6/278 1101/7/274 1097/8/273
f 1099/9/279 1103/10/280 1102/6/278 1098/5/277
f 1100/4/276 1104/3/275 1103/10/280 1099/9/279
f 1101/2/274 1105/11/473 1108/12/474 1104/3/275
f 1102/6/278 1106/13/475 1105/14/473 1101/7/274
f 1103/10/280 1107/15/476 1106/13/475 1102/6/278
f 1104/3/275 1108/12/474 1107/15/476 1103/10/280
f 1105/11/473 1109/16/477 1112/17/478 1108/12/474
f 1106/13/475 1110/18/479 1109/19/477 1105/14/473
f 1107/15/476 1111/20/480 1110/18/479 1106/13/475
f 1108/12/474 1112/17/478 1111/20/480 1107/15/476
f 1109/16/477 1113/21/481 1116/22/482 1112/17/478
f 1110/18/479 1114/23/483 1113/24/481 1109/19/477
f 1111/20/480 1115/25/484 1114/23/483 1110/18/479
f 1112/17/478 1116/22/482 1115/25/484 1111/20/480
f 1116/22/482 1113/24/481 1114/23/483 1115/25/484
f 1117/1/485 1121/2/486 1124/3/487 1120/4/488
f 1118/5/489 1122/6/490 1121/7/486 1117/8/485
f 1119/9/491 1123/10/492 1122/6/490 1118/5/489
f 1120/4/488 1124/3/487 1123/10/492 1119/9/491
f 1121/2/486 1125/11/493 1128/12/494 1124/3/487
f 1122/6/490 1126/13/495 1125/14/493 1121/7/486
f 1123/10/492 1127/15/496 1126/13/495 1122/6/490
f 1124/3/487 1128/12/494 1127/15/496 1123/10/492
f 1125/11/493 1129/16/497 1132/17/498 1128/12/494
f 1126/13/495 1130/18/499 1129/19/497 1125/14/493
f 1127/15/496 1131/20/500 1130/18/499 1126/13/495
f 1128/12/494 1132/17/498 1131/20/500 1127/15/496
f 1129/16/497 1133/21/501 1136/22/502 1132/17/498
f 1130/18/499 1134/23/503 1133/24/501 1129/19/497
f 1131/20/500 1135/25/504 1134/23/503 1130/18/499
f 1132/17/498 1136/22/502 1135/25/504 1131/20/500
f 1136/22/502 1133/24/501 1134/23/503 1135/25/504
usemtl red
f 281/1/505 293/26/506 304/27/507 292/28/508
f 282/29/509 294/30/510 293/31/506 281/8/505
f 283/32/511 295/33/512 294/30/510 282/29/509
f 284/5/513 296/34/514 295/33/512 283/32/511
f 285/35/515 297/36/516 296/34/514 284/5/513
f 286/37/517 298/38/518 297/36/516 285/35/515
f 287/9/519 299/39/520 298/38/518 286/37/517
f 288/40/521 300/41/522 299/39/520 287/9/519
f 289/42/523 301/43/524 300/41/522 288/40/521
f 290/4/525 302/44/526 301/43/524 289/42/523
f 291/45/527 303/46/528 302/44/526 290/4/525
f 292/28/508 304/27/507 303/46/528 291/45/527
f 293/26/506 305/47/529 316/48/530 304/27/507
f 294/30/510 306/49/531 305/50/529 293/31/506
f 295/33/512 307/51/532 306/49/531 294/30/510
f 296/34/514 308/52/533 307/51/532 295/33/512
f 297/36/516 309/53/534 308/52/533 296/34/514
f 298/38/518 310/54/535 309/53/534 297/36/516
f 299/39/520 311/55/536 310/54/535 298/38/518
f 300/41/522 312/56/537 311/55/536 299/39/520
f 301/43/524 313/57/538 312/56/537 300/41/522
f 302/44/526 314/58/539 313/57/538 301/43/524
f 303/46/528 315/59/540 314/58/539 302/44/526
f 304/27/507 316/48/530 315/59/540 303/46/528
f 305/47/529 317/60/541 328/61/542 316/48/530
f 306/49/531 318/62/543 317/63/541 305/50/529
f 307/51/532 319/64/544 318/62/543 306/49/531
f 308/52/533 320/65/545 319/64/544 307/51/532
f 309/53/534 321/66/546 320/65/545 308/52/533
f 310/54/535 322/67/547 321/66/546 309/53/534
f 311/55/536 323/68/548 322/67/547 310/54/535
f 312/56/537 324/69/549 323/68/548 311/55/536
f 313/57/538 325/70/550 324/69/549 312/56/537
f 314/58/539 326/71/551 325/70/550 313/57/538
f 315/59/540 327/72/552 326/71/551 314/58/539
f 316/48/530 328/61/542 327/72/552 315/59/540
f 317/60/541 329/73/553 340/74/554 328/61/542
f 318/62/543 330/75/555 329/76/553 317/63/541
f 319/64/544 331/77/556 330/75/555 318/62/543
f 320/65/545 332/78/557 331/77/556 319/64/544
f 321/66/546 333/79/558 332/78/557 320/65/545
f 322/67/547 334/80/559 333/79/558 321/66/546
f 323/68/548 335/81/560 334/80/559 322/67/547
f 324/69/549 336/82/561 335/81/560 323/68/548
f 325/70/550 337/83/562 336/82/561 324/69/549
f 326/71/551 338/84/563 337/83/562 325/70/550
f 327/72/552 339/85/564 338/84/563 326/71/551
f 328/61/542 340/74/554 339/85/564 327/72/552
f 329/73/553 341/86/565 352/87/566 340/74/554
f 330/75/555 342/88/567 341/89/565 329/76/553
f 331/77/556 343/90/568 342/88/567 330/75/555
f 332/78/557 344/91/569 343/90/568 331/77/556
f 333/79/558 345/92/570 344/91/569 332/78/557
f 334/80/559 346/93/571 345/92/570 333/79/558
f 335/81/560 347/94/572 346/93/571 334/80/559
f 336/82/561 348/95/573 347/94/572 335/81/560
f 337/83/562 349/96/574 348/95/573 336/82/561
f 338/84/563 350/97/575 349/96/574 337/83/562
f 339/85/564 351/98/576 350/97/575 338/84/563
f 340/74/554 352/87/566 351/98/576 339/85/564
f 341/86/565 353/99/577 364/100/578 352/87/566
f 342/88/567 354/101/579 353/102/577 341/89/565
f 343/90/568 355/103/580 354/101/579 342/88/567
f 344/91/569 356/104/581 355/103/580 343/90/568
f 345/92/570 357/105/582 356/104/581 344/91/569
f 346/93/571 358/106/583 357/105/582 345/92/570
f 347/94/572 359/107/584 358/106/583 346/93/571
f 348/95/573 360/108/585 359/107/584 347/94/572
f 349/96/574 361/109/586 360/108/585 348/95/573
f 350/97/575 362/110/587 361/109/586 349/96/574
f 351/98/576 363/111/588 362/110/587 350/97/575
f 352/87/566 364/100/578 363/111/588 351/98/576
f 353/99/577 365/112/589 376/113/590 364/100/578
f 354/101/579 366/114/591 365/115/589 353/102/577
f 355/103/580 367/116/592 366/114/591 354/101/579
f 356/104/581 368/117/593 367/116/592 355/103/580
f 357/105/582 369/118/594 368/117/593 356/104/581
f 358/106/583 370/119/595 369/118/594 357/105/582
f 359/107/584 371/120/596 370/119/595 358/106/583
f 360/108/585 372/121/597 371/120/596 359/107/584
f 361/109/586 373/122/598 372/121/597 360/108/585
f 362/110/587 374/123/599 373/122/598 361/109/586
f 363/111/588 375/124/600 374/123/599 362/110/587
f 364/100/578 376/113/590 375/124/600 363/111/588
f 365/112/589 377/125/601 388/126/602 376/113/590
f 366/114/591 378/127/603 377/128/601 365/115/589
f 367/116/592 379/129/604 378/127/603 366/114/591
f 368/117/593 380/130/605 379/129/604 367/116/592
f 369/118/594 381/131/606 380/130/605 368/117/593
f 370/119/595 382/132/607 381/131/606 369/118/594
f 371/120/596 383/133/608 382/132/607 370/119/595
f 372/121/597 384/134/609 383/133/608 371/120/596
f 373/122/598 385/135/610 384/134/609 372/121/597
f 374/123/599 386/136/611 385/135/610 373/122/598
f 375/124/600 387/137/612 386/136/611 374/123/599
f 376/113/590 388/126/602 387/137/612 375/124/600
f 377/125/601 389/138/613 400/139/614 388/126/602
f 378/127/603 390/140/615 389/141/613 377/128/601
f 379/129/604 391/142/616 390/140/615 378/127/603
f 380/130/605 392/143/617 391/142/616 379/129/604
f 381/131/606 393/144/618 392/143/617 380/130/605
f 382/132/607 394/145/619 393/144/618 381/131/606
f 383/133/608 395/146/620 394/145/619 382/132/607
f 384/134/609 396/147/621 395/146/620 383/133/608
f 385/135/610 397/148/622 396/147/621 384/134/609
f 386/136/611 398/149/623 397/148/622 385/135/610
f 387/137/612 399/150/624 398/149/623 386/136/611
f 388/126/602 400/139/614 399/150/624 387/137/612
f 389/138/613 401/151/625 412/152/626 400/139/614
f 390/140/615 402/153/627 401/154/625 389/141/613
f 391/142/616 403/155/628 402/153/627 390/140/615
f 392/143/617 404/156/629 403/155/628 391/142/616
f 393/144/618 405/157/630 404/156/629 392/143/617
f 394/145/619 406/158/631 405/157/630 393/144/618
f 395/146/620 407/159/632 406/158/631 394/145/619
f 396/147/621 408/160/633 407/159/632 395/146/620
f 397/148/622 409/161/634 408/160/633 396/147/621
f 398/149/623 410/162/635 409/161/634 397/148/622
f 399/150/624 411/163/636 410/162/635 398/149/623
f 400/139/614 412/152/626 411/163/636 399/150/624
f 401/151/625 413/164/637 424/165/638 412/152/626
f 402/153/627 414/166/639 413/167/637 401/154/625
f 403/155/628 415/168/640 414/166/639 402/153/627
f 404/156/629 416/169/641 415/168/640 403/155/628
f 405/157/630 417/170/642 416/169/641 404/156/629
f 406/158/631 418/171/643 417/170/642 405/157/630
f 407/159/632 419/172/644 418/171/643 406/158/631
f 408/160/633 420/173/645 419/172/644 407/159/632
f 409/161/634 421/174/646 420/173/645 408/160/633
f 410/162/635 422/175/647 421/174/646 409/161/634
f 411/163/636 423/176/648 422/175/647 410/162/635
f 412/152/626 424/165/638 423/176/648 411/163/636
f 413/164/637 425/177/649 436/178/650 424/165/638
f 414/166/639 426/179/651 425/180/649 413/167/637
f 415/168/640 427/181/652 426/179/651 414/166/639
f 416/169/641 428/182/653 427/181/652 415/168/640
f 417/170/642 429/183/654 428/182/653 416/169/641
f 418/171/643 430/184/655 429/183/654 417/170/642
f 419/172/644 431/185/656 430/184/655 418/171/643
f 420/173/645 432/186/657 431/185/656 419/172/644
f 421/174/646 433/187/658 432/186/657 420/173/645
f 422/175/647 434/188/659 433/187/658 421/174/646
f 423/176/648 435/189/660 434/188/659 422/175/647
f 424/165/638 436/178/650 435/189/660 423/176/648
f 425/177/649 437/190/661 448/191/662 436/178/650
f 426/179/651 438/192/663 437/193/661 425/180/649
f 427/181/652 439/194/664 438/192/663 426/179/651
f 428/182/653 440/195/665 439/194/664 427/181/652
f 429/183/654 441/196/666 440/195/665 428/182/653
f 430/184/655 442/197/667 441/196/666 429/183/654
f 431/185/656 443/198/668 442/197/667 430/184/655
f 432/186/657 444/199/669 443/198/668 431/185/656
f 433/187/658 445/200/670 444/199/669 432/186/657
f 434/188/659 446/201/671 445/200/670 433/187/658
f 435/189/660 447/202/672 446/201/671 434/188/659
f 436/178/650 448/191/662 447/202/672 435/189/660
f 437/190/661 449/203/673 460/204/674 448/191/662
f 438/192/663 450/205/675 449/206/673 437/193/661
f 439/194/664 451/207/676 450/205/675 438/192/663
f 440/195/665 452/208/677 451/207/676 439/194/664
f 441/196/666 453/209/678 452/208/677 440/195/665
f 442/197/667 454/210/679 453/209/678 441/196/666
f 443/198/668 455/211/680 454/210/679 442/197/667
f 444/199/669 456/212/681 455/211/680 443/198/668
f 445/200/670 457/213/682 456/212/681 444/199/669
f 446/201/671 458/214/683 457/213/682 445/200/670
f 447/202/672 459/215/684 458/214/683 446/201/671
f 448/191/662 460/204/674 459/215/684 447/202/672
f 449/203/673 461/216/685 472/217/686 460/204/674
f 450/205/675 462/218/687 461/219/685 449/206/673
f 451/207/676 463/220/688 462/218/687 450/205/675
f 452/208/677 464/221/689 463/220/688 451/207/676
f 453/209/678 465/222/690 464/221/689 452/208/677
f 454/210/679 466/223/691 465/222/690 453/209/678
f 455/211/680 467/224/692 466/223/691 454/210/679
f 456/212/681 468/225/693 467/224/692 455/211/680
f 457/213/682 469/226/694 468/225/693 456/212/681
f 458/214/683 470/227/695 469/226/694 457/213/682
f 459/215/684 471/228/696 470/227/695 458/214/683
f 460/204/674 472/217/686 471/228/696 459/215/684
f 461/216/685 473/229/697 484/230/698 472/217/686
f 462/218/687 474/231/699 473/232/697 461/219/685
f 463/220/688 475/233/700 474/231/699 462/218/687
f 464/221/689 476/234/701 475/233/700 463/220/688
f 465/222/690 477/235/702 476/234/701 464/221/689
f 466/223/691 478/236/703 477/235/702 465/222/690
f 467/224/692 479/237/704 478/236/703 466/223/691
f 468/225/693 480/238/705 479/237/704 467/224/692
f 469/226/694 481/239/706 480/238/705 468/225/693
f 470/227/695 482/240/707 481/239/706 469/226/694
f 471/228/696 483/241/708 482/240/707 470/227/695
f 472/217/686 484/230/698 483/241/708 471/228/696
f 473/229/697 485/21/709 496/242/710 484/230/698
f 474/231/699 486/243/711 485/24/709 473/232/697
f 475/233/700 487/244/511 486/243/711 474/231/699
f 476/234/701 488/23/712 487/244/511 475/233/700
f 477/235/702 489/245/713 488/23/712 476/234/701
f 478/236/703 490/246/714 489/245/713 477/235/702
f 479/237/704 491/25/715 490/246/714 478/236/703
f 480/238/705 492/247/716 491/25/715 479/237/704
f 481/239/706 493/248/523 492/247/716 480/238/705
f 482/240/707 494/22/717 493/248/523 481/239/706
f 483/241/708 495/249/718 494/22/717 482/240/707
f 484/230/698 496/242/710 495/249/718 483/241/708
o Red_wire.001
v 4.144608 0.075311 0.501303
v 4.142579 0.077335 0.502431
v 4.140810 0.075014 0.503415
v 4.142839 0.072990 0.502287
v 4.221692 0.075310 0.639933
v 4.219586 0.077335 0.640908
v 4.217740 0.075014 0.641738
v 4.219846 0.072990 0.640763
v 4.241002 0.074708 0.692786
v 4.238778 0.076736 0.693438
v 4.236814 0.074419 0.693947
v 4.239038 0.072391 0.693294
v 4.257510 0.077551 0.733100
v 4.255337 0.079651 0.733207
v 4.253429 0.077409 0.733169
v 4.255597 0.075306 0.733063
v 4.266809 0.083333 0.773841
v 4.264306 0.085280 0.773751
v 4.262616 0.083161 0.773338
v 4.265133 0.081221 0.773423
v 2.223722 0.076317 -0.116674
v 2.223722 0.074592 -0.119224
v 2.223721 0.072041 -0.117499
v 2.223722 0.073767 -0.114949
v 2.065102 0.076311 -0.116675
v 2.065274 0.074592 -0.119224
v 2.065445 0.072047 -0.117498
v 2.065274 0.073767 -0.114949
v 2.009527 0.067638 -0.118349
v 2.010037 0.065972 -0.120888
v 2.010546 0.063481 -0.119152
v 2.010037 0.065147 -0.116612
v 1.967251 0.054084 -0.120965
v 1.968228 0.052586 -0.123472
v 1.969206 0.050263 -0.121703
v 1.968228 0.051761 -0.119195
v 1.931111 0.028979 -0.125811
v 1.932369 0.027647 -0.128286
v 1.933629 0.025489 -0.126484
v 1.932369 0.026821 -0.124009
v 2.223722 0.076263 -0.121473
v 2.223722 0.074442 -0.123957
v 2.223721 0.071958 -0.122136
v 2.223722 0.073779 -0.119652
v 2.065102 0.076256 -0.121474
v 2.065274 0.074442 -0.123957
v 2.065445 0.071965 -0.122135
v 2.065274 0.073779 -0.119652
v 2.009527 0.067526 -0.122819
v 2.010037 0.065766 -0.125294
v 2.010547 0.063342 -0.123464
v 2.010037 0.065103 -0.120989
v 1.966270 0.063111 -0.126726
v 1.967232 0.061667 -0.129204
v 1.968194 0.059568 -0.127378
v 1.967232 0.061004 -0.124900
v 1.926145 0.052990 -0.134929
v 1.927440 0.051326 -0.137299
v 1.928623 0.049616 -0.135512
v 1.927324 0.051296 -0.133146
v 2.223721 0.074734 -0.119604
v 2.223721 0.074938 -0.116531
v 2.223722 0.078011 -0.116735
v 2.223721 0.077806 -0.119808
v 2.065102 0.074739 -0.119599
v 2.065274 0.074938 -0.116531
v 2.065445 0.078006 -0.116740
v 2.065274 0.077806 -0.119808
v 2.009526 0.078291 -0.113782
v 2.010037 0.078500 -0.110749
v 2.010546 0.081575 -0.110993
v 2.010037 0.081368 -0.114026
v 1.967250 0.084412 -0.104690
v 1.968228 0.084320 -0.101770
v 1.969206 0.087339 -0.102128
v 1.968228 0.087426 -0.105047
v 1.931111 0.091130 -0.102848
v 1.932369 0.090581 -0.100287
v 1.933629 0.093521 -0.100508
v 1.932369 0.094093 -0.103080
v 2.223721 0.074435 -0.123471
v 2.223721 0.071653 -0.124792
v 2.223721 0.070332 -0.122009
v 2.223721 0.073115 -0.120689
v 2.065102 0.074429 -0.123469
v 2.065274 0.071653 -0.124792
v 2.065445 0.070339 -0.122011
v 2.065274 0.073115 -0.120689
v 2.009526 0.066109 -0.120504
v 2.010036 0.063383 -0.121845
v 2.010546 0.062120 -0.119083
v 2.010037 0.064846 -0.117742
v 1.967250 0.053105 -0.115870
v 1.968228 0.050541 -0.117268
v 1.969206 0.049439 -0.114564
v 1.968228 0.052004 -0.113166
v 1.931657 0.040228 -0.107651
v 1.932907 0.037641 -0.109099
v 1.934157 0.036524 -0.106446
v 1.932907 0.039103 -0.104997
v 2.223721 0.076149 -0.118554
v 2.223721 0.076216 -0.121633
v 2.223721 0.073137 -0.121699
v 2.223721 0.073071 -0.118620
v 2.065102 0.076145 -0.118559
v 2.065273 0.076216 -0.121633
v 2.065445 0.073141 -0.121694
v 2.065273 0.073071 -0.118620
v 2.009526 0.070035 -0.124937
v 2.010036 0.070143 -0.127972
v 2.010546 0.067106 -0.127995
v 2.010036 0.066998 -0.124959
v 1.967250 0.060485 -0.134906
v 1.968228 0.060712 -0.137817
v 1.969206 0.057793 -0.137716
v 1.968228 0.057567 -0.134805
v 1.931111 0.042799 -0.153370
v 1.932369 0.043142 -0.156160
v 1.933628 0.040340 -0.155937
v 1.932369 0.039997 -0.153147
v 2.223722 0.075246 -0.118265
v 2.223721 0.076662 -0.121001
v 2.223721 0.073926 -0.122416
v 2.223721 0.072511 -0.119680
v 2.065102 0.075244 -0.118272
v 2.065274 0.076662 -0.121001
v 2.065445 0.073928 -0.122409
v 2.065274 0.072511 -0.119680
v 2.009527 0.072567 -0.126689
v 2.010037 0.074000 -0.129366
v 2.010546 0.071283 -0.130724
v 2.010036 0.069849 -0.128046
v 1.967250 0.068382 -0.139843
v 1.968228 0.069867 -0.142358
v 1.969206 0.067202 -0.143551
v 1.968228 0.065716 -0.141038
v 1.931111 0.060630 -0.164208
v 1.932369 0.062166 -0.166562
v 1.933629 0.059553 -0.167596
v 1.932369 0.058016 -0.165242
v 2.223721 0.071815 -0.123411
v 2.223721 0.068793 -0.124001
v 2.223721 0.068203 -0.120978
v 2.223721 0.071225 -0.120388
v 2.065102 0.071810 -0.123407
v 2.065273 0.068793 -0.124001
v 2.065445 0.068208 -0.120982
v 2.065273 0.071225 -0.120388
v 2.009526 0.064483 -0.118474
v 2.010036 0.061511 -0.119098
v 2.010546 0.060971 -0.116110
v 2.010036 0.063943 -0.115485
v 1.967250 0.053032 -0.110765
v 1.968228 0.050202 -0.111485
v 1.969206 0.049804 -0.108592
v 1.968228 0.052634 -0.107872
v 1.931111 0.031821 -0.096486
v 1.932369 0.029131 -0.097300
v 1.933628 0.028873 -0.094502
v 1.932369 0.031563 -0.093688
v 2.223722 0.076018 -0.118184
v 2.223722 0.078042 -0.120505
v 2.223721 0.075721 -0.122529
v 2.223721 0.073697 -0.120208
v 2.065102 0.076017 -0.118191
v 2.065274 0.078042 -0.120505
v 2.065445 0.075722 -0.122522
v 2.065274 0.073697 -0.120208
v 2.009527 0.075415 -0.127002
v 2.010036 0.077443 -0.129263
v 2.010547 0.075126 -0.131227
v 2.010037 0.073098 -0.128966
v 1.966270 0.078258 -0.132168
v 1.967232 0.080359 -0.134120
v 1.968194 0.078116 -0.135768
v 1.967232 0.076014 -0.133822
v 1.926145 0.084040 -0.143842
v 1.927440 0.085987 -0.145985
v 1.928623 0.083868 -0.147262
v 1.927324 0.081928 -0.145103
v 2.223721 0.070961 -0.126972
v 2.223721 0.069469 -0.124278
v 2.223722 0.072163 -0.122786
v 2.223721 0.073655 -0.125480
v 2.065102 0.070963 -0.126965
v 2.065274 0.069469 -0.124278
v 2.065445 0.072162 -0.122793
v 2.065273 0.073655 -0.125480
v 2.009527 0.073401 -0.118476
v 2.010036 0.071892 -0.115840
v 2.010546 0.074570 -0.114407
v 2.010037 0.076079 -0.117042
v 1.967250 0.077212 -0.105208
v 1.968228 0.075656 -0.102737
v 1.969206 0.078286 -0.101468
v 1.968228 0.079841 -0.103939
v 1.931657 0.084609 -0.091841
v 1.932907 0.083000 -0.089350
v 1.934157 0.085579 -0.088069
v 1.932907 0.087187 -0.090553
v 2.223721 0.066301 -0.123799
v 2.223721 0.064242 -0.121509
v 2.223721 0.066532 -0.119450
v 2.223721 0.068591 -0.121740
v 2.065102 0.066301 -0.123792
v 2.065273 0.064242 -0.121509
v 2.065445 0.066532 -0.119457
v 2.065273 0.068591 -0.121740
v 2.009526 0.066771 -0.114972
v 2.010036 0.064709 -0.112743
v 2.010546 0.066995 -0.110745
v 2.010036 0.069057 -0.112974
v 1.966270 0.063849 -0.109851
v 1.967232 0.061720 -0.107931
v 1.968194 0.063936 -0.106249
v 1.967232 0.066068 -0.108162
v 1.926145 0.057890 -0.098266
v 1.927440 0.055911 -0.096152
v 1.928622 0.058011 -0.094844
v 1.927324 0.059983 -0.096972
v 2.223721 0.068012 -0.119341
v 2.223721 0.071089 -0.119212
v 2.223721 0.071218 -0.122288
v 2.223721 0.068141 -0.122418
v 2.065102 0.068017 -0.119346
v 2.065273 0.071089 -0.119212
v 2.065445 0.071213 -0.122284
v 2.065273 0.068141 -0.122418
v 2.009526 0.074519 -0.125323
v 2.010036 0.077551 -0.125153
v 2.010546 0.077636 -0.128189
v 2.010036 0.074604 -0.128359
v 1.966270 0.080328 -0.126332
v 1.967232 0.083165 -0.125912
v 1.968194 0.083050 -0.128692
v 1.967232 0.080217 -0.129118
v 1.926145 0.093055 -0.129114
v 1.927440 0.095945 -0.128933
v 1.928622 0.095617 -0.131385
v 1.927324 0.092720 -0.131550
v 2.223722 0.076317 -0.116674
v 2.223722 0.074592 -0.119224
v 2.223721 0.072041 -0.117499
v 2.223722 0.073767 -0.114949
v 2.065102 0.076311 -0.116675
v 2.065274 0.074592 -0.119224
v 2.065445 0.072047 -0.117498
v 2.065274 0.073767 -0.114949
v 2.009527 0.067638 -0.118349
v 2.010037 0.065972 -0.120888
v 2.010546 0.063481 -0.119152
v 2.010037 0.065147 -0.116612
v 1.968820 0.062254 -0.118984
v 1.969774 0.060627 -0.121524
v 1.970752 0.058108 -0.119757
v 1.969797 0.059707 -0.117213
v 1.929946 0.049123 -0.123112
v 1.931217 0.046941 -0.125500
v 1.932498 0.044665 -0.123868
v 1.931229 0.046650 -0.121368
v 2.223721 0.073561 -0.113990
v 2.223721 0.074962 -0.116732
v 2.223721 0.072220 -0.118134
v 2.223721 0.070818 -0.115391
v 2.065102 0.073558 -0.113996
v 2.065274 0.074962 -0.116732
v 2.065445 0.072222 -0.118127
v 2.065274 0.070818 -0.115391
v 2.009527 0.070839 -0.122400
v 2.010036 0.072260 -0.125084
v 2.010546 0.069536 -0.126428
v 2.010036 0.068116 -0.123744
v 1.968820 0.068797 -0.127423
v 1.969774 0.070237 -0.130073
v 1.970752 0.067474 -0.131426
v 1.969797 0.066018 -0.128798
v 1.929946 0.066076 -0.140916
v 1.931217 0.067114 -0.143979
v 1.932498 0.064586 -0.145185
v 1.931229 0.063355 -0.142239
v 2.086624 0.075249 -0.126154
v 2.086624 0.077891 -0.123511
v 2.086624 0.078859 -0.119901
v 2.086624 0.077891 -0.116291
v 2.086624 0.075249 -0.113648
v 2.086624 0.071639 -0.112681
v 2.086624 0.068028 -0.113648
v 2.086624 0.065385 -0.116291
v 2.086624 0.064418 -0.119901
v 2.086624 0.065385 -0.123511
v 2.086624 0.068028 -0.126154
v 2.086624 0.071638 -0.127121
v 2.530372 0.075249 -0.126153
v 2.530346 0.077891 -0.123511
v 2.530310 0.078859 -0.119901
v 2.530275 0.077891 -0.116291
v 2.530249 0.075249 -0.113648
v 2.530239 0.071639 -0.112681
v 2.530249 0.068028 -0.113648
v 2.530275 0.065385 -0.116291
v 2.530310 0.064418 -0.119901
v 2.530346 0.065385 -0.123511
v 2.530372 0.068028 -0.126154
v 2.530382 0.071639 -0.127121
v 2.688024 0.075249 -0.123045
v 2.687935 0.077891 -0.120404
v 2.687814 0.078859 -0.116796
v 2.687692 0.077891 -0.113188
v 2.687603 0.075249 -0.110546
v 2.687571 0.071639 -0.109580
v 2.687603 0.068028 -0.110547
v 2.687692 0.065385 -0.113188
v 2.687814 0.064418 -0.116796
v 2.687935 0.065385 -0.120404
v 2.688024 0.068028 -0.123045
v 2.688056 0.071639 -0.124012
v 2.845528 0.075249 -0.115542
v 2.845376 0.077891 -0.112904
v 2.845169 0.078859 -0.109300
v 2.844962 0.077891 -0.105696
v 2.844810 0.075249 -0.103057
v 2.844754 0.071639 -0.102092
v 2.844810 0.068028 -0.103057
v 2.844962 0.065385 -0.105696
v 2.845169 0.064418 -0.109300
v 2.845376 0.065385 -0.112904
v 2.845528 0.068028 -0.115542
v 2.845584 0.071639 -0.116508
v 3.007718 0.075249 -0.104608
v 3.007495 0.077891 -0.101974
v 3.007191 0.078859 -0.098377
v 3.006886 0.077891 -0.094780
v 3.006664 0.075249 -0.092146
v 3.006582 0.071639 -0.091182
v 3.006664 0.068028 -0.092146
v 3.006886 0.065385 -0.094780
v 3.007191 0.064418 -0.098377
v 3.007495 0.065385 -0.101974
v 3.007718 0.068028 -0.104608
v 3.007800 0.071639 -0.105572
v 3.161210 0.075249 -0.088974
v 3.160879 0.077891 -0.086352
v 3.160426 0.078859 -0.082770
v 3.159974 0.077891 -0.079189
v 3.159642 0.075249 -0.076567
v 3.159521 0.071639 -0.075607
v 3.159642 0.068028 -0.076567
v 3.159974 0.065385 -0.079189
v 3.160426 0.064418 -0.082770
v 3.160879 0.065385 -0.086352
v 3.161210 0.068028 -0.088974
v 3.161331 0.071639 -0.089934
v 3.313766 0.075249 -0.065932
v 3.313327 0.077891 -0.063326
v 3.312726 0.078859 -0.059766
v 3.312126 0.077891 -0.056206
v 3.311687 0.075249 -0.053599
v 3.311526 0.071639 -0.052646
v 3.311687 0.068028 -0.053599
v 3.312126 0.065385 -0.056206
v 3.312726 0.064418 -0.059766
v 3.313327 0.065385 -0.063326
v 3.313766 0.068028 -0.065932
v 3.313926 0.071639 -0.066886
v 3.396881 0.075249 -0.050454
v 3.396330 0.077891 -0.047869
v 3.395576 0.078859 -0.044338
v 3.394823 0.077891 -0.040808
v 3.394272 0.075249 -0.038223
v 3.394070 0.071639 -0.037277
v 3.394272 0.068028 -0.038223
v 3.394823 0.065385 -0.040808
v 3.395576 0.064418 -0.044338
v 3.396330 0.065385 -0.047869
v 3.396881 0.068028 -0.050454
v 3.397083 0.071639 -0.051400
v 3.465283 0.075249 -0.033978
v 3.464568 0.077891 -0.031434
v 3.463593 0.078859 -0.027958
v 3.462617 0.077891 -0.024482
v 3.461902 0.075249 -0.021938
v 3.461640 0.071639 -0.021007
v 3.461902 0.068028 -0.021938
v 3.462617 0.065385 -0.024482
v 3.463593 0.064418 -0.027958
v 3.464568 0.065385 -0.031434
v 3.465282 0.068028 -0.033978
v 3.465544 0.071639 -0.034909
v 3.543850 0.075249 -0.008714
v 3.542961 0.077891 -0.006225
v 3.541747 0.078859 -0.002825
v 3.540533 0.077891 0.000575
v 3.539644 0.075249 0.003063
v 3.539319 0.071639 0.003975
v 3.539644 0.068028 0.003063
v 3.540533 0.065385 0.000575
v 3.541747 0.064418 -0.002825
v 3.542961 0.065385 -0.006225
v 3.543850 0.068028 -0.008714
v 3.544175 0.071639 -0.009625
v 3.620648 0.075249 0.021506
v 3.619589 0.077891 0.023927
v 3.618142 0.078859 0.027235
v 3.616696 0.077891 0.030542
v 3.615637 0.075249 0.032963
v 3.615249 0.071639 0.033850
v 3.615637 0.068028 0.032963
v 3.616695 0.065385 0.030542
v 3.618142 0.064418 0.027235
v 3.619589 0.065385 0.023927
v 3.620648 0.068028 0.021506
v 3.621036 0.071639 0.020619
v 3.684012 0.075249 0.052086
v 3.682801 0.077891 0.054435
v 3.681148 0.078859 0.057644
v 3.679494 0.077891 0.060854
v 3.678284 0.075249 0.063203
v 3.677840 0.071639 0.064063
v 3.678284 0.068028 0.063203
v 3.679494 0.065385 0.060854
v 3.681148 0.064418 0.057644
v 3.682801 0.065385 0.054435
v 3.684012 0.068028 0.052086
v 3.684455 0.071639 0.051226
v 3.782380 0.075249 0.106073
v 3.781006 0.077891 0.108331
v 3.779131 0.078859 0.111416
v 3.777255 0.077891 0.114500
v 3.775881 0.075249 0.116758
v 3.775379 0.071639 0.117584
v 3.775881 0.068028 0.116758
v 3.777255 0.065385 0.114500
v 3.779131 0.064418 0.111416
v 3.781006 0.065385 0.108331
v 3.782380 0.068028 0.106073
v 3.782883 0.071639 0.105247
v 3.869486 0.075249 0.164523
v 3.867873 0.077891 0.166618
v 3.865670 0.078859 0.169477
v 3.863467 0.077891 0.172337
v 3.861854 0.075249 0.174431
v 3.861264 0.071639 0.175197
v 3.861854 0.068028 0.174431
v 3.863467 0.065385 0.172337
v 3.865670 0.064418 0.169477
v 3.867873 0.065385 0.166618
v 3.869486 0.068028 0.164523
v 3.870076 0.071639 0.163758
v 3.960859 0.075249 0.244957
v 3.959004 0.077891 0.246839
v 3.956470 0.078859 0.249410
v 3.953935 0.077891 0.251981
v 3.952081 0.075249 0.253863
v 3.951401 0.071639 0.254553
v 3.952080 0.068028 0.253863
v 3.953935 0.065385 0.251981
v 3.956470 0.064418 0.249410
v 3.959004 0.065385 0.246839
v 3.960859 0.068028 0.244957
v 3.961538 0.071638 0.244268
v 4.042604 0.075249 0.335158
v 4.040534 0.077891 0.336801
v 4.037707 0.078859 0.339045
v 4.034879 0.077891 0.341289
v 4.032809 0.075249 0.342932
v 4.032051 0.071639 0.343533
v 4.032808 0.068028 0.342932
v 4.034879 0.065385 0.341289
v 4.037707 0.064418 0.339045
v 4.040534 0.065385 0.336801
v 4.042604 0.068028 0.335158
v 4.043363 0.071639 0.334557
v 4.102308 0.075249 0.421409
v 4.100071 0.077891 0.422816
v 4.097013 0.078859 0.424735
v 4.093956 0.077891 0.426656
v 4.091719 0.075249 0.428062
v 4.090899 0.071639 0.428576
v 4.091719 0.068028 0.428062
v 4.093956 0.065385 0.426656
v 4.097013 0.064418 0.424736
v 4.100071 0.065385 0.422816
v 4.102308 0.068028 0.421409
v 4.103127 0.071639 0.420895
v 4.221851 0.075249 0.631956
v 4.219553 0.077891 0.633261
v 4.216413 0.078859 0.635043
v 4.213274 0.077891 0.636825
v 4.210976 0.075249 0.638130
v 4.210135 0.071639 0.638608
v 4.210976 0.068029 0.638130
v 4.213274 0.065385 0.636825
v 4.216413 0.064418 0.635043
v 4.219553 0.065385 0.633261
v 4.221851 0.068029 0.631956
v 4.222692 0.071639 0.631478
v 2.223722 0.076317 -0.116674
v 2.223722 0.074592 -0.119224
v 2.223721 0.072041 -0.117499
v 2.223722 0.073767 -0.114949
v 2.065102 0.076311 -0.116675
v 2.065274 0.074592 -0.119224
v 2.065445 0.072047 -0.117498
v 2.065274 0.073767 -0.114949
v 2.009527 0.067638 -0.118349
v 2.010037 0.065972 -0.120888
v 2.010546 0.063481 -0.119152
v 2.010037 0.065147 -0.116612
v 1.967251 0.054084 -0.120965
v 1.968228 0.052586 -0.123472
v 1.969206 0.050263 -0.121703
v 1.968228 0.051761 -0.119195
v 1.931111 0.028979 -0.125811
v 1.932369 0.027647 -0.128286
v 1.933629 0.025489 -0.126484
v 1.932369 0.026821 -0.124009
v 2.223722 0.076263 -0.121473
v 2.223722 0.074442 -0.123957
v 2.223721 0.071958 -0.122136
v 2.223722 0.073779 -0.119652
v 2.065102 0.076256 -0.121474
v 2.065274 0.074442 -0.123957
v 2.065445 0.071965 -0.122135
v 2.065274 0.073779 -0.119652
v 2.009527 0.067526 -0.122819
v 2.010037 0.065766 -0.125294
v 2.010547 0.063342 -0.123464
v 2.010037 0.065103 -0.120989
v 1.966270 0.063111 -0.126726
v 1.967232 0.061667 -0.129204
v 1.968194 0.059568 -0.127378
v 1.967232 0.061004 -0.124900
v 1.926145 0.052990 -0.134929
v 1.927440 0.051326 -0.137299
v 1.928623 0.049616 -0.135512
v 1.927324 0.051296 -0.133146
v 2.223721 0.074435 -0.123471
v 2.223721 0.071653 -0.124792
v 2.223721 0.070332 -0.122009
v 2.223721 0.073115 -0.120689
v 2.065102 0.074429 -0.123469
v 2.065274 0.071653 -0.124792
v 2.065445 0.070339 -0.122011
v 2.065274 0.073115 -0.120689
v 2.009526 0.066109 -0.120504
v 2.010036 0.063383 -0.121845
v 2.010546 0.062120 -0.119083
v 2.010037 0.064846 -0.117742
v 1.967250 0.053105 -0.115870
v 1.968228 0.050541 -0.117268
v 1.969206 0.049439 -0.114564
v 1.968228 0.052004 -0.113166
v 1.931657 0.040228 -0.107651
v 1.932907 0.037641 -0.109099
v 1.934157 0.036524 -0.106446
v 1.932907 0.039103 -0.104997
v 2.223721 0.076149 -0.118554
v 2.223721 0.076216 -0.121633
v 2.223721 0.073137 -0.121699
v 2.223721 0.073071 -0.118620
v 2.065102 0.076145 -0.118559
v 2.065273 0.076216 -0.121633
v 2.065445 0.073141 -0.121694
v 2.065273 0.073071 -0.118620
v 2.009526 0.070035 -0.124937
v 2.010036 0.070143 -0.127972
v 2.010546 0.067106 -0.127995
v 2.010036 0.066998 -0.124959
v 1.967250 0.060485 -0.134906
v 1.968228 0.060712 -0.137817
v 1.969206 0.057793 -0.137716
v 1.968228 0.057567 -0.134805
v 1.931111 0.042799 -0.153370
v 1.932369 0.043142 -0.156160
v 1.933628 0.040340 -0.155937
v 1.932369 0.039997 -0.153147
v 2.223722 0.075246 -0.118265
v 2.223721 0.076662 -0.121001
v 2.223721 0.073926 -0.122416
v 2.223721 0.072511 -0.119680
v 2.065102 0.075244 -0.118272
v 2.065274 0.076662 -0.121001
v 2.065445 0.073928 -0.122409
v 2.065274 0.072511 -0.119680
v 2.009527 0.072567 -0.126689
v 2.010037 0.074000 -0.129366
v 2.010546 0.071283 -0.130724
v 2.010036 0.069849 -0.128046
v 1.967250 0.068382 -0.139843
v 1.968228 0.069867 -0.142358
v 1.969206 0.067202 -0.143551
v 1.968228 0.065716 -0.141038
v 1.931111 0.060630 -0.164208
v 1.932369 0.062166 -0.166562
v 1.933629 0.059553 -0.167596
v 1.932369 0.058016 -0.165242
v 2.223721 0.071815 -0.123411
v 2.223721 0.068793 -0.124001
v 2.223721 0.068203 -0.120978
v 2.223721 0.071225 -0.120388
v 2.065102 0.071810 -0.123407
v 2.065273 0.068793 -0.124001
v 2.065445 0.068208 -0.120982
v 2.065273 0.071225 -0.120388
v 2.009526 0.064483 -0.118474
v 2.010036 0.061511 -0.119098
v 2.010546 0.060971 -0.116110
v 2.010036 0.063943 -0.115485
v 1.967250 0.053032 -0.110765
v 1.968228 0.050202 -0.111485
v 1.969206 0.049804 -0.108592
v 1.968228 0.052634 -0.107872
v 1.931111 0.031821 -0.096486
v 1.932369 0.029131 -0.097300
v 1.933628 0.028873 -0.094502
v 1.932369 0.031563 -0.093688
v 2.223721 0.070961 -0.126972
v 2.223721 0.069469 -0.124278
v 2.223722 0.072163 -0.122786
v 2.223721 0.073655 -0.125480
v 2.065102 0.070963 -0.126965
v 2.065274 0.069469 -0.124278
v 2.065445 0.072162 -0.122793
v 2.065273 0.073655 -0.125480
v 2.009527 0.073401 -0.118476
v 2.010036 0.071892 -0.115840
v 2.010546 0.074570 -0.114407
v 2.010037 0.076079 -0.117042
v 1.967250 0.077212 -0.105208
v 1.968228 0.075656 -0.102737
v 1.969206 0.078286 -0.101468
v 1.968228 0.079841 -0.103939
v 1.931657 0.084609 -0.091841
v 1.932907 0.083000 -0.089350
v 1.934157 0.085579 -0.088069
v 1.932907 0.087187 -0.090553
v 2.223721 0.066301 -0.123799
v 2.223721 0.064242 -0.121509
v 2.223721 0.066532 -0.119450
v 2.223721 0.068591 -0.121740
v 2.065102 0.066301 -0.123792
v 2.065273 0.064242 -0.121509
v 2.065445 0.066532 -0.119457
v 2.065273 0.068591 -0.121740
v 2.009526 0.066771 -0.114972
v 2.010036 0.064709 -0.112743
v 2.010546 0.066995 -0.110745
v 2.010036 0.069057 -0.112974
v 1.966270 0.063849 -0.109851
v 1.967232 0.061720 -0.107931
v 1.968194 0.063936 -0.106249
v 1.967232 0.066068 -0.108162
v 1.926145 0.057890 -0.098266
v 1.927440 0.055911 -0.096152
v 1.928622 0.058011 -0.094844
v 1.927324 0.059983 -0.096972
v 2.223722 0.076317 -0.116674
v 2.223722 0.074592 -0.119224
v 2.223721 0.072041 -0.117499
v 2.223722 0.073767 -0.114949
v 2.065102 0.076311 -0.116675
v 2.065274 0.074592 -0.119224
v 2.065445 0.072047 -0.117498
v 2.065274 0.073767 -0.114949
v 2.009527 0.067638 -0.118349
v 2.010037 0.065972 -0.120888
v 2.010546 0.063481 -0.119152
v 2.010037 0.065147 -0.116612
v 1.968820 0.062254 -0.118984
v 1.969774 0.060627 -0.121524
v 1.970752 0.058108 -0.119757
v 1.969797 0.059707 -0.117213
v 1.929946 0.049123 -0.123112
v 1.931217 0.046941 -0.125500
v 1.932498 0.044665 -0.123868
v 1.931229 0.046650 -0.121368
v 2.223721 0.073561 -0.113990
v 2.223721 0.074962 -0.116732
v 2.223721 0.072220 -0.118134
v 2.223721 0.070818 -0.115391
v 2.065102 0.073558 -0.113996
v 2.065274 0.074962 -0.116732
v 2.065445 0.072222 -0.118127
v 2.065274 0.070818 -0.115391
v 2.009527 0.070839 -0.122400
v 2.010036 0.072260 -0.125084
v 2.010546 0.069536 -0.126428
v 2.010036 0.068116 -0.123744
v 1.968820 0.068797 -0.127423
v 1.969774 0.070237 -0.130073
v 1.970752 0.067474 -0.131426
v 1.969797 0.066018 -0.128798
v 1.929946 0.066076 -0.140916
v 1.931217 0.067114 -0.143979
v 1.932498 0.064586 -0.145185
v 1.931229 0.063355 -0.142239
v 4.145926 0.075610 0.500569
v 4.143698 0.073884 0.501809
v 4.145205 0.071333 0.500971
v 4.147435 0.073059 0.499731
v 4.223016 0.075603 0.639196
v 4.220705 0.073885 0.640285
v 4.222131 0.071340 0.639296
v 4.224442 0.073059 0.638207
v 4.248564 0.066931 0.688580
v 4.246097 0.065265 0.689368
v 4.247367 0.062774 0.688078
v 4.249834 0.064440 0.687290
v 4.266824 0.053377 0.726799
v 4.264158 0.051879 0.727162
v 4.265228 0.049556 0.725448
v 4.267895 0.051054 0.725084
v 4.280153 0.028271 0.760738
v 4.277379 0.026939 0.760841
v 4.278341 0.024782 0.758865
v 4.281116 0.026114 0.758763
v 4.141734 0.075556 0.502902
v 4.139563 0.073735 0.504109
v 4.141154 0.071251 0.503224
v 4.143325 0.073071 0.502017
v 4.218823 0.075549 0.641528
v 4.216570 0.073735 0.642585
v 4.218079 0.071258 0.641550
v 4.220332 0.073071 0.640493
v 4.244658 0.066819 0.690753
v 4.242247 0.065059 0.691509
v 4.243598 0.062635 0.690175
v 4.246009 0.064396 0.689418
v 4.262266 0.062403 0.730456
v 4.259633 0.060960 0.730819
v 4.260761 0.058860 0.729092
v 4.263395 0.060297 0.728727
v 4.274599 0.052283 0.769510
v 4.271898 0.050619 0.769530
v 4.272885 0.048908 0.767628
v 4.275584 0.050589 0.767613
v 4.143367 0.074027 0.501993
v 4.146052 0.074231 0.500500
v 4.145874 0.077304 0.500600
v 4.143188 0.077099 0.502093
v 4.220461 0.074032 0.640617
v 4.223059 0.074231 0.638976
v 4.222793 0.077299 0.638928
v 4.220195 0.077099 0.640569
v 4.252555 0.077583 0.686360
v 4.254958 0.077793 0.684440
v 4.254497 0.080868 0.684114
v 4.252094 0.080661 0.686033
v 4.281047 0.083704 0.718889
v 4.283124 0.083613 0.716615
v 4.282336 0.086632 0.715935
v 4.280260 0.086719 0.718208
v 4.300221 0.090423 0.749578
v 4.301848 0.089874 0.747233
v 4.301044 0.092814 0.746240
v 4.299407 0.093386 0.748591
v 4.139987 0.073728 0.503873
v 4.138832 0.070946 0.504515
v 4.141264 0.069625 0.503163
v 4.142418 0.072407 0.502521
v 4.217079 0.073722 0.642498
v 4.215839 0.070946 0.642991
v 4.218185 0.069632 0.641490
v 4.219425 0.072407 0.640997
v 4.246680 0.065402 0.689628
v 4.245261 0.062676 0.689833
v 4.247427 0.061413 0.688046
v 4.248846 0.064138 0.687839
v 4.271276 0.052398 0.724323
v 4.269580 0.049834 0.724148
v 4.271467 0.048733 0.721979
v 4.273165 0.051296 0.722154
v 4.295759 0.039521 0.751435
v 4.293886 0.036934 0.751047
v 4.295597 0.035818 0.748664
v 4.297471 0.038396 0.749053
v 4.144284 0.075442 0.501483
v 4.141593 0.075508 0.502980
v 4.141536 0.072429 0.503012
v 4.144226 0.072363 0.501516
v 4.221370 0.075437 0.640112
v 4.218600 0.075508 0.641455
v 4.218464 0.072434 0.641336
v 4.221233 0.072363 0.639991
v 4.242806 0.069328 0.691782
v 4.239905 0.069436 0.692811
v 4.239638 0.066399 0.692376
v 4.242538 0.066291 0.691347
v 4.254641 0.059778 0.733574
v 4.251621 0.060005 0.734134
v 4.251234 0.057086 0.733230
v 4.254254 0.056860 0.732670
v 4.256068 0.042091 0.774132
v 4.253018 0.042434 0.774388
v 4.252602 0.039633 0.773180
v 4.255651 0.039290 0.772923
v 4.144536 0.074539 0.501343
v 4.142146 0.075954 0.502673
v 4.140909 0.073219 0.503361
v 4.143300 0.071803 0.502031
v 4.221621 0.074537 0.639973
v 4.219153 0.075954 0.641149
v 4.217838 0.073221 0.641683
v 4.220306 0.071804 0.640507
v 4.241275 0.071859 0.692633
v 4.238687 0.073292 0.693489
v 4.237253 0.070576 0.693703
v 4.239841 0.069143 0.692847
v 4.250325 0.067674 0.735974
v 4.247653 0.069159 0.736341
v 4.246134 0.066495 0.736067
v 4.248806 0.065009 0.735700
v 4.246595 0.059923 0.779400
v 4.243927 0.061459 0.779444
v 4.242412 0.058845 0.778846
v 4.245080 0.057309 0.778802
v 4.140039 0.071108 0.503844
v 4.139524 0.068086 0.504131
v 4.142165 0.067496 0.502662
v 4.142681 0.070518 0.502375
v 4.217133 0.071103 0.642468
v 4.216531 0.068086 0.642607
v 4.219086 0.067501 0.640990
v 4.219687 0.070518 0.640851
v 4.248454 0.063776 0.688642
v 4.247661 0.060803 0.688499
v 4.250024 0.060264 0.686601
v 4.250818 0.063236 0.686743
v 4.275738 0.052325 0.721842
v 4.274633 0.049495 0.721337
v 4.276687 0.049096 0.719077
v 4.277791 0.051926 0.719582
v 4.305781 0.031114 0.746487
v 4.304459 0.028424 0.745782
v 4.306293 0.028166 0.743322
v 4.307615 0.030856 0.744026
v 4.136928 0.070254 0.505575
v 4.139282 0.068762 0.504265
v 4.140586 0.071456 0.503540
v 4.138231 0.072948 0.504850
v 4.214024 0.070256 0.644197
v 4.216289 0.068762 0.642741
v 4.217504 0.071454 0.641869
v 4.215239 0.072948 0.643325
v 4.248453 0.072694 0.688642
v 4.250508 0.071185 0.686915
v 4.251514 0.073862 0.685772
v 4.249458 0.075371 0.687499
v 4.280595 0.076504 0.719141
v 4.282280 0.074948 0.717085
v 4.282914 0.077578 0.715613
v 4.281229 0.079134 0.717669
v 4.309576 0.083901 0.743751
v 4.311145 0.082293 0.741448
v 4.311657 0.084872 0.739733
v 4.310095 0.086480 0.742033
v 4.139700 0.065594 0.504033
v 4.141702 0.063535 0.502920
v 4.143501 0.065825 0.501919
v 4.141500 0.067884 0.503032
v 4.216796 0.065594 0.642655
v 4.218709 0.063535 0.641395
v 4.220419 0.065825 0.640249
v 4.218507 0.067884 0.641508
v 4.251515 0.066064 0.686939
v 4.253216 0.064001 0.685409
v 4.254714 0.066288 0.683993
v 4.253014 0.068350 0.685522
v 4.277014 0.063142 0.722254
v 4.278224 0.061012 0.720480
v 4.279227 0.063229 0.718822
v 4.278022 0.065361 0.720593
v 4.306640 0.057183 0.751691
v 4.307858 0.055204 0.749532
v 4.308427 0.057303 0.747863
v 4.307198 0.059276 0.750032
v 4.143597 0.067305 0.501866
v 4.143710 0.070382 0.501803
v 4.141021 0.070511 0.503298
v 4.140907 0.067434 0.503361
v 4.220683 0.067310 0.640494
v 4.220717 0.070382 0.640279
v 4.217949 0.070506 0.641622
v 4.217915 0.067434 0.641837
v 4.242469 0.073812 0.691969
v 4.242370 0.076844 0.691441
v 4.239469 0.076929 0.692471
v 4.239568 0.073897 0.692999
v 4.262610 0.079621 0.730264
v 4.262509 0.082458 0.729219
v 4.259613 0.082343 0.729730
v 4.259708 0.079510 0.730778
v 4.279680 0.092348 0.766683
v 4.279208 0.095238 0.765464
v 4.276491 0.094910 0.765622
v 4.276978 0.092013 0.766837
v 4.145926 0.075610 0.500569
v 4.143698 0.073884 0.501809
v 4.145205 0.071333 0.500971
v 4.147435 0.073059 0.499731
v 4.223016 0.075603 0.639196
v 4.220705 0.073885 0.640285
v 4.222131 0.071340 0.639296
v 4.224442 0.073059 0.638207
v 4.248564 0.066931 0.688580
v 4.246097 0.065265 0.689368
v 4.247367 0.062774 0.688078
v 4.249834 0.064440 0.687290
v 4.267792 0.061546 0.724464
v 4.265109 0.059920 0.724865
v 4.266178 0.057401 0.723152
v 4.268865 0.059000 0.722750
v 4.283078 0.048415 0.760444
v 4.280373 0.046234 0.760494
v 4.281177 0.043957 0.758582
v 4.283978 0.045943 0.758476
v 4.148272 0.072853 0.499265
v 4.145875 0.074255 0.500598
v 4.144651 0.071513 0.501279
v 4.147048 0.070111 0.499946
v 4.225357 0.072851 0.637894
v 4.222883 0.074255 0.639074
v 4.221581 0.071514 0.639602
v 4.224055 0.070111 0.638423
v 4.245023 0.070132 0.690549
v 4.242430 0.071552 0.691408
v 4.241007 0.068829 0.691616
v 4.243601 0.067409 0.690756
v 4.260417 0.068090 0.728566
v 4.257638 0.069529 0.729019
v 4.255980 0.066766 0.728823
v 4.258740 0.065310 0.728380
v 4.267518 0.065369 0.769097
v 4.264223 0.066408 0.769475
v 4.262547 0.063879 0.768942
v 4.265738 0.062648 0.768619
v 4.145926 0.075610 0.500569
v 4.143698 0.073884 0.501809
v 4.145205 0.071333 0.500971
v 4.147435 0.073059 0.499731
v 4.223016 0.075603 0.639196
v 4.220705 0.073885 0.640285
v 4.222131 0.071340 0.639296
v 4.224442 0.073059 0.638207
v 4.248564 0.066931 0.688580
v 4.246097 0.065265 0.689368
v 4.247367 0.062774 0.688078
v 4.249834 0.064440 0.687290
v 4.266824 0.053377 0.726799
v 4.264158 0.051879 0.727162
v 4.265228 0.049556 0.725448
v 4.267895 0.051054 0.725084
v 4.280153 0.028271 0.760738
v 4.277379 0.026939 0.760841
v 4.278341 0.024782 0.758865
v 4.281116 0.026114 0.758763
v 4.141734 0.075556 0.502902
v 4.139563 0.073735 0.504109
v 4.141154 0.071251 0.503224
v 4.143325 0.073071 0.502017
v 4.218823 0.075549 0.641528
v 4.216570 0.073735 0.642585
v 4.218079 0.071258 0.641550
v 4.220332 0.073071 0.640493
v 4.244658 0.066819 0.690753
v 4.242247 0.065059 0.691509
v 4.243598 0.062635 0.690175
v 4.246009 0.064396 0.689418
v 4.262266 0.062403 0.730456
v 4.259633 0.060960 0.730819
v 4.260761 0.058860 0.729092
v 4.263395 0.060297 0.728727
v 4.274599 0.052283 0.769510
v 4.271898 0.050619 0.769530
v 4.272885 0.048908 0.767628
v 4.275584 0.050589 0.767613
v 4.139987 0.073728 0.503873
v 4.138832 0.070946 0.504515
v 4.141264 0.069625 0.503163
v 4.142418 0.072407 0.502521
v 4.217079 0.073722 0.642498
v 4.215839 0.070946 0.642991
v 4.218185 0.069632 0.641490
v 4.219425 0.072407 0.640997
v 4.246680 0.065402 0.689628
v 4.245261 0.062676 0.689833
v 4.247427 0.061413 0.688046
v 4.248846 0.064138 0.687839
v 4.271276 0.052398 0.724323
v 4.269580 0.049834 0.724148
v 4.271467 0.048733 0.721979
v 4.273165 0.051296 0.722154
v 4.295759 0.039521 0.751435
v 4.293886 0.036934 0.751047
v 4.295597 0.035818 0.748664
v 4.297471 0.038396 0.749053
v 4.144284 0.075442 0.501483
v 4.141593 0.075508 0.502980
v 4.141536 0.072429 0.503012
v 4.144226 0.072363 0.501516
v 4.221370 0.075437 0.640112
v 4.218600 0.075508 0.641455
v 4.218464 0.072434 0.641336
v 4.221233 0.072363 0.639991
v 4.242806 0.069328 0.691782
v 4.239905 0.069436 0.692811
v 4.239638 0.066399 0.692376
v 4.242538 0.066291 0.691347
v 4.254641 0.059778 0.733574
v 4.251621 0.060005 0.734134
v 4.251234 0.057086 0.733230
v 4.254254 0.056860 0.732670
v 4.256068 0.042091 0.774132
v 4.253018 0.042434 0.774388
v 4.252602 0.039633 0.773180
v 4.255651 0.039290 0.772923
v 4.144536 0.074539 0.501343
v 4.142146 0.075954 0.502673
v 4.140909 0.073219 0.503361
v 4.143300 0.071803 0.502031
v 4.221621 0.074537 0.639973
v 4.219153 0.075954 0.641149
v 4.217838 0.073221 0.641683
v 4.220306 0.071804 0.640507
v 4.241275 0.071859 0.692633
v 4.238687 0.073292 0.693489
v 4.237253 0.070576 0.693703
v 4.239841 0.069143 0.692847
v 4.250325 0.067674 0.735974
v 4.247653 0.069159 0.736341
v 4.246134 0.066495 0.736067
v 4.248806 0.065009 0.735700
v 4.246595 0.059923 0.779400
v 4.243927 0.061459 0.779444
v 4.242412 0.058845 0.778846
v 4.245080 0.057309 0.778802
v 4.140039 0.071108 0.503844
v 4.139524 0.068086 0.504131
v 4.142165 0.067496 0.502662
v 4.142681 0.070518 0.502375
v 4.217133 0.071103 0.642468
v 4.216531 0.068086 0.642607
v 4.219086 0.067501 0.640990
v 4.219687 0.070518 0.640851
v 4.248454 0.063776 0.688642
v 4.247661 0.060803 0.688499
v 4.250024 0.060264 0.686601
v 4.250818 0.063236 0.686743
v 4.275738 0.052325 0.721842
v 4.274633 0.049495 0.721337
v 4.276687 0.049096 0.719077
v 4.277791 0.051926 0.719582
v 4.305781 0.031114 0.746487
v 4.304459 0.028424 0.745782
v 4.306293 0.028166 0.743322
v 4.307615 0.030856 0.744026
v 4.136928 0.070254 0.505575
v 4.139282 0.068762 0.504265
v 4.140586 0.071456 0.503540
v 4.138231 0.072948 0.504850
v 4.214024 0.070256 0.644197
v 4.216289 0.068762 0.642741
v 4.217504 0.071454 0.641869
v 4.215239 0.072948 0.643325
v 4.248453 0.072694 0.688642
v 4.250508 0.071185 0.686915
v 4.251514 0.073862 0.685772
v 4.249458 0.075371 0.687499
v 4.280595 0.076504 0.719141
v 4.282280 0.074948 0.717085
v 4.282914 0.077578 0.715613
v 4.281229 0.079134 0.717669
v 4.309576 0.083901 0.743751
v 4.311145 0.082293 0.741448
v 4.311657 0.084872 0.739733
v 4.310095 0.086480 0.742033
v 4.139700 0.065594 0.504033
v 4.141702 0.063535 0.502920
v 4.143501 0.065825 0.501919
v 4.141500 0.067884 0.503032
v 4.216796 0.065594 0.642655
v 4.218709 0.063535 0.641395
v 4.220419 0.065825 0.640249
v 4.218507 0.067884 0.641508
v 4.251515 0.066064 0.686939
v 4.253216 0.064001 0.685409
v 4.254714 0.066288 0.683993
v 4.253014 0.068350 0.685522
v 4.277014 0.063142 0.722254
v 4.278224 0.061012 0.720480
v 4.279227 0.063229 0.718822
v 4.278022 0.065361 0.720593
v 4.306640 0.057183 0.751691
v 4.307858 0.055204 0.749532
v 4.308427 0.057303 0.747863
v 4.307198 0.059276 0.750032
v 4.145926 0.075610 0.500569
v 4.143698 0.073884 0.501809
v 4.145205 0.071333 0.500971
v 4.147435 0.073059 0.499731
v 4.223016 0.075603 0.639196
v 4.220705 0.073885 0.640285
v 4.222131 0.071340 0.639296
v 4.224442 0.073059 0.638207
v 4.248564 0.066931 0.688580
v 4.246097 0.065265 0.689368
v 4.247367 0.062774 0.688078
v 4.249834 0.064440 0.687290
v 4.267792 0.061546 0.724464
v 4.265109 0.059920 0.724865
v 4.266178 0.057401 0.723152
v 4.268865 0.059000 0.722750
v 4.283078 0.048415 0.760444
v 4.280373 0.046234 0.760494
v 4.281177 0.043957 0.758582
v 4.283978 0.045943 0.758476
v 4.148272 0.072853 0.499265
v 4.145875 0.074255 0.500598
v 4.144651 0.071513 0.501279
v 4.147048 0.070111 0.499946
v 4.225357 0.072851 0.637894
v 4.222883 0.074255 0.639074
v 4.221581 0.071514 0.639602
v 4.224055 0.070111 0.638423
v 4.245023 0.070132 0.690549
v 4.242430 0.071552 0.691408
v 4.241007 0.068829 0.691616
v 4.243601 0.067409 0.690756
v 4.260417 0.068090 0.728566
v 4.257638 0.069529 0.729019
v 4.255980 0.066766 0.728823
v 4.258740 0.065310 0.728380
v 4.267518 0.065369 0.769097
v 4.264223 0.066408 0.769475
v 4.262547 0.063879 0.768942
v 4.265738 0.062648 0.768619
vn 0.8719 0.0681 -0.4850
vn 0.9075 0.0681 -0.4145
vn 0.0917 -0.9946 -0.0478
vn 0.0597 -0.9977 -0.0332
vn -0.0597 0.9977 0.0332
vn -0.0276 0.9994 0.0185
vn -0.8719 -0.0682 0.4849
vn -0.9075 -0.0680 0.4146
vn 0.9304 0.0445 -0.3638
vn 0.0562 -0.9984 0.0104
vn -0.0778 0.9970 0.0028
vn -0.9275 -0.0770 0.3658
vn 0.9543 0.0464 -0.2952
vn 0.1201 -0.9911 0.0578
vn -0.0547 0.9933 -0.1022
vn -0.9421 -0.0774 0.3264
vn 0.8340 0.0862 0.5450
vn 0.1411 -0.8060 0.5748
vn -0.0112 0.8223 0.5690
vn -0.7919 -0.0452 0.6090
vn -0.0000 0.9819 0.1894
vn -0.0788 0.9788 0.1889
vn -0.0028 -0.1547 0.9880
vn -0.0000 -0.1894 0.9819
vn -0.0000 0.1895 -0.9819
vn -0.0028 0.2240 -0.9746
vn -0.0000 -0.9819 -0.1895
vn 0.0787 -0.9788 -0.1889
vn -0.2344 0.9545 0.1842
vn -0.0084 -0.1556 0.9878
vn -0.0084 0.2232 -0.9747
vn 0.2342 -0.9546 -0.1843
vn -0.4490 0.8773 0.1693
vn -0.0301 -0.1301 0.9910
vn -0.0301 0.2480 -0.9683
vn 0.4491 -0.8773 -0.1694
vn -0.9426 0.3279 0.0632
vn -0.4719 -0.4828 0.7377
vn -0.4719 -0.1736 -0.8644
vn 0.0023 -0.9819 -0.1896
vn -0.0000 0.9883 0.1523
vn -0.0788 0.9853 0.1519
vn -0.0028 -0.1173 0.9931
vn -0.0000 -0.1522 0.9883
vn -0.0000 0.1524 -0.9883
vn -0.0028 0.1871 -0.9823
vn -0.0000 -0.9883 -0.1522
vn 0.0787 -0.9853 -0.1518
vn -0.1343 0.9756 0.1738
vn -0.0364 -0.1760 0.9837
vn 0.0354 0.1511 -0.9879
vn 0.1310 -0.9812 -0.1418
vn -0.2058 0.9638 0.1692
vn -0.1089 -0.1424 0.9838
vn 0.1159 0.2197 -0.9687
vn 0.1726 -0.9750 -0.1399
vn -0.8816 0.4716 0.0177
vn -0.5710 -0.3291 0.7521
vn -0.4918 -0.0990 -0.8651
vn -0.1473 -0.9739 -0.1726
vn -0.0000 -0.7524 -0.6587
vn -0.0590 -0.7466 -0.6627
vn -0.0189 0.6389 -0.7691
vn -0.0000 0.6587 -0.7524
vn -0.0000 -0.6586 0.7525
vn 0.0173 -0.6783 0.7346
vn -0.0000 0.7525 0.6586
vn 0.0576 0.7573 0.6505
vn -0.1820 -0.7332 -0.6552
vn -0.0522 0.6455 -0.7619
vn 0.0456 -0.6884 0.7239
vn 0.1778 0.7429 0.6454
vn -0.1984 -0.7336 -0.6499
vn 0.0098 0.6990 -0.7150
vn -0.0135 -0.6649 0.7468
vn 0.2022 0.6940 0.6909
vn -0.8800 -0.3328 -0.3390
vn -0.5099 0.7188 -0.4725
vn -0.5334 -0.4690 0.7039
vn -0.2173 0.6976 0.6827
vn -0.0000 0.9420 -0.3357
vn -0.0788 0.9390 -0.3347
vn -0.0028 0.3688 0.9295
vn -0.0000 0.3358 0.9419
vn -0.0000 -0.3357 -0.9420
vn -0.0028 -0.3022 -0.9532
vn -0.0000 -0.9420 0.3357
vn 0.0787 -0.9390 0.3347
vn -0.2344 0.9157 -0.3263
vn -0.0084 0.3679 0.9298
vn -0.0084 -0.3030 -0.9529
vn 0.2342 -0.9158 0.3264
vn -0.3522 0.8746 -0.3331
vn 0.0375 0.3686 0.9288
vn -0.0443 -0.3329 -0.9419
vn 0.3462 -0.8901 0.2963
vn -0.8896 0.4415 -0.1173
vn -0.4892 0.0440 0.8711
vn -0.5518 -0.5197 -0.6523
vn -0.1138 -0.9264 0.3590
vn -0.0000 0.6917 0.7222
vn -0.0788 0.6896 0.7199
vn -0.0028 -0.6972 0.7168
vn -0.0000 -0.7221 0.6918
vn -0.0000 0.7222 -0.6917
vn -0.0028 0.7461 -0.6658
vn -0.0000 -0.6918 -0.7221
vn 0.0787 -0.6897 -0.7198
vn -0.2344 0.6725 0.7020
vn -0.0084 -0.6978 0.7162
vn -0.0084 0.7455 -0.6664
vn 0.2342 -0.6726 -0.7020
vn -0.4490 0.6181 0.6452
vn -0.0301 -0.6790 0.7336
vn -0.0301 0.7620 -0.6468
vn 0.4491 -0.6181 -0.6452
vn -0.9426 0.2310 0.2411
vn -0.4719 -0.8204 0.3231
vn -0.4719 0.3579 -0.8057
vn 0.0022 -0.6918 -0.7221
vn 0.0001 0.3036 0.9528
vn -0.0788 0.3022 0.9500
vn -0.0028 -0.9417 0.3366
vn -0.0000 -0.9529 0.3032
vn -0.0000 0.9529 -0.3033
vn -0.0028 0.9630 -0.2693
vn -0.0000 -0.3032 -0.9529
vn 0.0788 -0.3022 -0.9500
vn -0.2344 0.2947 0.9264
vn -0.0084 -0.9419 0.3358
vn -0.0084 0.9628 -0.2702
vn 0.2342 -0.2947 -0.9264
vn -0.4490 0.2709 0.8515
vn -0.0301 -0.9326 0.3597
vn -0.0301 0.9690 -0.2453
vn 0.4491 -0.2709 -0.8514
vn -0.9426 0.1012 0.3182
vn -0.4719 -0.8788 -0.0712
vn -0.4719 0.6761 -0.5659
vn 0.0023 -0.3032 -0.9529
vn -0.0000 0.8295 -0.5585
vn -0.0788 0.8270 -0.5567
vn -0.0028 0.5873 0.8093
vn -0.0000 0.5584 0.8295
vn -0.0000 -0.5584 -0.8295
vn -0.0028 -0.5288 -0.8487
vn -0.0000 -0.8295 0.5584
vn 0.0787 -0.8270 0.5567
vn -0.2344 0.8065 -0.5429
vn -0.0084 0.5867 0.8098
vn -0.0084 -0.5295 -0.8483
vn 0.2342 -0.8065 0.5429
vn -0.4490 0.7412 -0.4990
vn -0.0301 0.6070 0.7941
vn -0.0301 -0.5074 -0.8612
vn 0.4491 -0.7412 0.4990
vn -0.9426 0.2770 -0.1865
vn -0.4719 0.1783 0.8634
vn -0.4719 -0.7329 -0.4901
vn 0.0022 -0.8295 0.5585
vn -0.0000 0.0682 0.9977
vn -0.0788 0.0680 0.9946
vn -0.0028 -0.9946 0.1033
vn -0.0000 -0.9977 0.0682
vn -0.0000 0.9977 -0.0682
vn -0.0028 0.9995 -0.0330
vn -0.0000 -0.0681 -0.9977
vn 0.0787 -0.0680 -0.9946
vn -0.1343 0.0444 0.9899
vn -0.0364 -0.9984 0.0441
vn 0.0354 0.9970 -0.0693
vn 0.1310 -0.0769 -0.9884
vn -0.2058 0.0464 0.9775
vn -0.1089 -0.9911 0.0769
vn 0.1159 0.9933 0.0018
vn 0.1726 -0.0774 -0.9819
vn -0.8816 0.0862 0.4640
vn -0.5710 -0.8060 -0.1560
vn -0.4918 0.8223 -0.2864
vn -0.1473 -0.0453 -0.9881
vn -0.0000 -0.2761 -0.9611
vn -0.0788 -0.2752 -0.9582
vn -0.0028 0.9508 -0.3098
vn -0.0000 0.9612 -0.2760
vn -0.0000 -0.9611 0.2761
vn -0.0028 -0.9703 0.2420
vn -0.0000 0.2761 0.9611
vn 0.0787 0.2752 0.9582
vn -0.2344 -0.2683 -0.9344
vn -0.0084 0.9510 -0.3090
vn -0.0084 -0.9701 0.2427
vn 0.2342 0.2684 0.9344
vn -0.3522 -0.2776 -0.8938
vn 0.0375 0.9501 -0.3097
vn -0.0443 -0.9609 0.2732
vn 0.3462 0.2399 0.9070
vn -0.8896 -0.0894 -0.4480
vn -0.4892 0.8721 0.0107
vn -0.5518 -0.6835 0.4778
vn -0.1137 0.3002 0.9471
vn -0.0000 -0.0531 -0.9986
vn -0.0788 -0.0529 -0.9955
vn -0.0028 0.9961 -0.0883
vn -0.0000 0.9986 -0.0531
vn -0.0000 -0.9986 0.0532
vn -0.0028 -0.9998 0.0179
vn -0.0000 0.0531 0.9986
vn 0.0787 0.0529 0.9955
vn -0.1343 -0.0294 -0.9905
vn -0.0364 0.9989 -0.0289
vn 0.0354 -0.9979 0.0542
vn 0.1310 0.0619 0.9894
vn -0.2058 -0.0316 -0.9781
vn -0.1089 0.9921 -0.0622
vn 0.1159 -0.9931 -0.0169
vn 0.1726 0.0624 0.9830
vn -0.8816 -0.0792 -0.4653
vn -0.5710 0.8035 0.1682
vn -0.4918 -0.8265 0.2739
vn -0.1474 0.0302 0.9886
vn -0.0000 -0.7362 0.6768
vn -0.0788 -0.7339 0.6747
vn -0.0028 -0.7026 -0.7115
vn -0.0000 -0.6767 -0.7362
vn -0.0000 0.6768 0.7361
vn -0.0028 0.6504 0.7596
vn -0.0000 0.7362 -0.6768
vn 0.0787 0.7339 -0.6747
vn -0.1343 -0.7450 0.6534
vn -0.0364 -0.6584 -0.7518
vn 0.0354 0.6772 0.7350
vn 0.1310 0.7235 -0.6778
vn -0.2058 -0.7341 0.6471
vn -0.1089 -0.6794 -0.7256
vn 0.1159 0.6193 0.7765
vn 0.1726 0.7182 -0.6741
vn -0.8816 -0.3084 0.3573
vn -0.5710 -0.3819 -0.7267
vn -0.4918 0.7374 0.4629
vn -0.1474 0.7430 -0.6528
vn -0.1441 0.9718 0.1864
vn 0.0061 -0.1957 0.9806
vn -0.0043 0.1839 -0.9829
vn 0.1459 -0.9706 -0.1912
vn -0.2411 0.9538 0.1794
vn -0.0164 -0.1428 0.9896
vn 0.0163 0.2287 -0.9734
vn 0.2257 -0.9593 -0.1697
vn -0.8451 0.5296 0.0726
vn -0.5427 -0.3708 0.7536
vn -0.5548 -0.1255 -0.8224
vn -0.1475 -0.9731 -0.1771
vn -0.0000 0.3079 0.9514
vn -0.0788 0.3069 0.9485
vn -0.0028 -0.9400 0.3412
vn -0.0000 -0.9514 0.3078
vn -0.0000 0.9514 -0.3078
vn -0.0028 0.9617 -0.2741
vn -0.0000 -0.3078 -0.9515
vn 0.0787 -0.3069 -0.9485
vn -0.1441 0.3057 0.9412
vn 0.0061 -0.9533 0.3019
vn -0.0043 0.9497 -0.3132
vn 0.1459 -0.3010 -0.9424
vn -0.2411 0.3031 0.9220
vn -0.0164 -0.9356 0.3526
vn 0.0163 0.9629 -0.2694
vn 0.2257 -0.3144 -0.9221
vn -0.8451 0.1920 0.4989
vn -0.5426 -0.8391 0.0387
vn -0.5549 0.6598 -0.5068
vn -0.1474 -0.3146 -0.9377
vn 0.1656 0.9819 -0.0920
vn 0.2034 0.9788 -0.0230
vn 0.8648 -0.1547 -0.4777
vn 0.8581 -0.1897 -0.4772
vn -0.8581 0.1896 0.4772
vn -0.8504 0.2241 0.4761
vn -0.1656 -0.9819 0.0921
vn -0.2034 -0.9788 0.0230
vn 0.2750 0.9545 0.1153
vn 0.8674 -0.1555 -0.4727
vn -0.8478 0.2232 0.4811
vn -0.2748 -0.9546 -0.1152
vn 0.3662 0.8773 0.3101
vn 0.8808 -0.1301 -0.4553
vn -0.8316 0.2480 0.4969
vn -0.3662 -0.8773 -0.3102
vn 0.5133 0.3278 0.7931
vn 0.8741 -0.4828 0.0539
vn -0.5261 -0.1736 0.8325
vn -0.1667 -0.9819 0.0901
vn 0.1332 0.9883 -0.0740
vn 0.1710 0.9853 -0.0050
vn 0.8693 -0.1174 -0.4802
vn 0.8638 -0.1524 -0.4803
vn -0.8637 0.1524 0.4803
vn -0.8572 0.1871 0.4799
vn -0.1332 -0.9883 0.0741
vn -0.1710 -0.9853 0.0050
vn 0.2172 0.9756 0.0329
vn 0.8774 -0.1760 -0.4463
vn -0.8806 0.1511 0.4492
vn -0.1876 -0.9812 -0.0456
vn 0.2479 0.9639 0.0977
vn 0.9127 -0.1424 -0.3829
vn -0.9029 0.2198 0.3695
vn -0.2062 -0.9750 -0.0828
vn 0.4439 0.4716 0.7619
vn 0.9349 -0.3290 0.1335
vn -0.5170 -0.0989 0.8502
vn -0.0792 -0.9739 0.2127
vn -0.5756 -0.7524 0.3201
vn -0.5504 -0.7466 0.3736
vn -0.6630 0.6389 0.3902
vn -0.6576 0.6586 0.3657
vn 0.6577 -0.6586 -0.3657
vn 0.6336 -0.6782 -0.3722
vn 0.5755 0.7525 -0.3200
vn 0.5405 0.7574 -0.3664
vn -0.4841 -0.7333 0.4774
vn -0.6405 0.6455 0.4160
vn 0.6105 -0.6883 -0.3917
vn 0.4776 0.7429 -0.4690
vn -0.4715 -0.7337 0.4893
vn -0.6297 0.6990 0.3389
vn 0.6593 -0.6648 -0.3513
vn 0.5056 0.6940 -0.5126
vn 0.1313 -0.3329 0.9338
vn -0.1650 0.7189 0.6753
vn 0.8744 -0.4690 0.1241
vn 0.7023 0.6976 -0.1419
vn -0.2933 0.9420 0.1631
vn -0.2541 0.9391 0.2314
vn 0.8138 0.3686 -0.4493
vn 0.8233 0.3357 -0.4578
vn -0.8232 -0.3359 0.4578
vn -0.8317 -0.3022 0.4657
vn 0.2933 -0.9420 -0.1631
vn 0.2541 -0.9391 -0.2314
vn -0.1712 0.9158 0.3634
vn 0.8167 0.3678 -0.4446
vn -0.8288 -0.3029 0.4705
vn 0.1713 -0.9158 -0.3632
vn -0.1199 0.8747 0.4697
vn 0.7935 0.3685 -0.4843
vn -0.8017 -0.3329 0.4965
vn 0.0906 -0.8902 -0.4465
vn 0.3299 0.4414 0.8345
vn 0.9990 0.0439 0.0042
vn -0.3019 -0.5197 0.7992
vn 0.3689 -0.9264 -0.0751
vn 0.6312 0.6917 -0.3510
vn 0.6674 0.6896 -0.2810
vn 0.6278 -0.6973 -0.3459
vn 0.6045 -0.7222 -0.3362
vn -0.6045 0.7221 0.3362
vn -0.5806 0.7461 0.3260
vn -0.6311 -0.6918 0.3510
vn -0.6674 -0.6896 0.2811
vn 0.7274 0.6725 -0.1363
vn 0.6300 -0.6978 -0.3407
vn -0.5783 0.7455 0.3312
vn -0.7274 -0.6725 0.1365
vn 0.7821 0.6181 0.0788
vn 0.6557 -0.6790 -0.3302
vn -0.5507 0.7620 0.3407
vn -0.7821 -0.6181 -0.0789
vn 0.6689 0.2309 0.7066
vn 0.5116 -0.8204 0.2554
vn -0.4748 0.3579 0.8040
vn -0.6322 -0.6917 0.3491
vn 0.8328 0.3032 -0.4631
vn 0.8685 0.3022 -0.3929
vn 0.2955 -0.9416 -0.1611
vn 0.2650 -0.9529 -0.1474
vn -0.2649 0.9530 0.1473
vn -0.2340 0.9630 0.1333
vn -0.8328 -0.3031 0.4632
vn -0.8685 -0.3022 0.3929
vn 0.9235 0.2947 -0.2454
vn 0.2976 -0.9419 -0.1558
vn -0.2320 0.9628 0.1386
vn -0.9235 -0.2948 0.2456
vn 0.9624 0.2709 -0.0214
vn 0.3290 -0.9326 -0.1485
vn -0.1997 0.9690 0.1455
vn -0.9624 -0.2709 0.0213
vn 0.7362 0.1012 0.6692
vn 0.1671 -0.8788 0.4470
vn -0.2652 0.6761 0.6874
vn -0.8339 -0.3031 0.4612
vn -0.4881 0.8295 0.2715
vn -0.4483 0.8269 0.3394
vn 0.7087 0.5874 -0.3909
vn 0.7250 0.5585 -0.4031
vn -0.7249 -0.5585 0.4032
vn -0.7404 -0.5289 0.4149
vn 0.4881 -0.8295 -0.2714
vn 0.4483 -0.8269 -0.3394
vn -0.3606 0.8064 0.4687
vn 0.7118 0.5867 -0.3862
vn -0.7372 -0.5295 0.4196
vn 0.3607 -0.8065 -0.4685
vn -0.2179 0.7412 0.6349
vn 0.7087 0.6070 -0.3596
vn -0.7380 -0.5074 0.4449
vn 0.2178 -0.7412 -0.6350
vn 0.2951 0.2770 0.9144
vn 0.9839 0.1784 -0.0073
vn -0.1989 -0.7329 0.6506
vn 0.4870 -0.8295 -0.2733
vn -0.8400 -0.2760 0.4672
vn -0.7991 -0.2751 0.5345
vn -0.2693 0.9508 0.1530
vn -0.2412 0.9612 0.1342
vn 0.2412 -0.9612 -0.1341
vn 0.2127 -0.9703 -0.1151
vn 0.8400 0.2760 -0.4671
vn 0.7991 0.2751 -0.5345
vn -0.7027 -0.2683 0.6590
vn -0.2659 0.9510 0.1575
vn 0.2162 -0.9701 -0.1106
vn 0.7028 0.2683 -0.6588
vn -0.6100 -0.2776 0.7422
vn -0.2889 0.9501 0.1177
vn 0.2603 -0.9609 -0.0941
vn 0.6244 0.2399 -0.7434
vn 0.0409 -0.0894 0.9952
vn 0.2471 0.8721 0.4224
vn 0.6857 -0.6836 0.2501
vn 0.8830 0.3002 -0.3609
vn -0.8727 -0.0530 0.4853
vn -0.8317 -0.0529 0.5526
vn -0.0757 0.9961 0.0453
vn -0.0463 0.9986 0.0257
vn 0.0464 -0.9986 -0.0258
vn 0.0170 -0.9998 -0.0062
vn 0.8727 0.0530 -0.4853
vn 0.8317 0.0528 -0.5526
vn -0.8004 -0.0294 0.5987
vn -0.0076 0.9989 0.0458
vn 0.0302 -0.9979 -0.0573
vn 0.8010 0.0619 -0.5954
vn -0.7548 -0.0315 0.6553
vn -0.0011 0.9921 0.1252
vn -0.0711 -0.9931 -0.0931
vn 0.7752 0.0625 -0.6286
vn 0.0217 -0.0791 0.9966
vn 0.4246 0.8035 0.4172
vn 0.4784 -0.8265 0.2968
vn 0.9356 0.0303 -0.3517
vn 0.5915 -0.7362 -0.3289
vn 0.6279 -0.7339 -0.2591
vn -0.6208 -0.7023 0.3484
vn -0.6434 -0.6768 0.3578
vn 0.6434 0.6768 -0.3578
vn 0.6652 0.6504 -0.3667
vn -0.5915 0.7361 0.3290
vn -0.6279 0.7339 0.2591
vn 0.6363 -0.7450 -0.2002
vn -0.6394 -0.6583 0.3972
vn 0.6251 0.6773 -0.3881
vn -0.6560 0.7235 0.2149
vn 0.6656 -0.7340 -0.1346
vn -0.5812 -0.6794 0.4478
vn 0.6223 0.6194 -0.4787
vn -0.6730 0.7182 0.1768
vn 0.7407 -0.3083 0.5969
vn -0.3576 -0.3821 0.8521
vn 0.6436 0.7374 0.2049
vn -0.4990 0.7430 0.4461
vn 0.2330 0.9718 0.0353
vn 0.8541 -0.1957 -0.4819
vn -0.8569 0.1840 0.4815
vn -0.2380 -0.9706 -0.0346
vn 0.2741 0.9537 0.1235
vn 0.8729 -0.1427 -0.4666
vn -0.8586 0.2288 0.4588
vn -0.2579 -0.9593 -0.1149
vn 0.4742 0.5296 0.7033
vn 0.9223 -0.3710 0.1081
vn -0.4492 -0.1254 0.8846
vn -0.0830 -0.9731 0.2149
vn 0.8315 0.3078 -0.4624
vn 0.8672 0.3069 -0.3921
vn 0.2996 -0.9400 -0.1634
vn 0.2691 -0.9514 -0.1496
vn -0.2691 0.9514 0.1497
vn -0.2382 0.9617 0.1357
vn -0.8314 -0.3080 0.4624
vn -0.8672 -0.3070 0.3921
vn 0.8925 0.3058 -0.3315
vn 0.2609 -0.9533 -0.1520
vn -0.2716 0.9497 0.1560
vn -0.8946 -0.3009 0.3305
vn 0.9229 0.3031 -0.2373
vn 0.3161 -0.9356 -0.1570
vn -0.2433 0.9629 0.1167
vn -0.9156 -0.3143 0.2509
vn 0.8467 0.1920 0.4961
vn 0.2976 -0.8390 0.4555
vn -0.1733 0.6598 0.7312
vn -0.7479 -0.3145 0.5846
vn -0.0000 0.5000 -0.8660
vn 0.0085 0.4993 -0.8664
vn 0.0099 0.0001 -1.0000
vn -0.0000 -0.0000 -1.0000
vn -0.0000 0.8660 -0.5000
vn 0.0049 0.8653 -0.5012
vn -0.0000 1.0000 -0.0000
vn -0.0000 1.0000 -0.0016
vn -0.0000 0.8660 0.5000
vn -0.0049 0.8667 0.4988
vn -0.0000 0.5000 0.8660
vn -0.0085 0.5007 0.8656
vn -0.0000 -0.0000 1.0000
vn -0.0099 -0.0000 1.0000
vn -0.0000 -0.5000 0.8660
vn -0.0085 -0.5007 0.8656
vn -0.0000 -0.8660 0.5001
vn -0.0049 -0.8667 0.4988
vn -0.0000 -1.0000 -0.0000
vn -0.0000 -1.0000 -0.0016
vn -0.0000 -0.8660 -0.5000
vn 0.0049 -0.8653 -0.5012
vn -0.0000 -0.5000 -0.8660
vn 0.0085 -0.4993 -0.8664
vn 0.0292 0.4991 -0.8661
vn 0.0337 -0.0000 -0.9994
vn 0.0169 0.8650 -0.5015
vn 0.0001 1.0000 -0.0023
vn -0.0168 0.8670 0.4980
vn -0.0291 0.5010 0.8649
vn -0.0337 -0.0000 0.9994
vn -0.0291 -0.5010 0.8650
vn -0.0168 -0.8670 0.4980
vn 0.0001 -1.0000 -0.0023
vn 0.0169 -0.8650 -0.5014
vn 0.0292 -0.4990 -0.8661
vn 0.0498 0.4993 -0.8650
vn 0.0574 -0.0000 -0.9983
vn 0.0288 0.8653 -0.5004
vn 0.0001 1.0000 -0.0016
vn -0.0286 0.8667 0.4980
vn -0.0497 0.5007 0.8642
vn -0.0574 -0.0000 0.9983
vn -0.0497 -0.5007 0.8642
vn -0.0286 -0.8667 0.4980
vn 0.0001 -1.0000 -0.0016
vn 0.0288 -0.8653 -0.5004
vn 0.0498 -0.4993 -0.8650
vn 0.0731 0.4988 -0.8636
vn 0.0843 -0.0000 -0.9964
vn 0.0423 0.8648 -0.5003
vn 0.0002 1.0000 -0.0028
vn -0.0420 0.8672 0.4961
vn -0.0729 0.5012 0.8622
vn -0.0843 -0.0000 0.9964
vn -0.0729 -0.5012 0.8623
vn -0.0420 -0.8672 0.4962
vn 0.0002 -1.0000 -0.0028
vn 0.0423 -0.8648 -0.5003
vn 0.0731 -0.4988 -0.8636
vn 0.1087 0.4983 -0.8601
vn 0.1254 -0.0000 -0.9921
vn 0.0631 0.8643 -0.4990
vn 0.0005 1.0000 -0.0040
vn -0.0623 0.8678 0.4931
vn -0.1084 0.5018 0.8582
vn -0.1254 -0.0000 0.9921
vn -0.1085 -0.5017 0.8582
vn -0.0623 -0.8677 0.4931
vn 0.0005 -1.0000 -0.0040
vn 0.0631 -0.8643 -0.4990
vn 0.1087 -0.4983 -0.8602
vn 0.1441 0.4988 -0.8547
vn 0.1662 -0.0000 -0.9861
vn 0.0835 0.8648 -0.4951
vn 0.0005 1.0000 -0.0028
vn -0.0828 0.8672 0.4910
vn -0.1438 0.5012 0.8533
vn -0.1662 -0.0000 0.9861
vn -0.1438 -0.5012 0.8533
vn -0.0828 -0.8672 0.4910
vn 0.0005 -1.0000 -0.0028
vn 0.0835 -0.8648 -0.4951
vn 0.1441 -0.4988 -0.8547
vn 0.1810 0.4982 -0.8480
vn 0.2087 -0.0000 -0.9780
vn 0.1050 0.8642 -0.4921
vn 0.0009 1.0000 -0.0042
vn -0.1037 0.8679 0.4858
vn -0.1805 0.5019 0.8459
vn -0.2086 -0.0000 0.9780
vn -0.1805 -0.5018 0.8459
vn -0.1037 -0.8679 0.4859
vn 0.0009 -1.0000 -0.0042
vn 0.1050 -0.8642 -0.4921
vn 0.1810 -0.4982 -0.8480
vn 0.2345 0.4974 -0.8352
vn 0.2703 -0.0000 -0.9628
vn 0.1364 0.8634 -0.4858
vn 0.0017 1.0000 -0.0059
vn -0.1339 0.8687 0.4769
vn -0.2337 0.5028 0.8322
vn -0.2703 -0.0000 0.9628
vn -0.2337 -0.5027 0.8323
vn -0.1339 -0.8687 0.4769
vn 0.0017 -1.0000 -0.0059
vn 0.1364 -0.8634 -0.4858
vn 0.2345 -0.4974 -0.8352
vn 0.2917 0.4977 -0.8168
vn 0.3363 -0.0000 -0.9418
vn 0.1695 0.8637 -0.4746
vn 0.0018 1.0000 -0.0049
vn -0.1668 0.8683 0.4672
vn -0.2908 0.5023 0.8143
vn -0.3363 -0.0000 0.9417
vn -0.2908 -0.5022 0.8144
vn -0.1669 -0.8682 0.4672
vn 0.0018 -1.0000 -0.0049
vn 0.1695 -0.8637 -0.4746
vn 0.2917 -0.4977 -0.8168
vn 0.3476 0.4974 -0.7948
vn 0.4007 -0.0000 -0.9162
vn 0.2022 0.8634 -0.4623
vn 0.0025 1.0000 -0.0056
vn -0.1985 0.8687 0.4538
vn -0.3464 0.5028 0.7920
vn -0.4007 -0.0000 0.9162
vn -0.3464 -0.5027 0.7920
vn -0.1985 -0.8687 0.4539
vn 0.0025 -1.0000 -0.0056
vn 0.2022 -0.8634 -0.4623
vn 0.3476 -0.4974 -0.7948
vn 0.3972 0.4981 -0.7708
vn 0.4580 -0.0000 -0.8889
vn 0.2305 0.8641 -0.4474
vn 0.0020 1.0000 -0.0038
vn -0.2276 0.8678 0.4417
vn -0.3962 0.5018 0.7689
vn -0.4580 -0.0000 0.8889
vn -0.3962 -0.5018 0.7689
vn -0.2276 -0.8678 0.4417
vn 0.0020 -1.0000 -0.0038
vn 0.2305 -0.8641 -0.4474
vn 0.3972 -0.4981 -0.7708
vn 0.4510 0.4968 -0.7414
vn 0.5197 -0.0000 -0.8544
vn 0.2627 0.8628 -0.4319
vn 0.0038 1.0000 -0.0063
vn -0.2570 0.8692 0.4225
vn -0.4490 0.5032 0.7383
vn -0.5196 -0.0000 0.8544
vn -0.4490 -0.5032 0.7384
vn -0.2570 -0.8691 0.4225
vn 0.0038 -1.0000 -0.0063
vn 0.2627 -0.8628 -0.4319
vn 0.4510 -0.4968 -0.7415
vn 0.5301 0.4956 -0.6881
vn 0.6103 -0.0000 -0.7922
vn 0.3099 0.8615 -0.4023
vn 0.0066 0.9999 -0.0085
vn -0.3001 0.8708 0.3895
vn -0.5267 0.5049 0.6838
vn -0.6102 -0.0000 0.7922
vn -0.5268 -0.5049 0.6838
vn -0.3001 -0.8707 0.3896
vn 0.0066 -0.9999 -0.0085
vn 0.3099 -0.8614 -0.4023
vn 0.5301 -0.4955 -0.6881
vn 0.6096 0.4959 -0.6185
vn 0.7020 -0.0000 -0.7122
vn 0.3559 0.8620 -0.3611
vn 0.0065 1.0000 -0.0066
vn -0.3461 0.8700 0.3512
vn -0.6063 0.5040 0.6151
vn -0.7020 0.0001 0.7122
vn -0.6063 -0.5039 0.6152
vn -0.3462 -0.8700 0.3512
vn 0.0065 -1.0000 -0.0066
vn 0.3559 -0.8619 -0.3611
vn 0.6096 -0.4959 -0.6185
vn 0.6803 0.4955 -0.5400
vn 0.7833 -0.0000 -0.6217
vn 0.3978 0.8614 -0.3157
vn 0.0084 0.9999 -0.0067
vn -0.3851 0.8708 0.3057
vn -0.6761 0.5049 0.5366
vn -0.7833 0.0001 0.6216
vn -0.6762 -0.5048 0.5366
vn -0.3851 -0.8708 0.3057
vn 0.0084 -0.9999 -0.0067
vn 0.3978 -0.8614 -0.3157
vn 0.6804 -0.4955 -0.5400
vn 0.7348 0.4969 -0.4617
vn 0.8468 -0.0000 -0.5320
vn 0.4280 0.8628 -0.2689
vn 0.0062 1.0000 -0.0039
vn -0.4187 0.8692 0.2630
vn -0.7318 0.5032 0.4596
vn -0.8468 -0.0000 0.5319
vn -0.7318 -0.5032 0.4597
vn -0.4187 -0.8692 0.2630
vn 0.0062 -1.0000 -0.0039
vn 0.4280 -0.8628 -0.2689
vn 0.7348 -0.4968 -0.4617
vn 0.7532 0.4999 -0.4276
vn 0.8696 -0.0000 -0.4937
vn 0.4350 0.8659 -0.2470
vn -0.4350 0.8659 0.2469
vn -0.7532 0.4999 0.4276
vn -0.8696 -0.0000 0.4937
vn -0.7532 -0.4998 0.4276
vn -0.4350 -0.8659 0.2469
vn 0.4350 -0.8659 -0.2470
vn 0.7532 -0.4999 -0.4276
vt 0.000000 1.000000
vt 0.250000 1.000000
vt 0.250000 0.750000
vt 0.000000 0.750000
vt 0.000000 0.250000
vt 0.250000 0.250000
vt 0.250000 0.000000
vt 0.000000 0.000000
vt 0.000000 0.500000
vt 0.250000 0.500000
vt 0.500000 1.000000
vt 0.500000 0.750000
vt 0.500000 0.250000
vt 0.500000 0.000000
vt 0.500000 0.500000
vt 0.750000 1.000000
vt 0.750000 0.750000
vt 0.750000 0.250000
vt 0.750000 0.000000
vt 0.750000 0.500000
vt 1.000000 1.000000
vt 1.000000 0.750000
vt 1.000000 0.250000
vt 1.000000 0.000000
vt 1.000000 0.500000
vt 0.058824 1.000000
vt 0.058824 0.916667
vt 0.000000 0.916667
vt 0.000000 0.083333
vt 0.058824 0.083333
vt 0.058824 0.000000
vt 0.000000 0.166667
vt 0.058824 0.166667
vt 0.058824 0.250000
vt 0.000000 0.333333
vt 0.058824 0.333333
vt 0.000000 0.416667
vt 0.058824 0.416667
vt 0.058824 0.500000
vt 0.000000 0.583333
vt 0.058824 0.583333
vt 0.000000 0.666667
vt 0.058824 0.666667
vt 0.058824 0.750000
vt 0.000000 0.833333
vt 0.058824 0.833333
vt 0.117647 1.000000
vt 0.117647 0.916667
vt 0.117647 0.083333
vt 0.117647 0.000000
vt 0.117647 0.166667
vt 0.117647 0.250000
vt 0.117647 0.333333
vt 0.117647 0.416667
vt 0.117647 0.500000
vt 0.117647 0.583333
vt 0.117647 0.666667
vt 0.117647 0.750000
vt 0.117647 0.833333
vt 0.176471 1.000000
vt 0.176471 0.916667
vt 0.176471 0.083333
vt 0.176471 0.000000
vt 0.176471 0.166667
vt 0.176471 0.250000
vt 0.176471 0.333333
vt 0.176471 0.416667
vt 0.176471 0.500000
vt 0.176471 0.583333
vt 0.176471 0.666667
vt 0.176471 0.750000
vt 0.176471 0.833333
vt 0.235294 1.000000
vt 0.235294 0.916667
vt 0.235294 0.083333
vt 0.235294 0.000000
vt 0.235294 0.166667
vt 0.235294 0.250000
vt 0.235294 0.333333
vt 0.235294 0.416667
vt 0.235294 0.500000
vt 0.235294 0.583333
vt 0.235294 0.666667
vt 0.235294 0.750000
vt 0.235294 0.833333
vt 0.294118 1.000000
vt 0.294118 0.916667
vt 0.294118 0.083333
vt 0.294118 0.000000
vt 0.294118 0.166667
vt 0.294118 0.250000
vt 0.294118 0.333333
vt 0.294118 0.416667
vt 0.294118 0.500000
vt 0.294118 0.583333
vt 0.294118 0.666667
vt 0.294118 0.750000
vt 0.294118 0.833333
vt 0.352941 1.000000
vt 0.352941 0.916667
vt 0.352941 0.083333
vt 0.352941 0.000000
vt 0.352941 0.166667
vt 0.352941 0.250000
vt 0.352941 0.333333
vt 0.352941 0.416667
vt 0.352941 0.500000
vt 0.352941 0.583333
vt 0.352941 0.666667
vt 0.352941 0.750000
vt 0.352941 0.833333
vt 0.411765 1.000000
vt 0.411765 0.916667
vt 0.411765 0.083333
vt 0.411765 0.000000
vt 0.411765 0.166667
vt 0.411765 0.250000
vt 0.411765 0.333333
vt 0.411765 0.416667
vt 0.411765 0.500000
vt 0.411765 0.583333
vt 0.411765 0.666667
vt 0.411765 0.750000
vt 0.411765 0.833333
vt 0.470588 1.000000
vt 0.470588 0.916667
vt 0.470588 0.083333
vt 0.470588 0.000000
vt 0.470588 0.166667
vt 0.470588 0.250000
vt 0.470588 0.333333
vt 0.470588 0.416667
vt 0.470588 0.500000
vt 0.470588 0.583333
vt 0.470588 0.666667
vt 0.470588 0.750000
vt 0.470588 0.833333
vt 0.529412 1.000000
vt 0.529412 0.916667
vt 0.529412 0.083333
vt 0.529412 0.000000
vt 0.529412 0.166667
vt 0.529412 0.250000
vt 0.529412 0.333333
vt 0.529412 0.416667
vt 0.529412 0.500000
vt 0.529412 0.583333
vt 0.529412 0.666667
vt 0.529412 0.750000
vt 0.529412 0.833333
vt 0.588235 1.000000
vt 0.588235 0.916667
vt 0.588235 0.083333
vt 0.588235 0.000000
vt 0.588235 0.166667
vt 0.588235 0.250000
vt 0.588235 0.333333
vt 0.588235 0.416667
vt 0.588235 0.500000
vt 0.588235 0.583333
vt 0.588235 0.666667
vt 0.588235 0.750000
vt 0.588235 0.833333
vt 0.647059 1.000000
vt 0.647059 0.916667
vt 0.647059 0.083333
vt 0.647059 0.000000
vt 0.647059 0.166667
vt 0.647059 0.250000
vt 0.647059 0.333333
vt 0.647059 0.416667
vt 0.647059 0.500000
vt 0.647059 0.583333
vt 0.647059 0.666667
vt 0.647059 0.750000
vt 0.647059 0.833333
vt 0.705882 1.000000
vt 0.705882 0.916667
vt 0.705882 0.083333
vt 0.705882 0.000000
vt 0.705882 0.166667
vt 0.705882 0.250000
vt 0.705882 0.333333
vt 0.705882 0.416667
vt 0.705882 0.500000
vt 0.705882 0.583333
vt 0.705882 0.666667
vt 0.705882 0.750000
vt 0.705882 0.833333
vt 0.764706 1.000000
vt 0.764706 0.916667
vt 0.764706 0.083333
vt 0.764706 0.000000
vt 0.764706 0.166667
vt 0.764706 0.250000
vt 0.764706 0.333333
vt 0.764706 0.416667
vt 0.764706 0.500000
vt 0.764706 0.583333
vt 0.764706 0.666667
vt 0.764706 0.750000
vt 0.764706 0.833333
vt 0.823529 1.000000
vt 0.823529 0.916667
vt 0.823529 0.083333
vt 0.823529 0.000000
vt 0.823529 0.166667
vt 0.823529 0.250000
vt 0.823529 0.333333
vt 0.823529 0.416667
vt 0.823529 0.500000
vt 0.823529 0.583333
vt 0.823529 0.666667
vt 0.823529 0.750000
vt 0.823529 0.833333
vt 0.882353 1.000000
vt 0.882353 0.916667
vt 0.882353 0.083333
vt 0.882353 0.000000
vt 0.882353 0.166667
vt 0.882353 0.250000
vt 0.882353 0.333333
vt 0.882353 0.416667
vt 0.882353 0.500000
vt 0.882353 0.583333
vt 0.882353 0.666667
vt 0.882353 0.750000
vt 0.882353 0.833333
vt 0.941176 1.000000
vt 0.941176 0.916667
vt 0.941176 0.083333
vt 0.941176 0.000000
vt 0.941176 0.166667
vt 0.941176 0.250000
vt 0.941176 0.333333
vt 0.941176 0.416667
vt 0.941176 0.500000
vt 0.941176 0.583333
vt 0.941176 0.666667
vt 0.941176 0.750000
vt 0.941176 0.833333
vt 1.000000 0.916667
vt 1.000000 0.083333
vt 1.000000 0.166667
vt 1.000000 0.333333
vt 1.000000 0.416667
vt 1.000000 0.583333
vt 1.000000 0.666667
vt 1.000000 0.833333
s 1
usemtl hopper
f 1137/250/719 1141/251/720 1144/252/721 1140/253/722
f 1138/254/723 1142/255/724 1141/256/720 1137/257/719
f 1139/258/725 1143/259/726 1142/255/724 1138/254/723
f 1140/253/722 1144/252/721 1143/259/726 1139/258/725
f 1141/251/720 1145/260/727 1148/261/728 1144/252/721
f 1142/255/724 1146/262/729 1145/263/727 1141/256/720
f 1143/259/726 1147/264/730 1146/262/729 1142/255/724
f 1144/252/721 1148/261/728 1147/264/730 1143/259/726
f 1145/260/727 1149/265/731 1152/266/732 1148/261/728
f 1146/262/729 1150/267/733 1149/268/731 1145/263/727
f 1147/264/730 1151/269/734 1150/267/733 1146/262/729
f 1148/261/728 1152/266/732 1151/269/734 1147/264/730
f 1149/265/731 1153/270/735 1156/271/736 1152/266/732
f 1150/267/733 1154/272/737 1153/273/735 1149/268/731
f 1151/269/734 1155/274/738 1154/272/737 1150/267/733
f 1152/266/732 1156/271/736 1155/274/738 1151/269/734
f 1156/271/736 1153/273/735 1154/272/737 1155/274/738
f 1157/250/739 1161/251/740 1164/252/741 1160/253/742
f 1158/254/743 1162/255/744 1161/256/740 1157/257/739
f 1159/258/745 1163/259/746 1162/255/744 1158/254/743
f 1160/253/742 1164/252/741 1163/259/746 1159/258/745
f 1161/251/740 1165/260/747 1168/261/748 1164/252/741
f 1162/255/744 1166/262/749 1165/263/747 1161/256/740
f 1163/259/746 1167/264/750 1166/262/749 1162/255/744
f 1164/252/741 1168/261/748 1167/264/750 1163/259/746
f 1165/260/747 1169/265/751 1172/266/752 1168/261/748
f 1166/262/749 1170/267/753 1169/268/751 1165/263/747
f 1167/264/750 1171/269/754 1170/267/753 1166/262/749
f 1168/261/748 1172/266/752 1171/269/754 1167/264/750
f 1169/265/751 1173/270/755 1176/271/756 1172/266/752
f 1170/267/753 1174/272/757 1173/273/755 1169/268/751
f 1171/269/754 1175/274/758 1174/272/757 1170/267/753
f 1172/266/752 1176/271/756 1175/274/758 1171/269/754
f 1176/271/756 1173/273/755 1174/272/757 1175/274/758
f 1177/250/759 1181/251/760 1184/252/761 1180/253/762
f 1178/254/763 1182/255/764 1181/256/760 1177/257/759
f 1179/258/765 1183/259/766 1182/255/764 1178/254/763
f 1180/253/762 1184/252/761 1183/259/766 1179/258/765
f 1181/251/760 1185/260/767 1188/261/768 1184/252/761
f 1182/255/764 1186/262/769 1185/263/767 1181/256/760
f 1183/259/766 1187/264/770 1186/262/769 1182/255/764
f 1184/252/761 1188/261/768 1187/264/770 1183/259/766
f 1185/260/767 1189/265/771 1192/266/772 1188/261/768
f 1186/262/769 1190/267/773 1189/268/771 1185/263/767
f 1187/264/770 1191/269/774 1190/267/773 1186/262/769
f 1188/261/768 1192/266/772 1191/269/774 1187/264/770
f 1189/265/771 1193/270/775 1196/271/776 1192/266/772
f 1190/267/773 1194/272/777 1193/273/775 1189/268/771
f 1191/269/774 1195/274/778 1194/272/777 1190/267/773
f 1192/266/772 1196/271/776 1195/274/778 1191/269/774
f 1196/271/776 1193/273/775 1194/272/777 1195/274/778
f 1197/250/779 1201/251/780 1204/252/781 1200/253/782
f 1198/254/783 1202/255/784 1201/256/780 1197/257/779
f 1199/258/785 1203/259/786 1202/255/784 1198/254/783
f 1200/253/782 1204/252/781 1203/259/786 1199/258/785
f 1201/251/780 1205/260/787 1208/261/788 1204/252/781
f 1202/255/784 1206/262/789 1205/263/787 1201/256/780
f 1203/259/786 1207/264/790 1206/262/789 1202/255/784
f 1204/252/781 1208/261/788 1207/264/790 1203/259/786
f 1205/260/787 1209/265/791 1212/266/792 1208/261/788
f 1206/262/789 1210/267/793 1209/268/791 1205/263/787
f 1207/264/790 1211/269/794 1210/267/793 1206/262/789
f 1208/261/788 1212/266/792 1211/269/794 1207/264/790
f 1209/265/791 1213/270/795 1216/271/796 1212/266/792
f 1210/267/793 1214/272/797 1213/273/795 1209/268/791
f 1211/269/794 1215/274/798 1214/272/797 1210/267/793
f 1212/266/792 1216/271/796 1215/274/798 1211/269/794
f 1216/271/796 1213/273/795 1214/272/797 1215/274/798
f 1217/250/799 1221/251/800 1224/252/801 1220/253/802
f 1218/254/803 1222/255/804 1221/256/800 1217/257/799
f 1219/258/805 1223/259/806 1222/255/804 1218/254/803
f 1220/253/802 1224/252/801 1223/259/806 1219/258/805
f 1221/251/800 1225/260/807 1228/261/808 1224/252/801
f 1222/255/804 1226/262/809 1225/263/807 1221/256/800
f 1223/259/806 1227/264/810 1226/262/809 1222/255/804
f 1224/252/801 1228/261/808 1227/264/810 1223/259/806
f 1225/260/807 1229/265/811 1232/266/812 1228/261/808
f 1226/262/809 1230/267/813 1229/268/811 1225/263/807
f 1227/264/810 1231/269/814 1230/267/813 1226/262/809
f 1228/261/808 1232/266/812 1231/269/814 1227/264/810
f 1229/265/811 1233/270/815 1236/271/816 1232/266/812
f 1230/267/813 1234/272/817 1233/273/815 1229/268/811
f 1231/269/814 1235/274/818 1234/272/817 1230/267/813
f 1232/266/812 1236/271/816 1235/274/818 1231/269/814
f 1236/271/816 1233/273/815 1234/272/817 1235/274/818
f 1237/250/819 1241/251/820 1244/252/821 1240/253/822
f 1238/254/823 1242/255/824 1241/256/820 1237/257/819
f 1239/258/825 1243/259/826 1242/255/824 1238/254/823
f 1240/253/822 1244/252/821 1243/259/826 1239/258/825
f 1241/251/820 1245/260/827 1248/261/828 1244/252/821
f 1242/255/824 1246/262/829 1245/263/827 1241/256/820
f 1243/259/826 1247/264/830 1246/262/829 1242/255/824
f 1244/252/821 1248/261/828 1247/264/830 1243/259/826
f 1245/260/827 1249/265/831 1252/266/832 1248/261/828
f 1246/262/829 1250/267/833 1249/268/831 1245/263/827
f 1247/264/830 1251/269/834 1250/267/833 1246/262/829
f 1248/261/828 1252/266/832 1251/269/834 1247/264/830
f 1249/265/831 1253/270/835 1256/271/836 1252/266/832
f 1250/267/833 1254/272/837 1253/273/835 1249/268/831
f 1251/269/834 1255/274/838 1254/272/837 1250/267/833
f 1252/266/832 1256/271/836 1255/274/838 1251/269/834
f 1256/271/836 1253/273/835 1254/272/837 1255/274/838
f 1257/250/839 1261/251/840 1264/252/841 1260/253/842
f 1258/254/843 1262/255/844 1261/256/840 1257/257/839
f 1259/258/845 1263/259/846 1262/255/844 1258/254/843
f 1260/253/842 1264/252/841 1263/259/846 1259/258/845
f 1261/251/840 1265/260/847 1268/261/848 1264/252/841
f 1262/255/844 1266/262/849 1265/263/847 1261/256/840
f 1263/259/846 1267/264/850 1266/262/849 1262/255/844
f 1264/252/841 1268/261/848 1267/264/850 1263/259/846
f 1265/260/847 1269/265/851 1272/266/852 1268/261/848
f 1266/262/849 1270/267/853 1269/268/851 1265/263/847
f 1267/264/850 1271/269/854 1270/267/853 1266/262/849
f 1268/261/848 1272/266/852 1271/269/854 1267/264/850
f 1269/265/851 1273/270/855 1276/271/856 1272/266/852
f 1270/267/853 1274/272/857 1273/273/855 1269/268/851
f 1271/269/854 1275/274/858 1274/272/857 1270/267/853
f 1272/266/852 1276/271/856 1275/274/858 1271/269/854
f 1276/271/856 1273/273/855 1274/272/857 1275/274/858
f 1277/250/859 1281/251/860 1284/252/861 1280/253/862
f 1278/254/863 1282/255/864 1281/256/860 1277/257/859
f 1279/258/865 1283/259/866 1282/255/864 1278/254/863
f 1280/253/862 1284/252/861 1283/259/866 1279/258/865
f 1281/251/860 1285/260/867 1288/261/868 1284/252/861
f 1282/255/864 1286/262/869 1285/263/867 1281/256/860
f 1283/259/866 1287/264/870 1286/262/869 1282/255/864
f 1284/252/861 1288/261/868 1287/264/870 1283/259/866
f 1285/260/867 1289/265/871 1292/266/872 1288/261/868
f 1286/262/869 1290/267/873 1289/268/871 1285/263/867
f 1287/264/870 1291/269/874 1290/267/873 1286/262/869
f 1288/261/868 1292/266/872 1291/269/874 1287/264/870
f 1289/265/871 1293/270/875 1296/271/876 1292/266/872
f 1290/267/873 1294/272/877 1293/273/875 1289/268/871
f 1291/269/874 1295/274/878 1294/272/877 1290/267/873
f 1292/266/872 1296/271/876 1295/274/878 1291/269/874
f 1296/271/876 1293/273/875 1294/272/877 1295/274/878
f 1297/250/879 1301/251/880 1304/252/881 1300/253/882
f 1298/254/883 1302/255/884 1301/256/880 1297/257/879
f 1299/258/885 1303/259/886 1302/255/884 1298/254/883
f 1300/253/882 1304/252/881 1303/259/886 1299/258/885
f 1301/251/880 1305/260/887 1308/261/888 1304/252/881
f 1302/255/884 1306/262/889 1305/263/887 1301/256/880
f 1303/259/886 1307/264/890 1306/262/889 1302/255/884
f 1304/252/881 1308/261/888 1307/264/890 1303/259/886
f 1305/260/887 1309/265/891 1312/266/892 1308/261/888
f 1306/262/889 1310/267/893 1309/268/891 1305/263/887
f 1307/264/890 1311/269/894 1310/267/893 1306/262/889
f 1308/261/888 1312/266/892 1311/269/894 1307/264/890
f 1309/265/891 1313/270/895 1316/271/896 1312/266/892
f 1310/267/893 1314/272/897 1313/273/895 1309/268/891
f 1311/269/894 1315/274/898 1314/272/897 1310/267/893
f 1312/266/892 1316/271/896 1315/274/898 1311/269/894
f 1316/271/896 1313/273/895 1314/272/897 1315/274/898
f 1317/250/899 1321/251/900 1324/252/901 1320/253/902
f 1318/254/903 1322/255/904 1321/256/900 1317/257/899
f 1319/258/905 1323/259/906 1322/255/904 1318/254/903
f 1320/253/902 1324/252/901 1323/259/906 1319/258/905
f 1321/251/900 1325/260/907 1328/261/908 1324/252/901
f 1322/255/904 1326/262/909 1325/263/907 1321/256/900
f 1323/259/906 1327/264/910 1326/262/909 1322/255/904
f 1324/252/901 1328/261/908 1327/264/910 1323/259/906
f 1325/260/907 1329/265/911 1332/266/912 1328/261/908
f 1326/262/909 1330/267/913 1329/268/911 1325/263/907
f 1327/264/910 1331/269/914 1330/267/913 1326/262/909
f 1328/261/908 1332/266/912 1331/269/914 1327/264/910
f 1329/265/911 1333/270/915 1336/271/916 1332/266/912
f 1330/267/913 1334/272/917 1333/273/915 1329/268/911
f 1331/269/914 1335/274/918 1334/272/917 1330/267/913
f 1332/266/912 1336/271/916 1335/274/918 1331/269/914
f 1336/271/916 1333/273/915 1334/272/917 1335/274/918
f 1337/250/919 1341/251/920 1344/252/921 1340/253/922
f 1338/254/923 1342/255/924 1341/256/920 1337/257/919
f 1339/258/925 1343/259/926 1342/255/924 1338/254/923
f 1340/253/922 1344/252/921 1343/259/926 1339/258/925
f 1341/251/920 1345/260/927 1348/261/928 1344/252/921
f 1342/255/924 1346/262/929 1345/263/927 1341/256/920
f 1343/259/926 1347/264/930 1346/262/929 1342/255/924
f 1344/252/921 1348/261/928 1347/264/930 1343/259/926
f 1345/260/927 1349/265/931 1352/266/932 1348/261/928
f 1346/262/929 1350/267/933 1349/268/931 1345/263/927
f 1347/264/930 1351/269/934 1350/267/933 1346/262/929
f 1348/261/928 1352/266/932 1351/269/934 1347/264/930
f 1349/265/931 1353/270/935 1356/271/936 1352/266/932
f 1350/267/933 1354/272/937 1353/273/935 1349/268/931
f 1351/269/934 1355/274/938 1354/272/937 1350/267/933
f 1352/266/932 1356/271/936 1355/274/938 1351/269/934
f 1356/271/936 1353/273/935 1354/272/937 1355/274/938
f 1357/250/939 1361/251/940 1364/252/941 1360/253/942
f 1358/254/943 1362/255/944 1361/256/940 1357/257/939
f 1359/258/945 1363/259/946 1362/255/944 1358/254/943
f 1360/253/942 1364/252/941 1363/259/946 1359/258/945
f 1361/251/940 1365/260/947 1368/261/948 1364/252/941
f 1362/255/944 1366/262/949 1365/263/947 1361/256/940
f 1363/259/946 1367/264/950 1366/262/949 1362/255/944
f 1364/252/941 1368/261/948 1367/264/950 1363/259/946
f 1365/260/947 1369/265/951 1372/266/952 1368/261/948
f 1366/262/949 1370/267/953 1369/268/951 1365/263/947
f 1367/264/950 1371/269/954 1370/267/953 1366/262/949
f 1368/261/948 1372/266/952 1371/269/954 1367/264/950
f 1369/265/951 1373/270/955 1376/271/956 1372/266/952
f 1370/267/953 1374/272/957 1373/273/955 1369/268/951
f 1371/269/954 1375/274/958 1374/272/957 1370/267/953
f 1372/266/952 1376/271/956 1375/274/958 1371/269/954
f 1376/271/956 1373/273/955 1374/272/957 1375/274/958
f 1377/250/739 1381/251/740 1384/252/741 1380/253/742
f 1378/254/743 1382/255/744 1381/256/740 1377/257/739
f 1379/258/745 1383/259/746 1382/255/744 1378/254/743
f 1380/253/742 1384/252/741 1383/259/746 1379/258/745
f 1381/251/740 1385/260/959 1388/261/960 1384/252/741
f 1382/255/744 1386/262/961 1385/263/959 1381/256/740
f 1383/259/746 1387/264/962 1386/262/961 1382/255/744
f 1384/252/741 1388/261/960 1387/264/962 1383/259/746
f 1385/260/959 1389/265/963 1392/266/964 1388/261/960
f 1386/262/961 1390/267/965 1389/268/963 1385/263/959
f 1387/264/962 1391/269/966 1390/267/965 1386/262/961
f 1388/261/960 1392/266/964 1391/269/966 1387/264/962
f 1389/265/963 1393/270/967 1396/271/968 1392/266/964
f 1390/267/965 1394/272/969 1393/273/967 1389/268/963
f 1391/269/966 1395/274/970 1394/272/969 1390/267/965
f 1392/266/964 1396/271/968 1395/274/970 1391/269/966
f 1396/271/968 1393/273/967 1394/272/969 1395/274/970
f 1397/250/971 1401/251/972 1404/252/973 1400/253/974
f 1398/254/975 1402/255/976 1401/256/972 1397/257/971
f 1399/258/977 1403/259/978 1402/255/976 1398/254/975
f 1400/253/974 1404/252/973 1403/259/978 1399/258/977
f 1401/251/972 1405/260/979 1408/261/980 1404/252/973
f 1402/255/976 1406/262/981 1405/263/979 1401/256/972
f 1403/259/978 1407/264/982 1406/262/981 1402/255/976
f 1404/252/973 1408/261/980 1407/264/982 1403/259/978
f 1405/260/979 1409/265/983 1412/266/984 1408/261/980
f 1406/262/981 1410/267/985 1409/268/983 1405/263/979
f 1407/264/982 1411/269/986 1410/267/985 1406/262/981
f 1408/261/980 1412/266/984 1411/269/986 1407/264/982
f 1409/265/983 1413/270/987 1416/271/988 1412/266/984
f 1410/267/985 1414/272/989 1413/273/987 1409/268/983
f 1411/269/986 1415/274/990 1414/272/989 1410/267/985
f 1412/266/984 1416/271/988 1415/274/990 1411/269/986
f 1416/271/988 1413/273/987 1414/272/989 1415/274/990
f 1633/250/739 1637/251/740 1640/252/741 1636/253/742
f 1634/254/743 1638/255/744 1637/256/740 1633/257/739
f 1635/258/745 1639/259/746 1638/255/744 1634/254/743
f 1636/253/742 1640/252/741 1639/259/746 1635/258/745
f 1637/251/740 1641/260/747 1644/261/748 1640/252/741
f 1638/255/744 1642/262/749 1641/263/747 1637/256/740
f 1639/259/746 1643/264/750 1642/262/749 1638/255/744
f 1640/252/741 1644/261/748 1643/264/750 1639/259/746
f 1641/260/747 1645/265/751 1648/266/752 1644/261/748
f 1642/262/749 1646/267/753 1645/268/751 1641/263/747
f 1643/264/750 1647/269/754 1646/267/753 1642/262/749
f 1644/261/748 1648/266/752 1647/269/754 1643/264/750
f 1645/265/751 1649/270/755 1652/271/756 1648/266/752
f 1646/267/753 1650/272/757 1649/273/755 1645/268/751
f 1647/269/754 1651/274/758 1650/272/757 1646/267/753
f 1648/266/752 1652/271/756 1651/274/758 1647/269/754
f 1652/271/756 1649/273/755 1650/272/757 1651/274/758
f 1653/250/759 1657/251/760 1660/252/761 1656/253/762
f 1654/254/763 1658/255/764 1657/256/760 1653/257/759
f 1655/258/765 1659/259/766 1658/255/764 1654/254/763
f 1656/253/762 1660/252/761 1659/259/766 1655/258/765
f 1657/251/760 1661/260/767 1664/261/768 1660/252/761
f 1658/255/764 1662/262/769 1661/263/767 1657/256/760
f 1659/259/766 1663/264/770 1662/262/769 1658/255/764
f 1660/252/761 1664/261/768 1663/264/770 1659/259/766
f 1661/260/767 1665/265/771 1668/266/772 1664/261/768
f 1662/262/769 1666/267/773 1665/268/771 1661/263/767
f 1663/264/770 1667/269/774 1666/267/773 1662/262/769
f 1664/261/768 1668/266/772 1667/269/774 1663/264/770
f 1665/265/771 1669/270/775 1672/271/776 1668/266/772
f 1666/267/773 1670/272/777 1669/273/775 1665/268/771
f 1667/269/774 1671/274/778 1670/272/777 1666/267/773
f 1668/266/772 1672/271/776 1671/274/778 1667/269/774
f 1672/271/776 1669/273/775 1670/272/777 1671/274/778
f 1673/250/799 1677/251/800 1680/252/801 1676/253/802
f 1674/254/803 1678/255/804 1677/256/800 1673/257/799
f 1675/258/805 1679/259/806 1678/255/804 1674/254/803
f 1676/253/802 1680/252/801 1679/259/806 1675/258/805
f 1677/251/800 1681/260/807 1684/261/808 1680/252/801
f 1678/255/804 1682/262/809 1681/263/807 1677/256/800
f 1679/259/806 1683/264/810 1682/262/809 1678/255/804
f 1680/252/801 1684/261/808 1683/264/810 1679/259/806
f 1681/260/807 1685/265/811 1688/266/812 1684/261/808
f 1682/262/809 1686/267/813 1685/268/811 1681/263/807
f 1683/264/810 1687/269/814 1686/267/813 1682/262/809
f 1684/261/808 1688/266/812 1687/269/814 1683/264/810
f 1685/265/811 1689/270/815 1692/271/816 1688/266/812
f 1686/267/813 1690/272/817 1689/273/815 1685/268/811
f 1687/269/814 1691/274/818 1690/272/817 1686/267/813
f 1688/266/812 1692/271/816 1691/274/818 1687/269/814
f 1692/271/816 1689/273/815 1690/272/817 1691/274/818
f 1693/250/819 1697/251/820 1700/252/821 1696/253/822
f 1694/254/823 1698/255/824 1697/256/820 1693/257/819
f 1695/258/825 1699/259/826 1698/255/824 1694/254/823
f 1696/253/822 1700/252/821 1699/259/826 1695/258/825
f 1697/251/820 1701/260/827 1704/261/828 1700/252/821
f 1698/255/824 1702/262/829 1701/263/827 1697/256/820
f 1699/259/826 1703/264/830 1702/262/829 1698/255/824
f 1700/252/821 1704/261/828 1703/264/830 1699/259/826
f 1701/260/827 1705/265/831 1708/266/832 1704/261/828
f 1702/262/829 1706/267/833 1705/268/831 1701/263/827
f 1703/264/830 1707/269/834 1706/267/833 1702/262/829
f 1704/261/828 1708/266/832 1707/269/834 1703/264/830
f 1705/265/831 1709/270/835 1712/271/836 1708/266/832
f 1706/267/833 1710/272/837 1709/273/835 1705/268/831
f 1707/269/834 1711/274/838 1710/272/837 1706/267/833
f 1708/266/832 1712/271/836 1711/274/838 1707/269/834
f 1712/271/836 1709/273/835 1710/272/837 1711/274/838
f 1713/250/839 1717/251/840 1720/252/841 1716/253/842
f 1714/254/843 1718/255/844 1717/256/840 1713/257/839
f 1715/258/845 1719/259/846 1718/255/844 1714/254/843
f 1716/253/842 1720/252/841 1719/259/846 1715/258/845
f 1717/251/840 1721/260/847 1724/261/848 1720/252/841
f 1718/255/844 1722/262/849 1721/263/847 1717/256/840
f 1719/259/846 1723/264/850 1722/262/849 1718/255/844
f 1720/252/841 1724/261/848 1723/264/850 1719/259/846
f 1721/260/847 1725/265/851 1728/266/852 1724/261/848
f 1722/262/849 1726/267/853 1725/268/851 1721/263/847
f 1723/264/850 1727/269/854 1726/267/853 1722/262/849
f 1724/261/848 1728/266/852 1727/269/854 1723/264/850
f 1725/265/851 1729/270/855 1732/271/856 1728/266/852
f 1726/267/853 1730/272/857 1729/273/855 1725/268/851
f 1727/269/854 1731/274/858 1730/272/857 1726/267/853
f 1728/266/852 1732/271/856 1731/274/858 1727/269/854
f 1732/271/856 1729/273/855 1730/272/857 1731/274/858
f 1733/250/859 1737/251/860 1740/252/861 1736/253/862
f 1734/254/863 1738/255/864 1737/256/860 1733/257/859
f 1735/258/865 1739/259/866 1738/255/864 1734/254/863
f 1736/253/862 1740/252/861 1739/259/866 1735/258/865
f 1737/251/860 1741/260/867 1744/261/868 1740/252/861
f 1738/255/864 1742/262/869 1741/263/867 1737/256/860
f 1739/259/866 1743/264/870 1742/262/869 1738/255/864
f 1740/252/861 1744/261/868 1743/264/870 1739/259/866
f 1741/260/867 1745/265/871 1748/266/872 1744/261/868
f 1742/262/869 1746/267/873 1745/268/871 1741/263/867
f 1743/264/870 1747/269/874 1746/267/873 1742/262/869
f 1744/261/868 1748/266/872 1747/269/874 1743/264/870
f 1745/265/871 1749/270/875 1752/271/876 1748/266/872
f 1746/267/873 1750/272/877 1749/273/875 1745/268/871
f 1747/269/874 1751/274/878 1750/272/877 1746/267/873
f 1748/266/872 1752/271/876 1751/274/878 1747/269/874
f 1752/271/876 1749/273/875 1750/272/877 1751/274/878
f 1753/250/899 1757/251/900 1760/252/901 1756/253/902
f 1754/254/903 1758/255/904 1757/256/900 1753/257/899
f 1755/258/905 1759/259/906 1758/255/904 1754/254/903
f 1756/253/902 1760/252/901 1759/259/906 1755/258/905
f 1757/251/900 1761/260/907 1764/261/908 1760/252/901
f 1758/255/904 1762/262/909 1761/263/907 1757/256/900
f 1759/259/906 1763/264/910 1762/262/909 1758/255/904
f 1760/252/901 1764/261/908 1763/264/910 1759/259/906
f 1761/260/907 1765/265/911 1768/266/912 1764/261/908
f 1762/262/909 1766/267/913 1765/268/911 1761/263/907
f 1763/264/910 1767/269/914 1766/267/913 1762/262/909
f 1764/261/908 1768/266/912 1767/269/914 1763/264/910
f 1765/265/911 1769/270/915 1772/271/916 1768/266/912
f 1766/267/913 1770/272/917 1769/273/915 1765/268/911
f 1767/269/914 1771/274/918 1770/272/917 1766/267/913
f 1768/266/912 1772/271/916 1771/274/918 1767/269/914
f 1772/271/916 1769/273/915 1770/272/917 1771/274/918
f 1773/250/919 1777/251/920 1780/252/921 1776/253/922
f 1774/254/923 1778/255/924 1777/256/920 1773/257/919
f 1775/258/925 1779/259/926 1778/255/924 1774/254/923
f 1776/253/922 1780/252/921 1779/259/926 1775/258/925
f 1777/251/920 1781/260/927 1784/261/928 1780/252/921
f 1778/255/924 1782/262/929 1781/263/927 1777/256/920
f 1779/259/926 1783/264/930 1782/262/929 1778/255/924
f 1780/252/921 1784/261/928 1783/264/930 1779/259/926
f 1781/260/927 1785/265/931 1788/266/932 1784/261/928
f 1782/262/929 1786/267/933 1785/268/931 1781/263/927
f 1783/264/930 1787/269/934 1786/267/933 1782/262/929
f 1784/261/928 1788/266/932 1787/269/934 1783/264/930
f 1785/265/931 1789/270/935 1792/271/936 1788/266/932
f 1786/267/933 1790/272/937 1789/273/935 1785/268/931
f 1787/269/934 1791/274/938 1790/272/937 1786/267/933
f 1788/266/932 1792/271/936 1791/274/938 1787/269/934
f 1792/271/936 1789/273/935 1790/272/937 1791/274/938
f 1793/250/739 1797/251/740 1800/252/741 1796/253/742
f 1794/254/743 1798/255/744 1797/256/740 1793/257/739
f 1795/258/745 1799/259/746 1798/255/744 1794/254/743
f 1796/253/742 1800/252/741 1799/259/746 1795/258/745
f 1797/251/740 1801/260/959 1804/261/960 1800/252/741
f 1798/255/744 1802/262/961 1801/263/959 1797/256/740
f 1799/259/746 1803/264/962 1802/262/961 1798/255/744
f 1800/252/741 1804/261/960 1803/264/962 1799/259/746
f 1801/260/959 1805/265/963 1808/266/964 1804/261/960
f 1802/262/961 1806/267/965 1805/268/963 1801/263/959
f 1803/264/962 1807/269/966 1806/267/965 1802/262/961
f 1804/261/960 1808/266/964 1807/269/966 1803/264/962
f 1805/265/963 1809/270/967 1812/271/968 1808/266/964
f 1806/267/965 1810/272/969 1809/273/967 1805/268/963
f 1807/269/966 1811/274/970 1810/272/969 1806/267/965
f 1808/266/964 1812/271/968 1811/274/970 1807/269/966
f 1812/271/968 1809/273/967 1810/272/969 1811/274/970
f 1813/250/971 1817/251/972 1820/252/973 1816/253/974
f 1814/254/975 1818/255/976 1817/256/972 1813/257/971
f 1815/258/977 1819/259/978 1818/255/976 1814/254/975
f 1816/253/974 1820/252/973 1819/259/978 1815/258/977
f 1817/251/972 1821/260/979 1824/261/980 1820/252/973
f 1818/255/976 1822/262/981 1821/263/979 1817/256/972
f 1819/259/978 1823/264/982 1822/262/981 1818/255/976
f 1820/252/973 1824/261/980 1823/264/982 1819/259/978
f 1821/260/979 1825/265/983 1828/266/984 1824/261/980
f 1822/262/981 1826/267/985 1825/268/983 1821/263/979
f 1823/264/982 1827/269/986 1826/267/985 1822/262/981
f 1824/261/980 1828/266/984 1827/269/986 1823/264/982
f 1825/265/983 1829/270/987 1832/271/988 1828/266/984
f 1826/267/985 1830/272/989 1829/273/987 1825/268/983
f 1827/269/986 1831/274/990 1830/272/989 1826/267/985
f 1828/266/984 1832/271/988 1831/274/990 1827/269/986
f 1832/271/988 1829/273/987 1830/272/989 1831/274/990
f 1833/250/991 1837/251/992 1840/252/993 1836/253/994
f 1834/254/995 1838/255/996 1837/256/992 1833/257/991
f 1835/258/997 1839/259/998 1838/255/996 1834/254/995
f 1836/253/994 1840/252/993 1839/259/998 1835/258/997
f 1837/251/992 1841/260/999 1844/261/1000 1840/252/993
f 1838/255/996 1842/262/1001 1841/263/999 1837/256/992
f 1839/259/998 1843/264/1002 1842/262/1001 1838/255/996
f 1840/252/993 1844/261/1000 1843/264/1002 1839/259/998
f 1841/260/999 1845/265/1003 1848/266/1004 1844/261/1000
f 1842/262/1001 1846/267/1005 1845/268/1003 1841/263/999
f 1843/264/1002 1847/269/1006 1846/267/1005 1842/262/1001
f 1844/261/1000 1848/266/1004 1847/269/1006 1843/264/1002
f 1845/265/1003 1849/270/1007 1852/271/1008 1848/266/1004
f 1846/267/1005 1850/272/1009 1849/273/1007 1845/268/1003
f 1847/269/1006 1851/274/1010 1850/272/1009 1846/267/1005
f 1848/266/1004 1852/271/1008 1851/274/1010 1847/269/1006
f 1852/271/1008 1849/273/1007 1850/272/1009 1851/274/1010
f 1853/250/1011 1857/251/1012 1860/252/1013 1856/253/1014
f 1854/254/1015 1858/255/1016 1857/256/1012 1853/257/1011
f 1855/258/1017 1859/259/1018 1858/255/1016 1854/254/1015
f 1856/253/1014 1860/252/1013 1859/259/1018 1855/258/1017
f 1857/251/1012 1861/260/1019 1864/261/1020 1860/252/1013
f 1858/255/1016 1862/262/1021 1861/263/1019 1857/256/1012
f 1859/259/1018 1863/264/1022 1862/262/1021 1858/255/1016
f 1860/252/1013 1864/261/1020 1863/264/1022 1859/259/1018
f 1861/260/1019 1865/265/1023 1868/266/1024 1864/261/1020
f 1862/262/1021 1866/267/1025 1865/268/1023 1861/263/1019
f 1863/264/1022 1867/269/1026 1866/267/1025 1862/262/1021
f 1864/261/1020 1868/266/1024 1867/269/1026 1863/264/1022
f 1865/265/1023 1869/270/1027 1872/271/1028 1868/266/1024
f 1866/267/1025 1870/272/1029 1869/273/1027 1865/268/1023
f 1867/269/1026 1871/274/1030 1870/272/1029 1866/267/1025
f 1868/266/1024 1872/271/1028 1871/274/1030 1867/269/1026
f 1872/271/1028 1869/273/1027 1870/272/1029 1871/274/1030
f 1873/250/1031 1877/251/1032 1880/252/1033 1876/253/1034
f 1874/254/1035 1878/255/1036 1877/256/1032 1873/257/1031
f 1875/258/1037 1879/259/1038 1878/255/1036 1874/254/1035
f 1876/253/1034 1880/252/1033 1879/259/1038 1875/258/1037
f 1877/251/1032 1881/260/1039 1884/261/1040 1880/252/1033
f 1878/255/1036 1882/262/1041 1881/263/1039 1877/256/1032
f 1879/259/1038 1883/264/1042 1882/262/1041 1878/255/1036
f 1880/252/1033 1884/261/1040 1883/264/1042 1879/259/1038
f 1881/260/1039 1885/265/1043 1888/266/1044 1884/261/1040
f 1882/262/1041 1886/267/1045 1885/268/1043 1881/263/1039
f 1883/264/1042 1887/269/1046 1886/267/1045 1882/262/1041
f 1884/261/1040 1888/266/1044 1887/269/1046 1883/264/1042
f 1885/265/1043 1889/270/1047 1892/271/1048 1888/266/1044
f 1886/267/1045 1890/272/1049 1889/273/1047 1885/268/1043
f 1887/269/1046 1891/274/1050 1890/272/1049 1886/267/1045
f 1888/266/1044 1892/271/1048 1891/274/1050 1887/269/1046
f 1892/271/1048 1889/273/1047 1890/272/1049 1891/274/1050
f 1893/250/1051 1897/251/1052 1900/252/1053 1896/253/1054
f 1894/254/1055 1898/255/1056 1897/256/1052 1893/257/1051
f 1895/258/1057 1899/259/1058 1898/255/1056 1894/254/1055
f 1896/253/1054 1900/252/1053 1899/259/1058 1895/258/1057
f 1897/251/1052 1901/260/1059 1904/261/1060 1900/252/1053
f 1898/255/1056 1902/262/1061 1901/263/1059 1897/256/1052
f 1899/259/1058 1903/264/1062 1902/262/1061 1898/255/1056
f 1900/252/1053 1904/261/1060 1903/264/1062 1899/259/1058
f 1901/260/1059 1905/265/1063 1908/266/1064 1904/261/1060
f 1902/262/1061 1906/267/1065 1905/268/1063 1901/263/1059
f 1903/264/1062 1907/269/1066 1906/267/1065 1902/262/1061
f 1904/261/1060 1908/266/1064 1907/269/1066 1903/264/1062
f 1905/265/1063 1909/270/1067 1912/271/1068 1908/266/1064
f 1906/267/1065 1910/272/1069 1909/273/1067 1905/268/1063
f 1907/269/1066 1911/274/1070 1910/272/1069 1906/267/1065
f 1908/266/1064 1912/271/1068 1911/274/1070 1907/269/1066
f 1912/271/1068 1909/273/1067 1910/272/1069 1911/274/1070
f 1913/250/1071 1917/251/1072 1920/252/1073 1916/253/1074
f 1914/254/1075 1918/255/1076 1917/256/1072 1913/257/1071
f 1915/258/1077 1919/259/1078 1918/255/1076 1914/254/1075
f 1916/253/1074 1920/252/1073 1919/259/1078 1915/258/1077
f 1917/251/1072 1921/260/1079 1924/261/1080 1920/252/1073
f 1918/255/1076 1922/262/1081 1921/263/1079 1917/256/1072
f 1919/259/1078 1923/264/1082 1922/262/1081 1918/255/1076
f 1920/252/1073 1924/261/1080 1923/264/1082 1919/259/1078
f 1921/260/1079 1925/265/1083 1928/266/1084 1924/261/1080
f 1922/262/1081 1926/267/1085 1925/268/1083 1921/263/1079
f 1923/264/1082 1927/269/1086 1926/267/1085 1922/262/1081
f 1924/261/1080 1928/266/1084 1927/269/1086 1923/264/1082
f 1925/265/1083 1929/270/1087 1932/271/1088 1928/266/1084
f 1926/267/1085 1930/272/1089 1929/273/1087 1925/268/1083
f 1927/269/1086 1931/274/1090 1930/272/1089 1926/267/1085
f 1928/266/1084 1932/271/1088 1931/274/1090 1927/269/1086
f 1932/271/1088 1929/273/1087 1930/272/1089 1931/274/1090
f 1933/250/1091 1937/251/1092 1940/252/1093 1936/253/1094
f 1934/254/1095 1938/255/1096 1937/256/1092 1933/257/1091
f 1935/258/1097 1939/259/1098 1938/255/1096 1934/254/1095
f 1936/253/1094 1940/252/1093 1939/259/1098 1935/258/1097
f 1937/251/1092 1941/260/1099 1944/261/1100 1940/252/1093
f 1938/255/1096 1942/262/1101 1941/263/1099 1937/256/1092
f 1939/259/1098 1943/264/1102 1942/262/1101 1938/255/1096
f 1940/252/1093 1944/261/1100 1943/264/1102 1939/259/1098
f 1941/260/1099 1945/265/1103 1948/266/1104 1944/261/1100
f 1942/262/1101 1946/267/1105 1945/268/1103 1941/263/1099
f 1943/264/1102 1947/269/1106 1946/267/1105 1942/262/1101
f 1944/261/1100 1948/266/1104 1947/269/1106 1943/264/1102
f 1945/265/1103 1949/270/1107 1952/271/1108 1948/266/1104
f 1946/267/1105 1950/272/1109 1949/273/1107 1945/268/1103
f 1947/269/1106 1951/274/1110 1950/272/1109 1946/267/1105
f 1948/266/1104 1952/271/1108 1951/274/1110 1947/269/1106
f 1952/271/1108 1949/273/1107 1950/272/1109 1951/274/1110
f 1953/250/1111 1957/251/1112 1960/252/1113 1956/253/1114
f 1954/254/1115 1958/255/1116 1957/256/1112 1953/257/1111
f 1955/258/1117 1959/259/1118 1958/255/1116 1954/254/1115
f 1956/253/1114 1960/252/1113 1959/259/1118 1955/258/1117
f 1957/251/1112 1961/260/1119 1964/261/1120 1960/252/1113
f 1958/255/1116 1962/262/1121 1961/263/1119 1957/256/1112
f 1959/259/1118 1963/264/1122 1962/262/1121 1958/255/1116
f 1960/252/1113 1964/261/1120 1963/264/1122 1959/259/1118
f 1961/260/1119 1965/265/1123 1968/266/1124 1964/261/1120
f 1962/262/1121 1966/267/1125 1965/268/1123 1961/263/1119
f 1963/264/1122 1967/269/1126 1966/267/1125 1962/262/1121
f 1964/261/1120 1968/266/1124 1967/269/1126 1963/264/1122
f 1965/265/1123 1969/270/1127 1972/271/1128 1968/266/1124
f 1966/267/1125 1970/272/1129 1969/273/1127 1965/268/1123
f 1967/269/1126 1971/274/1130 1970/272/1129 1966/267/1125
f 1968/266/1124 1972/271/1128 1971/274/1130 1967/269/1126
f 1972/271/1128 1969/273/1127 1970/272/1129 1971/274/1130
f 1973/250/1131 1977/251/1132 1980/252/1133 1976/253/1134
f 1974/254/1135 1978/255/1136 1977/256/1132 1973/257/1131
f 1975/258/1137 1979/259/1138 1978/255/1136 1974/254/1135
f 1976/253/1134 1980/252/1133 1979/259/1138 1975/258/1137
f 1977/251/1132 1981/260/1139 1984/261/1140 1980/252/1133
f 1978/255/1136 1982/262/1141 1981/263/1139 1977/256/1132
f 1979/259/1138 1983/264/1142 1982/262/1141 1978/255/1136
f 1980/252/1133 1984/261/1140 1983/264/1142 1979/259/1138
f 1981/260/1139 1985/265/1143 1988/266/1144 1984/261/1140
f 1982/262/1141 1986/267/1145 1985/268/1143 1981/263/1139
f 1983/264/1142 1987/269/1146 1986/267/1145 1982/262/1141
f 1984/261/1140 1988/266/1144 1987/269/1146 1983/264/1142
f 1985/265/1143 1989/270/1147 1992/271/1148 1988/266/1144
f 1986/267/1145 1990/272/1149 1989/273/1147 1985/268/1143
f 1987/269/1146 1991/274/1150 1990/272/1149 1986/267/1145
f 1988/266/1144 1992/271/1148 1991/274/1150 1987/269/1146
f 1992/271/1148 1989/273/1147 1990/272/1149 1991/274/1150
f 1993/250/1151 1997/251/1152 2000/252/1153 1996/253/1154
f 1994/254/1155 1998/255/1156 1997/256/1152 1993/257/1151
f 1995/258/1157 1999/259/1158 1998/255/1156 1994/254/1155
f 1996/253/1154 2000/252/1153 1999/259/1158 1995/258/1157
f 1997/251/1152 2001/260/1159 2004/261/1160 2000/252/1153
f 1998/255/1156 2002/262/1161 2001/263/1159 1997/256/1152
f 1999/259/1158 2003/264/1162 2002/262/1161 1998/255/1156
f 2000/252/1153 2004/261/1160 2003/264/1162 1999/259/1158
f 2001/260/1159 2005/265/1163 2008/266/1164 2004/261/1160
f 2002/262/1161 2006/267/1165 2005/268/1163 2001/263/1159
f 2003/264/1162 2007/269/1166 2006/267/1165 2002/262/1161
f 2004/261/1160 2008/266/1164 2007/269/1166 2003/264/1162
f 2005/265/1163 2009/270/1167 2012/271/1168 2008/266/1164
f 2006/267/1165 2010/272/1169 2009/273/1167 2005/268/1163
f 2007/269/1166 2011/274/1170 2010/272/1169 2006/267/1165
f 2008/266/1164 2012/271/1168 2011/274/1170 2007/269/1166
f 2012/271/1168 2009/273/1167 2010/272/1169 2011/274/1170
f 2013/250/1171 2017/251/1172 2020/252/1173 2016/253/1174
f 2014/254/1175 2018/255/1176 2017/256/1172 2013/257/1171
f 2015/258/1177 2019/259/1178 2018/255/1176 2014/254/1175
f 2016/253/1174 2020/252/1173 2019/259/1178 2015/258/1177
f 2017/251/1172 2021/260/1179 2024/261/1180 2020/252/1173
f 2018/255/1176 2022/262/1181 2021/263/1179 2017/256/1172
f 2019/259/1178 2023/264/1182 2022/262/1181 2018/255/1176
f 2020/252/1173 2024/261/1180 2023/264/1182 2019/259/1178
f 2021/260/1179 2025/265/1183 2028/266/1184 2024/261/1180
f 2022/262/1181 2026/267/1185 2025/268/1183 2021/263/1179
f 2023/264/1182 2027/269/1186 2026/267/1185 2022/262/1181
f 2024/261/1180 2028/266/1184 2027/269/1186 2023/264/1182
f 2025/265/1183 2029/270/1187 2032/271/1188 2028/266/1184
f 2026/267/1185 2030/272/1189 2029/273/1187 2025/268/1183
f 2027/269/1186 2031/274/1190 2030/272/1189 2026/267/1185
f 2028/266/1184 2032/271/1188 2031/274/1190 2027/269/1186
f 2032/271/1188 2029/273/1187 2030/272/1189 2031/274/1190
f 2033/250/991 2037/251/992 2040/252/993 2036/253/994
f 2034/254/995 2038/255/996 2037/256/992 2033/257/991
f 2035/258/997 2039/259/998 2038/255/996 2034/254/995
f 2036/253/994 2040/252/993 2039/259/998 2035/258/997
f 2037/251/992 2041/260/1191 2044/261/1192 2040/252/993
f 2038/255/996 2042/262/1193 2041/263/1191 2037/256/992
f 2039/259/998 2043/264/1194 2042/262/1193 2038/255/996
f 2040/252/993 2044/261/1192 2043/264/1194 2039/259/998
f 2041/260/1191 2045/265/1195 2048/266/1196 2044/261/1192
f 2042/262/1193 2046/267/1197 2045/268/1195 2041/263/1191
f 2043/264/1194 2047/269/1198 2046/267/1197 2042/262/1193
f 2044/261/1192 2048/266/1196 2047/269/1198 2043/264/1194
f 2045/265/1195 2049/270/1199 2052/271/1200 2048/266/1196
f 2046/267/1197 2050/272/1201 2049/273/1199 2045/268/1195
f 2047/269/1198 2051/274/1202 2050/272/1201 2046/267/1197
f 2048/266/1196 2052/271/1200 2051/274/1202 2047/269/1198
f 2052/271/1200 2049/273/1199 2050/272/1201 2051/274/1202
f 2053/250/1203 2057/251/1204 2060/252/1205 2056/253/1206
f 2054/254/1207 2058/255/1208 2057/256/1204 2053/257/1203
f 2055/258/1209 2059/259/1210 2058/255/1208 2054/254/1207
f 2056/253/1206 2060/252/1205 2059/259/1210 2055/258/1209
f 2057/251/1204 2061/260/1211 2064/261/1212 2060/252/1205
f 2058/255/1208 2062/262/1213 2061/263/1211 2057/256/1204
f 2059/259/1210 2063/264/1214 2062/262/1213 2058/255/1208
f 2060/252/1205 2064/261/1212 2063/264/1214 2059/259/1210
f 2061/260/1211 2065/265/1215 2068/266/1216 2064/261/1212
f 2062/262/1213 2066/267/1217 2065/268/1215 2061/263/1211
f 2063/264/1214 2067/269/1218 2066/267/1217 2062/262/1213
f 2064/261/1212 2068/266/1216 2067/269/1218 2063/264/1214
f 2065/265/1215 2069/270/1219 2072/271/1220 2068/266/1216
f 2066/267/1217 2070/272/1221 2069/273/1219 2065/268/1215
f 2067/269/1218 2071/274/1222 2070/272/1221 2066/267/1217
f 2068/266/1216 2072/271/1220 2071/274/1222 2067/269/1218
f 2072/271/1220 2069/273/1219 2070/272/1221 2071/274/1222
f 2073/250/991 2077/251/992 2080/252/993 2076/253/994
f 2074/254/995 2078/255/996 2077/256/992 2073/257/991
f 2075/258/997 2079/259/998 2078/255/996 2074/254/995
f 2076/253/994 2080/252/993 2079/259/998 2075/258/997
f 2077/251/992 2081/260/999 2084/261/1000 2080/252/993
f 2078/255/996 2082/262/1001 2081/263/999 2077/256/992
f 2079/259/998 2083/264/1002 2082/262/1001 2078/255/996
f 2080/252/993 2084/261/1000 2083/264/1002 2079/259/998
f 2081/260/999 2085/265/1003 2088/266/1004 2084/261/1000
f 2082/262/1001 2086/267/1005 2085/268/1003 2081/263/999
f 2083/264/1002 2087/269/1006 2086/267/1005 2082/262/1001
f 2084/261/1000 2088/266/1004 2087/269/1006 2083/264/1002
f 2085/265/1003 2089/270/1007 2092/271/1008 2088/266/1004
f 2086/267/1005 2090/272/1009 2089/273/1007 2085/268/1003
f 2087/269/1006 2091/274/1010 2090/272/1009 2086/267/1005
f 2088/266/1004 2092/271/1008 2091/274/1010 2087/269/1006
f 2092/271/1008 2089/273/1007 2090/272/1009 2091/274/1010
f 2093/250/1011 2097/251/1012 2100/252/1013 2096/253/1014
f 2094/254/1015 2098/255/1016 2097/256/1012 2093/257/1011
f 2095/258/1017 2099/259/1018 2098/255/1016 2094/254/1015
f 2096/253/1014 2100/252/1013 2099/259/1018 2095/258/1017
f 2097/251/1012 2101/260/1019 2104/261/1020 2100/252/1013
f 2098/255/1016 2102/262/1021 2101/263/1019 2097/256/1012
f 2099/259/1018 2103/264/1022 2102/262/1021 2098/255/1016
f 2100/252/1013 2104/261/1020 2103/264/1022 2099/259/1018
f 2101/260/1019 2105/265/1023 2108/266/1024 2104/261/1020
f 2102/262/1021 2106/267/1025 2105/268/1023 2101/263/1019
f 2103/264/1022 2107/269/1026 2106/267/1025 2102/262/1021
f 2104/261/1020 2108/266/1024 2107/269/1026 2103/264/1022
f 2105/265/1023 2109/270/1027 2112/271/1028 2108/266/1024
f 2106/267/1025 2110/272/1029 2109/273/1027 2105/268/1023
f 2107/269/1026 2111/274/1030 2110/272/1029 2106/267/1025
f 2108/266/1024 2112/271/1028 2111/274/1030 2107/269/1026
f 2112/271/1028 2109/273/1027 2110/272/1029 2111/274/1030
f 2113/250/1051 2117/251/1052 2120/252/1053 2116/253/1054
f 2114/254/1055 2118/255/1056 2117/256/1052 2113/257/1051
f 2115/258/1057 2119/259/1058 2118/255/1056 2114/254/1055
f 2116/253/1054 2120/252/1053 2119/259/1058 2115/258/1057
f 2117/251/1052 2121/260/1059 2124/261/1060 2120/252/1053
f 2118/255/1056 2122/262/1061 2121/263/1059 2117/256/1052
f 2119/259/1058 2123/264/1062 2122/262/1061 2118/255/1056
f 2120/252/1053 2124/261/1060 2123/264/1062 2119/259/1058
f 2121/260/1059 2125/265/1063 2128/266/1064 2124/261/1060
f 2122/262/1061 2126/267/1065 2125/268/1063 2121/263/1059
f 2123/264/1062 2127/269/1066 2126/267/1065 2122/262/1061
f 2124/261/1060 2128/266/1064 2127/269/1066 2123/264/1062
f 2125/265/1063 2129/270/1067 2132/271/1068 2128/266/1064
f 2126/267/1065 2130/272/1069 2129/273/1067 2125/268/1063
f 2127/269/1066 2131/274/1070 2130/272/1069 2126/267/1065
f 2128/266/1064 2132/271/1068 2131/274/1070 2127/269/1066
f 2132/271/1068 2129/273/1067 2130/272/1069 2131/274/1070
f 2133/250/1071 2137/251/1072 2140/252/1073 2136/253/1074
f 2134/254/1075 2138/255/1076 2137/256/1072 2133/257/1071
f 2135/258/1077 2139/259/1078 2138/255/1076 2134/254/1075
f 2136/253/1074 2140/252/1073 2139/259/1078 2135/258/1077
f 2137/251/1072 2141/260/1079 2144/261/1080 2140/252/1073
f 2138/255/1076 2142/262/1081 2141/263/1079 2137/256/1072
f 2139/259/1078 2143/264/1082 2142/262/1081 2138/255/1076
f 2140/252/1073 2144/261/1080 2143/264/1082 2139/259/1078
f 2141/260/1079 2145/265/1083 2148/266/1084 2144/261/1080
f 2142/262/1081 2146/267/1085 2145/268/1083 2141/263/1079
f 2143/264/1082 2147/269/1086 2146/267/1085 2142/262/1081
f 2144/261/1080 2148/266/1084 2147/269/1086 2143/264/1082
f 2145/265/1083 2149/270/1087 2152/271/1088 2148/266/1084
f 2146/267/1085 2150/272/1089 2149/273/1087 2145/268/1083
f 2147/269/1086 2151/274/1090 2150/272/1089 2146/267/1085
f 2148/266/1084 2152/271/1088 2151/274/1090 2147/269/1086
f 2152/271/1088 2149/273/1087 2150/272/1089 2151/274/1090
f 2153/250/1091 2157/251/1092 2160/252/1093 2156/253/1094
f 2154/254/1095 2158/255/1096 2157/256/1092 2153/257/1091
f 2155/258/1097 2159/259/1098 2158/255/1096 2154/254/1095
f 2156/253/1094 2160/252/1093 2159/259/1098 2155/258/1097
f 2157/251/1092 2161/260/1099 2164/261/1100 2160/252/1093
f 2158/255/1096 2162/262/1101 2161/263/1099 2157/256/1092
f 2159/259/1098 2163/264/1102 2162/262/1101 2158/255/1096
f 2160/252/1093 2164/261/1100 2163/264/1102 2159/259/1098
f 2161/260/1099 2165/265/1103 2168/266/1104 2164/261/1100
f 2162/262/1101 2166/267/1105 2165/268/1103 2161/263/1099
f 2163/264/1102 2167/269/1106 2166/267/1105 2162/262/1101
f 2164/261/1100 2168/266/1104 2167/269/1106 2163/264/1102
f 2165/265/1103 2169/270/1107 2172/271/1108 2168/266/1104
f 2166/267/1105 2170/272/1109 2169/273/1107 2165/268/1103
f 2167/269/1106 2171/274/1110 2170/272/1109 2166/267/1105
f 2168/266/1104 2172/271/1108 2171/274/1110 2167/269/1106
f 2172/271/1108 2169/273/1107 2170/272/1109 2171/274/1110
f 2173/250/1111 2177/251/1112 2180/252/1113 2176/253/1114
f 2174/254/1115 2178/255/1116 2177/256/1112 2173/257/1111
f 2175/258/1117 2179/259/1118 2178/255/1116 2174/254/1115
f 2176/253/1114 2180/252/1113 2179/259/1118 2175/258/1117
f 2177/251/1112 2181/260/1119 2184/261/1120 2180/252/1113
f 2178/255/1116 2182/262/1121 2181/263/1119 2177/256/1112
f 2179/259/1118 2183/264/1122 2182/262/1121 2178/255/1116
f 2180/252/1113 2184/261/1120 2183/264/1122 2179/259/1118
f 2181/260/1119 2185/265/1123 2188/266/1124 2184/261/1120
f 2182/262/1121 2186/267/1125 2185/268/1123 2181/263/1119
f 2183/264/1122 2187/269/1126 2186/267/1125 2182/262/1121
f 2184/261/1120 2188/266/1124 2187/269/1126 2183/264/1122
f 2185/265/1123 2189/270/1127 2192/271/1128 2188/266/1124
f 2186/267/1125 2190/272/1129 2189/273/1127 2185/268/1123
f 2187/269/1126 2191/274/1130 2190/272/1129 2186/267/1125
f 2188/266/1124 2192/271/1128 2191/274/1130 2187/269/1126
f 2192/271/1128 2189/273/1127 2190/272/1129 2191/274/1130
f 2193/250/1131 2197/251/1132 2200/252/1133 2196/253/1134
f 2194/254/1135 2198/255/1136 2197/256/1132 2193/257/1131
f 2195/258/1137 2199/259/1138 2198/255/1136 2194/254/1135
f 2196/253/1134 2200/252/1133 2199/259/1138 2195/258/1137
f 2197/251/1132 2201/260/1139 2204/261/1140 2200/252/1133
f 2198/255/1136 2202/262/1141 2201/263/1139 2197/256/1132
f 2199/259/1138 2203/264/1142 2202/262/1141 2198/255/1136
f 2200/252/1133 2204/261/1140 2203/264/1142 2199/259/1138
f 2201/260/1139 2205/265/1143 2208/266/1144 2204/261/1140
f 2202/262/1141 2206/267/1145 2205/268/1143 2201/263/1139
f 2203/264/1142 2207/269/1146 2206/267/1145 2202/262/1141
f 2204/261/1140 2208/266/1144 2207/269/1146 2203/264/1142
f 2205/265/1143 2209/270/1147 2212/271/1148 2208/266/1144
f 2206/267/1145 2210/272/1149 2209/273/1147 2205/268/1143
f 2207/269/1146 2211/274/1150 2210/272/1149 2206/267/1145
f 2208/266/1144 2212/271/1148 2211/274/1150 2207/269/1146
f 2212/271/1148 2209/273/1147 2210/272/1149 2211/274/1150
f 2213/250/1151 2217/251/1152 2220/252/1153 2216/253/1154
f 2214/254/1155 2218/255/1156 2217/256/1152 2213/257/1151
f 2215/258/1157 2219/259/1158 2218/255/1156 2214/254/1155
f 2216/253/1154 2220/252/1153 2219/259/1158 2215/258/1157
f 2217/251/1152 2221/260/1159 2224/261/1160 2220/252/1153
f 2218/255/1156 2222/262/1161 2221/263/1159 2217/256/1152
f 2219/259/1158 2223/264/1162 2222/262/1161 2218/255/1156
f 2220/252/1153 2224/261/1160 2223/264/1162 2219/259/1158
f 2221/260/1159 2225/265/1163 2228/266/1164 2224/261/1160
f 2222/262/1161 2226/267/1165 2225/268/1163 2221/263/1159
f 2223/264/1162 2227/269/1166 2226/267/1165 2222/262/1161
f 2224/261/1160 2228/266/1164 2227/269/1166 2223/264/1162
f 2225/265/1163 2229/270/1167 2232/271/1168 2228/266/1164
f 2226/267/1165 2230/272/1169 2229/273/1167 2225/268/1163
f 2227/269/1166 2231/274/1170 2230/272/1169 2226/267/1165
f 2228/266/1164 2232/271/1168 2231/274/1170 2227/269/1166
f 2232/271/1168 2229/273/1167 2230/272/1169 2231/274/1170
f 2233/250/991 2237/251/992 2240/252/993 2236/253/994
f 2234/254/995 2238/255/996 2237/256/992 2233/257/991
f 2235/258/997 2239/259/998 2238/255/996 2234/254/995
f 2236/253/994 2240/252/993 2239/259/998 2235/258/997
f 2237/251/992 2241/260/1191 2244/261/1192 2240/252/993
f 2238/255/996 2242/262/1193 2241/263/1191 2237/256/992
f 2239/259/998 2243/264/1194 2242/262/1193 2238/255/996
f 2240/252/993 2244/261/1192 2243/264/1194 2239/259/998
f 2241/260/1191 2245/265/1195 2248/266/1196 2244/261/1192
f 2242/262/1193 2246/267/1197 2245/268/1195 2241/263/1191
f 2243/264/1194 2247/269/1198 2246/267/1197 2242/262/1193
f 2244/261/1192 2248/266/1196 2247/269/1198 2243/264/1194
f 2245/265/1195 2249/270/1199 2252/271/1200 2248/266/1196
f 2246/267/1197 2250/272/1201 2249/273/1199 2245/268/1195
f 2247/269/1198 2251/274/1202 2250/272/1201 2246/267/1197
f 2248/266/1196 2252/271/1200 2251/274/1202 2247/269/1198
f 2252/271/1200 2249/273/1199 2250/272/1201 2251/274/1202
f 2253/250/1203 2257/251/1204 2260/252/1205 2256/253/1206
f 2254/254/1207 2258/255/1208 2257/256/1204 2253/257/1203
f 2255/258/1209 2259/259/1210 2258/255/1208 2254/254/1207
f 2256/253/1206 2260/252/1205 2259/259/1210 2255/258/1209
f 2257/251/1204 2261/260/1211 2264/261/1212 2260/252/1205
f 2258/255/1208 2262/262/1213 2261/263/1211 2257/256/1204
f 2259/259/1210 2263/264/1214 2262/262/1213 2258/255/1208
f 2260/252/1205 2264/261/1212 2263/264/1214 2259/259/1210
f 2261/260/1211 2265/265/1215 2268/266/1216 2264/261/1212
f 2262/262/1213 2266/267/1217 2265/268/1215 2261/263/1211
f 2263/264/1214 2267/269/1218 2266/267/1217 2262/262/1213
f 2264/261/1212 2268/266/1216 2267/269/1218 2263/264/1214
f 2265/265/1215 2269/270/1219 2272/271/1220 2268/266/1216
f 2266/267/1217 2270/272/1221 2269/273/1219 2265/268/1215
f 2267/269/1218 2271/274/1222 2270/272/1221 2266/267/1217
f 2268/266/1216 2272/271/1220 2271/274/1222 2267/269/1218
f 2272/271/1220 2269/273/1219 2270/272/1221 2271/274/1222
usemtl red
f 1417/250/1223 1429/275/1224 1440/276/1225 1428/277/1226
f 1418/278/1227 1430/279/1228 1429/280/1224 1417/257/1223
f 1419/281/1229 1431/282/1230 1430/279/1228 1418/278/1227
f 1420/254/1231 1432/283/1232 1431/282/1230 1419/281/1229
f 1421/284/1233 1433/285/1234 1432/283/1232 1420/254/1231
f 1422/286/1235 1434/287/1236 1433/285/1234 1421/284/1233
f 1423/258/1237 1435/288/1238 1434/287/1236 1422/286/1235
f 1424/289/1239 1436/290/1240 1435/288/1238 1423/258/1237
f 1425/291/1241 1437/292/1242 1436/290/1240 1424/289/1239
f 1426/253/1243 1438/293/1244 1437/292/1242 1425/291/1241
f 1427/294/1245 1439/295/1246 1438/293/1244 1426/253/1243
f 1428/277/1226 1440/276/1225 1439/295/1246 1427/294/1245
f 1429/275/1224 1441/296/1247 1452/297/1248 1440/276/1225
f 1430/279/1228 1442/298/1249 1441/299/1247 1429/280/1224
f 1431/282/1230 1443/300/1250 1442/298/1249 1430/279/1228
f 1432/283/1232 1444/301/1251 1443/300/1250 1431/282/1230
f 1433/285/1234 1445/302/1252 1444/301/1251 1432/283/1232
f 1434/287/1236 1446/303/1253 1445/302/1252 1433/285/1234
f 1435/288/1238 1447/304/1254 1446/303/1253 1434/287/1236
f 1436/290/1240 1448/305/1255 1447/304/1254 1435/288/1238
f 1437/292/1242 1449/306/1256 1448/305/1255 1436/290/1240
f 1438/293/1244 1450/307/1257 1449/306/1256 1437/292/1242
f 1439/295/1246 1451/308/1258 1450/307/1257 1438/293/1244
f 1440/276/1225 1452/297/1248 1451/308/1258 1439/295/1246
f 1441/296/1247 1453/309/1259 1464/310/1260 1452/297/1248
f 1442/298/1249 1454/311/1261 1453/312/1259 1441/299/1247
f 1443/300/1250 1455/313/1262 1454/311/1261 1442/298/1249
f 1444/301/1251 1456/314/1263 1455/313/1262 1443/300/1250
f 1445/302/1252 1457/315/1264 1456/314/1263 1444/301/1251
f 1446/303/1253 1458/316/1265 1457/315/1264 1445/302/1252
f 1447/304/1254 1459/317/1266 1458/316/1265 1446/303/1253
f 1448/305/1255 1460/318/1267 1459/317/1266 1447/304/1254
f 1449/306/1256 1461/319/1268 1460/318/1267 1448/305/1255
f 1450/307/1257 1462/320/1269 1461/319/1268 1449/306/1256
f 1451/308/1258 1463/321/1270 1462/320/1269 1450/307/1257
f 1452/297/1248 1464/310/1260 1463/321/1270 1451/308/1258
f 1453/309/1259 1465/322/1271 1476/323/1272 1464/310/1260
f 1454/311/1261 1466/324/1273 1465/325/1271 1453/312/1259
f 1455/313/1262 1467/326/1274 1466/324/1273 1454/311/1261
f 1456/314/1263 1468/327/1275 1467/326/1274 1455/313/1262
f 1457/315/1264 1469/328/1276 1468/327/1275 1456/314/1263
f 1458/316/1265 1470/329/1277 1469/328/1276 1457/315/1264
f 1459/317/1266 1471/330/1278 1470/329/1277 1458/316/1265
f 1460/318/1267 1472/331/1279 1471/330/1278 1459/317/1266
f 1461/319/1268 1473/332/1280 1472/331/1279 1460/318/1267
f 1462/320/1269 1474/333/1281 1473/332/1280 1461/319/1268
f 1463/321/1270 1475/334/1282 1474/333/1281 1462/320/1269
f 1464/310/1260 1476/323/1272 1475/334/1282 1463/321/1270
f 1465/322/1271 1477/335/1283 1488/336/1284 1476/323/1272
f 1466/324/1273 1478/337/1285 1477/338/1283 1465/325/1271
f 1467/326/1274 1479/339/1286 1478/337/1285 1466/324/1273
f 1468/327/1275 1480/340/1287 1479/339/1286 1467/326/1274
f 1469/328/1276 1481/341/1288 1480/340/1287 1468/327/1275
f 1470/329/1277 1482/342/1289 1481/341/1288 1469/328/1276
f 1471/330/1278 1483/343/1290 1482/342/1289 1470/329/1277
f 1472/331/1279 1484/344/1291 1483/343/1290 1471/330/1278
f 1473/332/1280 1485/345/1292 1484/344/1291 1472/331/1279
f 1474/333/1281 1486/346/1293 1485/345/1292 1473/332/1280
f 1475/334/1282 1487/347/1294 1486/346/1293 1474/333/1281
f 1476/323/1272 1488/336/1284 1487/347/1294 1475/334/1282
f 1477/335/1283 1489/348/1295 1500/349/1296 1488/336/1284
f 1478/337/1285 1490/350/1297 1489/351/1295 1477/338/1283
f 1479/339/1286 1491/352/1298 1490/350/1297 1478/337/1285
f 1480/340/1287 1492/353/1299 1491/352/1298 1479/339/1286
f 1481/341/1288 1493/354/1300 1492/353/1299 1480/340/1287
f 1482/342/1289 1494/355/1301 1493/354/1300 1481/341/1288
f 1483/343/1290 1495/356/1302 1494/355/1301 1482/342/1289
f 1484/344/1291 1496/357/1303 1495/356/1302 1483/343/1290
f 1485/345/1292 1497/358/1304 1496/357/1303 1484/344/1291
f 1486/346/1293 1498/359/1305 1497/358/1304 1485/345/1292
f 1487/347/1294 1499/360/1306 1498/359/1305 1486/346/1293
f 1488/336/1284 1500/349/1296 1499/360/1306 1487/347/1294
f 1489/348/1295 1501/361/1307 1512/362/1308 1500/349/1296
f 1490/350/1297 1502/363/1309 1501/364/1307 1489/351/1295
f 1491/352/1298 1503/365/1310 1502/363/1309 1490/350/1297
f 1492/353/1299 1504/366/1311 1503/365/1310 1491/352/1298
f 1493/354/1300 1505/367/1312 1504/366/1311 1492/353/1299
f 1494/355/1301 1506/368/1313 1505/367/1312 1493/354/1300
f 1495/356/1302 1507/369/1314 1506/368/1313 1494/355/1301
f 1496/357/1303 1508/370/1315 1507/369/1314 1495/356/1302
f 1497/358/1304 1509/371/1316 1508/370/1315 1496/357/1303
f 1498/359/1305 1510/372/1317 1509/371/1316 1497/358/1304
f 1499/360/1306 1511/373/1318 1510/372/1317 1498/359/1305
f 1500/349/1296 1512/362/1308 1511/373/1318 1499/360/1306
f 1501/361/1307 1513/374/1319 1524/375/1320 1512/362/1308
f 1502/363/1309 1514/376/1321 1513/377/1319 1501/364/1307
f 1503/365/1310 1515/378/1322 1514/376/1321 1502/363/1309
f 1504/366/1311 1516/379/1323 1515/378/1322 1503/365/1310
f 1505/367/1312 1517/380/1324 1516/379/1323 1504/366/1311
f 1506/368/1313 1518/381/1325 1517/380/1324 1505/367/1312
f 1507/369/1314 1519/382/1326 1518/381/1325 1506/368/1313
f 1508/370/1315 1520/383/1327 1519/382/1326 1507/369/1314
f 1509/371/1316 1521/384/1328 1520/383/1327 1508/370/1315
f 1510/372/1317 1522/385/1329 1521/384/1328 1509/371/1316
f 1511/373/1318 1523/386/1330 1522/385/1329 1510/372/1317
f 1512/362/1308 1524/375/1320 1523/386/1330 1511/373/1318
f 1513/374/1319 1525/387/1331 1536/388/1332 1524/375/1320
f 1514/376/1321 1526/389/1333 1525/390/1331 1513/377/1319
f 1515/378/1322 1527/391/1334 1526/389/1333 1514/376/1321
f 1516/379/1323 1528/392/1335 1527/391/1334 1515/378/1322
f 1517/380/1324 1529/393/1336 1528/392/1335 1516/379/1323
f 1518/381/1325 1530/394/1337 1529/393/1336 1517/380/1324
f 1519/382/1326 1531/395/1338 1530/394/1337 1518/381/1325
f 1520/383/1327 1532/396/1339 1531/395/1338 1519/382/1326
f 1521/384/1328 1533/397/1340 1532/396/1339 1520/383/1327
f 1522/385/1329 1534/398/1341 1533/397/1340 1521/384/1328
f 1523/386/1330 1535/399/1342 1534/398/1341 1522/385/1329
f 1524/375/1320 1536/388/1332 1535/399/1342 1523/386/1330
f 1525/387/1331 1537/400/1343 1548/401/1344 1536/388/1332
f 1526/389/1333 1538/402/1345 1537/403/1343 1525/390/1331
f 1527/391/1334 1539/404/1346 1538/402/1345 1526/389/1333
f 1528/392/1335 1540/405/1347 1539/404/1346 1527/391/1334
f 1529/393/1336 1541/406/1348 1540/405/1347 1528/392/1335
f 1530/394/1337 1542/407/1349 1541/406/1348 1529/393/1336
f 1531/395/1338 1543/408/1350 1542/407/1349 1530/394/1337
f 1532/396/1339 1544/409/1351 1543/408/1350 1531/395/1338
f 1533/397/1340 1545/410/1352 1544/409/1351 1532/396/1339
f 1534/398/1341 1546/411/1353 1545/410/1352 1533/397/1340
f 1535/399/1342 1547/412/1354 1546/411/1353 1534/398/1341
f 1536/388/1332 1548/401/1344 1547/412/1354 1535/399/1342
f 1537/400/1343 1549/413/1355 1560/414/1356 1548/401/1344
f 1538/402/1345 1550/415/1357 1549/416/1355 1537/403/1343
f 1539/404/1346 1551/417/1358 1550/415/1357 1538/402/1345
f 1540/405/1347 1552/418/1359 1551/417/1358 1539/404/1346
f 1541/406/1348 1553/419/1360 1552/418/1359 1540/405/1347
f 1542/407/1349 1554/420/1361 1553/419/1360 1541/406/1348
f 1543/408/1350 1555/421/1362 1554/420/1361 1542/407/1349
f 1544/409/1351 1556/422/1363 1555/421/1362 1543/408/1350
f 1545/410/1352 1557/423/1364 1556/422/1363 1544/409/1351
f 1546/411/1353 1558/424/1365 1557/423/1364 1545/410/1352
f 1547/412/1354 1559/425/1366 1558/424/1365 1546/411/1353
f 1548/401/1344 1560/414/1356 1559/425/1366 1547/412/1354
f 1549/413/1355 1561/426/1367 1572/427/1368 1560/414/1356
f 1550/415/1357 1562/428/1369 1561/429/1367 1549/416/1355
f 1551/417/1358 1563/430/1370 1562/428/1369 1550/415/1357
f 1552/418/1359 1564/431/1371 1563/430/1370 1551/417/1358
f 1553/419/1360 1565/432/1372 1564/431/1371 1552/418/1359
f 1554/420/1361 1566/433/1373 1565/432/1372 1553/419/1360
f 1555/421/1362 1567/434/1374 1566/433/1373 1554/420/1361
f 1556/422/1363 1568/435/1375 1567/434/1374 1555/421/1362
f 1557/423/1364 1569/436/1376 1568/435/1375 1556/422/1363
f 1558/424/1365 1570/437/1377 1569/436/1376 1557/423/1364
f 1559/425/1366 1571/438/1378 1570/437/1377 1558/424/1365
f 1560/414/1356 1572/427/1368 1571/438/1378 1559/425/1366
f 1561/426/1367 1573/439/1379 1584/440/1380 1572/427/1368
f 1562/428/1369 1574/441/1381 1573/442/1379 1561/429/1367
f 1563/430/1370 1575/443/1382 1574/441/1381 1562/428/1369
f 1564/431/1371 1576/444/1383 1575/443/1382 1563/430/1370
f 1565/432/1372 1577/445/1384 1576/444/1383 1564/431/1371
f 1566/433/1373 1578/446/1385 1577/445/1384 1565/432/1372
f 1567/434/1374 1579/447/1386 1578/446/1385 1566/433/1373
f 1568/435/1375 1580/448/1387 1579/447/1386 1567/434/1374
f 1569/436/1376 1581/449/1388 1580/448/1387 1568/435/1375
f 1570/437/1377 1582/450/1389 1581/449/1388 1569/436/1376
f 1571/438/1378 1583/451/1390 1582/450/1389 1570/437/1377
f 1572/427/1368 1584/440/1380 1583/451/1390 1571/438/1378
f 1573/439/1379 1585/452/1391 1596/453/1392 1584/440/1380
f 1574/441/1381 1586/454/1393 1585/455/1391 1573/442/1379
f 1575/443/1382 1587/456/1394 1586/454/1393 1574/441/1381
f 1576/444/1383 1588/457/1395 1587/456/1394 1575/443/1382
f 1577/445/1384 1589/458/1396 1588/457/1395 1576/444/1383
f 1578/446/1385 1590/459/1397 1589/458/1396 1577/445/1384
f 1579/447/1386 1591/460/1398 1590/459/1397 1578/446/1385
f 1580/448/1387 1592/461/1399 1591/460/1398 1579/447/1386
f 1581/449/1388 1593/462/1400 1592/461/1399 1580/448/1387
f 1582/450/1389 1594/463/1401 1593/462/1400 1581/449/1388
f 1583/451/1390 1595/464/1402 1594/463/1401 1582/450/1389
f 1584/440/1380 1596/453/1392 1595/464/1402 1583/451/1390
f 1585/452/1391 1597/465/1403 1608/466/1404 1596/453/1392
f 1586/454/1393 1598/467/1405 1597/468/1403 1585/455/1391
f 1587/456/1394 1599/469/1406 1598/467/1405 1586/454/1393
f 1588/457/1395 1600/470/1407 1599/469/1406 1587/456/1394
f 1589/458/1396 1601/471/1408 1600/470/1407 1588/457/1395
f 1590/459/1397 1602/472/1409 1601/471/1408 1589/458/1396
f 1591/460/1398 1603/473/1410 1602/472/1409 1590/459/1397
f 1592/461/1399 1604/474/1411 1603/473/1410 1591/460/1398
f 1593/462/1400 1605/475/1412 1604/474/1411 1592/461/1399
f 1594/463/1401 1606/476/1413 1605/475/1412 1593/462/1400
f 1595/464/1402 1607/477/1414 1606/476/1413 1594/463/1401
f 1596/453/1392 1608/466/1404 1607/477/1414 1595/464/1402
f 1597/465/1403 1609/478/1415 1620/479/1416 1608/466/1404
f 1598/467/1405 1610/480/1417 1609/481/1415 1597/468/1403
f 1599/469/1406 1611/482/1418 1610/480/1417 1598/467/1405
f 1600/470/1407 1612/483/1419 1611/482/1418 1599/469/1406
f 1601/471/1408 1613/484/1420 1612/483/1419 1600/470/1407
f 1602/472/1409 1614/485/1421 1613/484/1420 1601/471/1408
f 1603/473/1410 1615/486/1422 1614/485/1421 1602/472/1409
f 1604/474/1411 1616/487/1423 1615/486/1422 1603/473/1410
f 1605/475/1412 1617/488/1424 1616/487/1423 1604/474/1411
f 1606/476/1413 1618/489/1425 1617/488/1424 1605/475/1412
f 1607/477/1414 1619/490/1426 1618/489/1425 1606/476/1413
f 1608/466/1404 1620/479/1416 1619/490/1426 1607/477/1414
f 1609/478/1415 1621/270/1427 1632/491/1428 1620/479/1416
f 1610/480/1417 1622/492/1429 1621/273/1427 1609/481/1415
f 1611/482/1418 1623/493/1229 1622/492/1429 1610/480/1417
f 1612/483/1419 1624/272/1430 1623/493/1229 1611/482/1418
f 1613/484/1420 1625/494/1431 1624/272/1430 1612/483/1419
f 1614/485/1421 1626/495/1432 1625/494/1431 1613/484/1420
f 1615/486/1422 1627/274/1433 1626/495/1432 1614/485/1421
f 1616/487/1423 1628/496/1434 1627/274/1433 1615/486/1422
f 1617/488/1424 1629/497/1241 1628/496/1434 1616/487/1423
f 1618/489/1425 1630/271/1435 1629/497/1241 1617/488/1424
f 1619/490/1426 1631/498/1436 1630/271/1435 1618/489/1425
f 1620/479/1416 1632/491/1428 1631/498/1436 1619/490/1426
