# Blender 5.1.1
# www.blender.org
mtllib carta.mtl
o Opened_Envelope_B.001
v -0.043997 0.015711 -0.107724
v -0.010061 0.014905 -0.052977
v -0.008001 0.014854 -0.055312
v -0.009251 0.014836 -0.057869
v -0.030053 0.016433 -0.087731
v -0.050577 0.015464 -0.117159
v -0.158100 0.015179 0.050987
v -0.078493 0.015339 -0.156060
v -0.079940 0.015327 -0.157730
v -0.081662 0.015316 -0.158602
v -0.084106 0.015393 -0.158918
v -0.085441 0.015389 -0.157965
v -0.120332 0.015299 -0.133307
v -0.231490 0.015394 -0.054747
v -0.254799 0.015388 -0.038581
v -0.256710 0.015385 -0.036739
v -0.257170 0.015319 -0.035536
v -0.256681 0.015338 -0.033931
v -0.046119 0.016145 -0.027566
v -0.221786 0.015338 0.015379
v -0.083410 0.013080 -0.080434
v -0.192714 0.015337 0.056919
v -0.185923 0.015339 0.066644
v -0.184904 0.015345 0.067650
v -0.182824 0.015344 0.067989
v -0.181747 0.015340 0.067507
v -0.195492 0.013002 -0.002828
v -0.058369 0.015337 -0.128015
v -0.055866 0.013764 -0.041382
v -0.167710 0.013002 0.037160
v -0.015828 0.015430 -0.067309
v -0.236016 0.015306 -0.004729
v -0.097605 0.013002 -0.100524
v -0.209365 0.013002 -0.022858
v -0.228506 0.015334 0.005883
v -0.089976 0.013003 -0.089727
v -0.201957 0.013002 -0.012162
v -0.013496 0.014832 -0.054320
v -0.180938 0.013002 0.018120
v -0.207149 0.015337 0.036294
v -0.069203 0.013483 -0.060296
v -0.013015 0.014825 -0.057773
v -0.231460 0.014751 -0.007816
v -0.233427 0.015139 -0.006529
v -0.118439 0.015013 -0.130466
v -0.117107 0.014567 -0.128474
v -0.049365 0.015194 -0.032185
v -0.048017 0.015795 -0.030266
v -0.161345 0.014349 0.046362
v -0.159992 0.014849 0.048281
v -0.016180 0.014505 -0.055318
v -0.015839 0.014529 -0.057668
v -0.011530 0.014795 -0.055703
v -0.018542 0.015284 -0.065423
v -0.020463 0.014975 -0.064073
v -0.034694 0.016110 -0.084499
v -0.032767 0.016391 -0.085841
v -0.046710 0.015671 -0.105832
v -0.048636 0.015393 -0.104489
v -0.055190 0.015149 -0.113886
v -0.053275 0.015425 -0.115245
v -0.228246 0.014427 -0.050083
v -0.229584 0.014978 -0.052000
v -0.249490 0.014670 -0.035782
v -0.249821 0.014732 -0.033433
v -0.254117 0.015188 -0.035407
v -0.181448 0.014917 0.060857
v -0.183483 0.015298 0.065212
v -0.183773 0.014964 0.060412
v -0.217167 0.014793 0.012124
v -0.219085 0.015212 0.013478
v -0.188069 0.014911 0.053700
v -0.190006 0.015289 0.055025
v -0.062986 0.015025 -0.124682
v -0.061082 0.015299 -0.126057
v -0.082024 0.015025 -0.151103
v -0.084356 0.015024 -0.151501
v -0.082428 0.015145 -0.155676
v -0.225849 0.015186 0.004042
v -0.223885 0.014774 0.002752
v -0.204444 0.015256 0.034396
v -0.202502 0.014856 0.033078
v -0.080648 0.015298 -0.153217
v -0.084953 0.015299 -0.153938
v -0.252033 0.015173 -0.036879
v -0.252869 0.015235 -0.033648
v -0.255793 0.015338 -0.032676
v -0.184354 0.015299 0.063863
v -0.181798 0.015299 0.064009
v -0.043992 0.015996 -0.107727
v -0.010055 0.015183 -0.052977
v -0.007997 0.015114 -0.055312
v -0.009243 0.015117 -0.057869
v -0.030047 0.016718 -0.087731
v -0.050572 0.015750 -0.117163
v -0.158097 0.015468 0.050990
v -0.078495 0.015628 -0.156060
v -0.079917 0.015609 -0.157744
v -0.081902 0.015778 -0.158970
v -0.257369 0.015529 -0.035796
v -0.257226 0.016078 -0.034697
v -0.046114 0.016433 -0.027567
v -0.221790 0.015623 0.015382
v -0.083411 0.017087 -0.080433
v -0.192719 0.015622 0.056922
v -0.185928 0.015619 0.066647
v -0.184907 0.015614 0.067654
v -0.182822 0.015615 0.067994
v -0.181743 0.015619 0.067512
v -0.195490 0.017009 -0.002829
v -0.058364 0.015623 -0.128019
v -0.054822 0.017872 -0.039913
v -0.166681 0.017009 0.038637
v -0.015815 0.015714 -0.067300
v -0.236020 0.015593 -0.004727
v -0.209363 0.017009 -0.022860
v -0.228510 0.015620 0.005886
v -0.089978 0.017010 -0.089726
v -0.201955 0.017009 -0.012163
v -0.013491 0.016271 -0.054328
v -0.180937 0.017009 0.018118
v -0.207153 0.015623 0.036297
v -0.069203 0.017487 -0.060294
v -0.013009 0.016264 -0.057763
v -0.233430 0.016082 -0.006528
v -0.067651 0.017009 -0.121340
v -0.022952 0.017781 -0.057719
v -0.025135 0.017387 -0.060740
v -0.039398 0.018055 -0.081210
v -0.053346 0.017357 -0.101210
v -0.059877 0.017123 -0.110576
v -0.087249 0.024589 -0.148636
v -0.119076 0.016903 -0.131599
v -0.228197 0.024340 -0.050265
v -0.245700 0.024451 -0.037621
v -0.048012 0.017021 -0.030271
v -0.181278 0.017009 0.053656
v -0.159991 0.015996 0.048281
v -0.212468 0.017009 0.008818
v -0.183313 0.017009 0.050477
v -0.016175 0.016207 -0.055323
v -0.015831 0.016207 -0.057656
v -0.011522 0.016234 -0.055703
v -0.018523 0.016215 -0.065408
v -0.032758 0.017173 -0.085842
v -0.046703 0.016454 -0.105837
v -0.053268 0.016209 -0.115250
v -0.230249 0.017341 -0.053035
v -0.250762 0.019113 -0.037594
v -0.251494 0.020494 -0.035815
v -0.254738 0.017087 -0.036281
v -0.117115 0.023595 -0.129048
v -0.052672 0.017905 -0.036890
v -0.181449 0.016243 0.060852
v -0.183484 0.016385 0.065219
v -0.183768 0.016244 0.060410
v -0.164647 0.017009 0.041657
v -0.219087 0.016083 0.013480
v -0.190010 0.016083 0.055028
v -0.061075 0.016083 -0.126062
v -0.083679 0.020701 -0.153465
v -0.085619 0.019373 -0.153301
v -0.083110 0.017386 -0.156656
v -0.226593 0.017009 -0.010886
v -0.225852 0.016082 0.004043
v -0.219030 0.017009 -0.000336
v -0.204448 0.016083 0.034399
v -0.197719 0.017009 0.029894
v -0.082015 0.019790 -0.155159
v -0.085594 0.017360 -0.154855
v -0.252644 0.017091 -0.037750
v -0.253977 0.018792 -0.035234
v -0.255789 0.015623 -0.032666
v -0.184352 0.016385 0.063863
v -0.181800 0.016385 0.064006
v -0.068431 0.015337 -0.142036
v -0.245905 0.015321 -0.018703
v -0.072503 0.015025 -0.137893
v -0.070867 0.015298 -0.139638
v -0.240640 0.014728 -0.020623
v -0.105725 0.013002 -0.112013
v -0.217288 0.013002 -0.034298
v -0.243148 0.015156 -0.020089
v -0.068428 0.015625 -0.142039
v -0.245908 0.015609 -0.018702
v -0.070864 0.016083 -0.139644
v -0.076009 0.017009 -0.132931
v -0.234646 0.017009 -0.022120
v -0.111732 0.032829 -0.121716
v -0.223680 0.034332 -0.043880
v -0.243150 0.016083 -0.020090
v -0.062017 0.013703 -0.050106
v -0.173812 0.013375 0.028378
v -0.022940 0.016409 -0.077522
v -0.199932 0.015337 0.046606
v -0.027579 0.015883 -0.074288
v -0.025655 0.016303 -0.075634
v -0.195286 0.014885 0.043389
v -0.197225 0.015268 0.044711
v -0.062013 0.017706 -0.050103
v -0.173809 0.017009 0.028377
v -0.022931 0.016695 -0.077515
v -0.199936 0.015623 0.046609
v -0.025640 0.017206 -0.075625
v -0.197229 0.016083 0.044713
v -0.032267 0.018211 -0.070975
v -0.190517 0.017009 0.040186
v -0.077262 0.015025 -0.144498
v -0.109746 0.013144 -0.117735
v -0.248009 0.015143 -0.026869
v -0.114542 0.028457 -0.125582
v -0.248007 0.015667 -0.026872
v -0.073462 0.015337 -0.149046
v -0.250849 0.015326 -0.025690
v -0.075759 0.015298 -0.146429
v -0.245231 0.014718 -0.027026
v -0.221207 0.013002 -0.039958
v -0.073462 0.015628 -0.149048
v -0.250849 0.015618 -0.025691
v -0.075757 0.015667 -0.146432
v -0.086302 0.017009 -0.108379
v -0.225955 0.029449 -0.047105
v -0.058425 0.013764 -0.045010
v -0.170248 0.013002 0.033507
v -0.196323 0.015337 0.051763
v -0.022100 0.015832 -0.070531
v -0.191678 0.014898 0.048545
v -0.058418 0.017798 -0.045007
v -0.170245 0.017009 0.033507
v -0.196328 0.015623 0.051766
v -0.022079 0.016767 -0.070515
v -0.186916 0.017009 0.045331
v -0.019386 0.015951 -0.072418
v -0.024022 0.015530 -0.069182
v -0.193616 0.015284 0.049868
v -0.019371 0.016238 -0.072406
v -0.193620 0.016083 0.049871
v -0.028699 0.017859 -0.065857
v -0.092154 0.015132 0.003766
v -0.128782 0.015133 0.029588
v -0.110468 0.015132 0.016677
v -0.202685 0.015254 -0.076323
v -0.166238 0.014937 -0.103126
v -0.184564 0.014999 -0.090057
v -0.129039 0.013002 -0.048597
v -0.165903 0.013002 -0.023106
v -0.147471 0.013002 -0.035852
v -0.101747 0.013002 -0.009854
v -0.138380 0.013002 0.015964
v -0.120063 0.013002 0.003055
v -0.179776 0.013002 -0.042801
v -0.142879 0.013005 -0.068245
v -0.161311 0.013002 -0.055499
v -0.172356 0.013002 -0.032267
v -0.135483 0.013002 -0.057744
v -0.153919 0.013002 -0.045005
v -0.114874 0.013002 -0.028488
v -0.151543 0.013002 -0.002721
v -0.133208 0.013002 -0.015605
v -0.094021 0.014795 0.001108
v -0.130654 0.014795 0.026925
v -0.112338 0.014795 0.014016
v -0.131986 0.014304 0.025030
v -0.095350 0.014304 -0.000783
v -0.113668 0.014303 0.012123
v -0.200745 0.015007 -0.073342
v -0.164350 0.014662 -0.100109
v -0.182651 0.014752 -0.087029
v -0.163006 0.014292 -0.097985
v -0.199366 0.014622 -0.071245
v -0.181288 0.014392 -0.084896
v -0.128780 0.015421 0.029591
v -0.092152 0.015420 0.003769
v -0.110465 0.015420 0.016680
v -0.165903 0.017009 -0.023106
v -0.138315 0.043612 -0.063134
v -0.157929 0.044269 -0.052155
v -0.137359 0.017009 0.017414
v -0.100728 0.017009 -0.008408
v -0.119043 0.017009 0.004503
v -0.150924 0.039184 -0.082373
v -0.189361 0.039296 -0.058398
v -0.169941 0.038877 -0.070288
v -0.144161 0.042005 -0.072231
v -0.163625 0.042329 -0.060884
v -0.151543 0.017009 -0.002721
v -0.114874 0.017009 -0.028488
v -0.133208 0.017009 -0.015605
v -0.130654 0.016066 0.026925
v -0.094021 0.016065 0.001108
v -0.112337 0.016066 0.014017
v -0.199985 0.023903 -0.072957
v -0.163117 0.023069 -0.099340
v -0.181638 0.023428 -0.086526
v -0.098607 0.017009 -0.005411
v -0.135250 0.017009 0.020393
v -0.116929 0.017009 0.007491
v -0.165276 0.017257 -0.101953
v -0.201769 0.017690 -0.075164
v -0.183674 0.017502 -0.088985
v -0.187670 0.013148 -0.054042
v -0.151158 0.013471 -0.080134
v -0.169422 0.013427 -0.067123
v -0.157400 0.031868 -0.091637
v -0.195280 0.032681 -0.066714
v -0.176200 0.032079 -0.079212
v -0.107801 0.013002 -0.018448
v -0.144451 0.013002 0.007346
v -0.126126 0.013002 -0.005551
v -0.144451 0.017009 0.007346
v -0.107801 0.017009 -0.018448
v -0.126126 0.017009 -0.005551
v -0.191793 0.013476 -0.060004
v -0.155416 0.013523 -0.086402
v -0.173661 0.013569 -0.073336
v -0.160482 0.027679 -0.095865
v -0.197797 0.028492 -0.070081
v -0.179134 0.028005 -0.083230
v -0.140905 0.013002 0.012379
v -0.104265 0.013002 -0.013428
v -0.122585 0.013002 -0.000524
v -0.104265 0.017009 -0.013428
v -0.140905 0.017009 0.012380
v -0.122585 0.017009 -0.000524
v -0.211979 0.014078 0.008545
v -0.206140 0.013526 0.004518
v -0.209034 0.013746 0.006514
v -0.096876 0.013868 -0.002947
v -0.100037 0.013248 -0.007429
v -0.098286 0.013548 -0.004946
v -0.060650 0.014199 -0.096178
v -0.066604 0.013769 -0.092059
v -0.063679 0.013943 -0.094083
v -0.080357 0.013534 -0.112560
v -0.074373 0.013924 -0.116736
v -0.077425 0.013684 -0.114606
v -0.185478 0.014033 0.044195
v -0.179600 0.013468 0.040069
v -0.182498 0.013692 0.042104
v -0.220774 0.013553 -0.015091
v -0.226650 0.014099 -0.011091
v -0.223684 0.013771 -0.013110
v -0.235879 0.014116 -0.023411
v -0.229689 0.013569 -0.027037
v -0.232750 0.013786 -0.025243
v -0.198428 0.014471 -0.069827
v -0.194898 0.013975 -0.064562
v -0.196796 0.014235 -0.067381
v -0.190852 0.013493 0.024997
v -0.196692 0.014049 0.029047
v -0.193744 0.013714 0.027003
v -0.072965 0.013588 -0.101541
v -0.067006 0.013994 -0.105680
v -0.070039 0.013748 -0.103573
v -0.212989 0.013539 -0.004659
v -0.218855 0.014087 -0.000669
v -0.215897 0.013758 -0.002681
v -0.180407 0.014272 -0.083530
v -0.176919 0.013917 -0.078205
v -0.178814 0.014095 -0.081083
v -0.166266 0.013204 0.039246
v -0.163035 0.013851 0.043917
v -0.164505 0.013507 0.041793
v -0.040068 0.013102 -0.052487
v -0.032865 0.013236 -0.055135
v -0.036783 0.013086 -0.054090
v -0.189198 0.014036 0.039134
v -0.183348 0.013562 0.035044
v -0.186241 0.013724 0.037067
v -0.158513 0.013808 -0.091056
v -0.161854 0.014130 -0.096186
v -0.160358 0.013966 -0.093873
v -0.242510 0.014140 -0.032229
v -0.234159 0.013577 -0.033030
v -0.237882 0.013798 -0.032103
v -0.223664 0.013375 -0.043482
v -0.226904 0.014038 -0.048142
v -0.225394 0.013683 -0.045965
v -0.133382 0.013905 0.023051
v -0.136673 0.013247 0.018384
v -0.134884 0.013559 0.020922
v -0.051513 0.014530 -0.035222
v -0.054524 0.013945 -0.039481
v -0.052815 0.014229 -0.037063
v -0.093130 0.013551 -0.131606
v -0.088427 0.013973 -0.137999
v -0.090644 0.013711 -0.134404
v -0.180277 0.014028 0.051268
v -0.176099 0.013460 0.044756
v -0.178393 0.013685 0.047633
v -0.118355 0.013248 0.005478
v -0.115100 0.013895 0.010093
v -0.116576 0.013556 0.008000
v -0.114936 0.014099 -0.125272
v -0.111926 0.013555 -0.120883
v -0.113622 0.013849 -0.123350
v -0.047009 0.014830 -0.075864
v -0.052947 0.014366 -0.071698
v -0.050032 0.014559 -0.073744
v -0.036518 0.013669 -0.060407
v -0.042540 0.013384 -0.056174
v -0.039600 0.013435 -0.058242
v -0.046008 0.013870 -0.061350
v -0.040041 0.014200 -0.065542
v -0.043086 0.013969 -0.063405
v -0.083049 0.013949 -0.129796
v -0.088903 0.013545 -0.125302
v -0.086046 0.013700 -0.127495
v -0.029895 0.013517 -0.051095
v -0.038806 0.013175 -0.050668
v -0.034207 0.013271 -0.050448
v -0.175486 0.013536 0.045654
v -0.178276 0.014385 0.054355
v -0.176673 0.014005 0.050197
v -0.094485 0.013750 -0.133698
v -0.090988 0.014336 -0.142221
v -0.093068 0.014054 -0.138225
v -0.235988 0.013791 -0.035380
v -0.245497 0.014388 -0.035963
v -0.240844 0.014082 -0.035878
v -0.254471 0.015667 -0.033127
v -0.239591 0.017009 -0.029012
v -0.253266 0.020394 -0.034246
v -0.241101 0.030000 -0.035644
v -0.243759 0.028740 -0.034956
v -0.244064 0.016410 -0.029062
v -0.249120 0.015836 -0.030913
v -0.155485 0.044689 -0.048207
v -0.165042 0.044886 -0.048276
v -0.230050 0.034905 -0.038875
v -0.208918 0.017009 -0.030078
v -0.221915 0.037912 -0.041361
v -0.104723 0.041283 -0.111856
v -0.097520 0.017009 -0.096405
v -0.131345 0.045581 -0.051994
v -0.136098 0.045940 -0.048151
v -0.133952 0.045979 -0.049116
v -0.132249 0.045759 -0.050817
v -0.085626 0.030166 -0.144400
v -0.080660 0.017008 -0.139389
v -0.080606 0.015667 -0.157151
v -0.080519 0.015667 -0.155836
v -0.081788 0.020275 -0.154860
v -0.080363 0.015667 -0.153608
v -0.083499 0.027933 -0.147584
v -0.082660 0.025830 -0.149745
v -0.251687 0.015667 -0.032022
v -0.255480 0.018388 -0.034552
v -0.247459 0.026266 -0.033889
v -0.251308 0.022394 -0.034018
v -0.185188 0.044240 -0.048207
v -0.145314 0.017009 -0.043129
v -0.147920 0.017009 -0.036397
v -0.207923 0.041546 -0.045102
v -0.230211 0.017009 -0.029437
v -0.113234 0.042815 -0.093762
v -0.082972 0.017009 -0.133473
v -0.120886 0.043524 -0.074913
v -0.081269 0.017240 -0.158116
v -0.081440 0.018146 -0.157144
v -0.084938 0.029570 -0.145516
v -0.079760 0.016611 -0.142245
v -0.079547 0.016284 -0.145317
v -0.080297 0.015667 -0.152722
v -0.091639 0.034818 -0.134749
v -0.081699 0.019669 -0.155508
v -0.110790 0.017009 -0.063019
v -0.155494 0.017009 -0.031299
v -0.148903 0.017009 -0.048343
v -0.147209 0.017009 -0.052174
v -0.145522 0.017009 -0.054500
v -0.142851 0.017009 -0.056701
v -0.139532 0.017009 -0.058271
v -0.133291 0.017009 -0.060255
v -0.143596 0.043539 -0.060004
v -0.141181 0.043595 -0.061415
v -0.139615 0.043613 -0.062348
v -0.140304 0.017009 -0.010619
v -0.096753 0.017011 -0.041108
v -0.138492 0.017009 -0.042742
v -0.151950 0.017009 -0.026474
v -0.101542 0.017009 -0.068901
v -0.096590 0.017009 -0.085079
v -0.184341 0.017009 -0.023002
v -0.092784 0.017009 -0.093698
v -0.106967 0.017009 -0.057051
v -0.183481 0.017009 -0.030673
v -0.141195 0.017009 -0.047264
v -0.129706 0.017009 -0.054071
v -0.135272 0.017009 -0.051792
v -0.119152 0.017009 -0.056572
v -0.107835 0.017009 -0.070618
v -0.101598 0.017009 -0.086365
v -0.092347 0.017009 -0.109434
v -0.167160 0.017009 -0.031042
v -0.119103 0.017009 -0.061998
v -0.106336 0.017009 -0.034434
v -0.152944 0.017009 -0.037894
v -0.030129 0.016524 -0.087676
v -0.080249 0.015429 -0.157486
v -0.081942 0.015429 -0.158358
v -0.084070 0.015429 -0.158272
v -0.085122 0.015429 -0.157516
v -0.120029 0.015316 -0.132884
v -0.231182 0.015439 -0.054313
v -0.254478 0.015429 -0.038137
v -0.256374 0.015429 -0.036311
v -0.257100 0.015429 -0.035550
v -0.256601 0.015429 -0.033982
v -0.083411 0.013211 -0.080433
v -0.195490 0.013133 -0.002829
v -0.055865 0.013895 -0.041386
v -0.167711 0.013133 0.037155
v -0.097607 0.013133 -0.100523
v -0.209363 0.013133 -0.022860
v -0.089978 0.013134 -0.089726
v -0.201955 0.013133 -0.012163
v -0.013500 0.014963 -0.054333
v -0.180937 0.013133 0.018118
v -0.207072 0.015429 0.036240
v -0.069204 0.013614 -0.060294
v -0.013020 0.014956 -0.057763
v -0.231445 0.014881 -0.007827
v -0.233416 0.015269 -0.006537
v -0.118438 0.015108 -0.130491
v -0.117103 0.014668 -0.128492
v -0.049379 0.015322 -0.032209
v -0.048025 0.015925 -0.030284
v -0.161356 0.014478 0.046343
v -0.160001 0.014979 0.048267
v -0.016189 0.014635 -0.055329
v -0.015848 0.014659 -0.057659
v -0.011532 0.014926 -0.055704
v -0.018545 0.015415 -0.065408
v -0.020470 0.015105 -0.064055
v -0.034703 0.016240 -0.084488
v -0.032772 0.016521 -0.085834
v -0.046716 0.015801 -0.105828
v -0.048647 0.015523 -0.104482
v -0.055200 0.015280 -0.113879
v -0.053281 0.015556 -0.115241
v -0.228231 0.014579 -0.050069
v -0.229574 0.015121 -0.051996
v -0.249476 0.014800 -0.035773
v -0.249805 0.014862 -0.033441
v -0.254110 0.015319 -0.035406
v -0.181452 0.015047 0.060842
v -0.183482 0.015429 0.065209
v -0.183763 0.015095 0.060402
v -0.217151 0.014922 0.012113
v -0.219074 0.015342 0.013471
v -0.188055 0.015041 0.053690
v -0.189998 0.015419 0.055019
v -0.062996 0.015155 -0.124675
v -0.061088 0.015430 -0.126053
v -0.082031 0.015155 -0.151096
v -0.084348 0.015155 -0.151486
v -0.082428 0.015275 -0.155673
v -0.225838 0.015316 0.004034
v -0.223870 0.014903 0.002741
v -0.204435 0.015387 0.034389
v -0.202487 0.014986 0.033067
v -0.080657 0.015429 -0.153215
v -0.084940 0.015429 -0.153925
v -0.252022 0.015303 -0.036865
v -0.252857 0.015365 -0.033658
v -0.184346 0.015429 0.063858
v -0.181805 0.015429 0.063999
v -0.044073 0.015910 -0.107671
v -0.010124 0.015100 -0.053051
v -0.008105 0.015040 -0.055326
v -0.009331 0.015034 -0.057820
v -0.050653 0.015663 -0.117106
v -0.158156 0.015384 0.050908
v -0.078568 0.015536 -0.156002
v -0.082153 0.015771 -0.158659
v -0.257245 0.015538 -0.035756
v -0.257103 0.016034 -0.034695
v -0.046172 0.016347 -0.027647
v -0.221709 0.015536 0.015325
v -0.083411 0.016956 -0.080433
v -0.192638 0.015536 0.056865
v -0.185850 0.015536 0.066583
v -0.184858 0.015536 0.067561
v -0.182837 0.015536 0.067890
v -0.181794 0.015536 0.067424
v -0.195490 0.016878 -0.002829
v -0.058444 0.015537 -0.127961
v -0.054826 0.017741 -0.039914
v -0.166681 0.016878 0.038637
v -0.015900 0.015628 -0.067250
v -0.235939 0.015507 -0.004784
v -0.209363 0.016878 -0.022860
v -0.228429 0.015533 0.005829
v -0.089978 0.016879 -0.089726
v -0.201955 0.016878 -0.012163
v -0.013500 0.015486 -0.054333
v -0.180937 0.016878 0.018118
v -0.069204 0.017356 -0.060294
v -0.013020 0.015479 -0.057763
v -0.233416 0.015952 -0.006537
v -0.067657 0.016878 -0.121336
v -0.022969 0.016998 -0.057724
v -0.025149 0.017257 -0.060742
v -0.039405 0.017924 -0.081207
v -0.053352 0.017227 -0.101206
v -0.059883 0.016993 -0.110571
v -0.087192 0.024517 -0.148541
v -0.119014 0.016813 -0.131508
v -0.228132 0.024264 -0.050172
v -0.245630 0.024379 -0.037536
v -0.048025 0.016891 -0.030284
v -0.181278 0.016878 0.053647
v -0.160001 0.015866 0.048267
v -0.212462 0.016878 0.008814
v -0.183308 0.016878 0.050472
v -0.016189 0.015422 -0.055329
v -0.015848 0.015423 -0.057659
v -0.011532 0.015449 -0.055704
v -0.018545 0.016086 -0.065408
v -0.032772 0.017044 -0.085834
v -0.046716 0.016324 -0.105828
v -0.053281 0.016079 -0.115241
v -0.230187 0.017258 -0.052946
v -0.250693 0.019047 -0.037504
v -0.251420 0.020420 -0.035737
v -0.254672 0.017001 -0.036206
v -0.116805 0.023211 -0.128589
v -0.052680 0.017774 -0.036896
v -0.181452 0.015811 0.060842
v -0.183482 0.015953 0.065209
v -0.183763 0.015811 0.060402
v -0.164652 0.016878 0.041651
v -0.219074 0.015953 0.013471
v -0.189998 0.015953 0.055019
v -0.061088 0.015953 -0.126053
v -0.083629 0.020627 -0.153368
v -0.085557 0.019307 -0.153205
v -0.083061 0.017298 -0.156572
v -0.226587 0.016878 -0.010891
v -0.225838 0.015953 0.004034
v -0.219024 0.016878 -0.000340
v -0.204435 0.015953 0.034389
v -0.197713 0.016878 0.029890
v -0.081961 0.019711 -0.155069
v -0.085537 0.017274 -0.154774
v -0.252586 0.017007 -0.037668
v -0.253908 0.018714 -0.035154
v -0.255716 0.015536 -0.032731
v -0.184346 0.015953 0.063858
v -0.181805 0.015953 0.063999
v -0.068506 0.015429 -0.141982
v -0.072514 0.015155 -0.137886
v -0.070873 0.015429 -0.139634
v -0.240625 0.014858 -0.020634
v -0.105709 0.013137 -0.111988
v -0.217286 0.013133 -0.034300
v -0.243136 0.015286 -0.020098
v -0.245828 0.015521 -0.018757
v -0.070873 0.015952 -0.139634
v -0.076015 0.016878 -0.132925
v -0.234639 0.016878 -0.022124
v -0.111434 0.032223 -0.121313
v -0.223552 0.034129 -0.043689
v -0.243136 0.015952 -0.020098
v -0.062015 0.013834 -0.050104
v -0.173809 0.013506 0.028377
v -0.199855 0.015429 0.046553
v -0.027586 0.016012 -0.074271
v -0.025658 0.016433 -0.075621
v -0.195271 0.015015 0.043379
v -0.197216 0.015399 0.044704
v -0.062015 0.017576 -0.050104
v -0.173809 0.016878 0.028377
v -0.023014 0.016609 -0.077463
v -0.025658 0.017077 -0.075621
v -0.197216 0.015953 0.044704
v -0.032277 0.018081 -0.070974
v -0.190510 0.016878 0.040181
v -0.077273 0.015155 -0.144491
v -0.109741 0.013300 -0.117733
v -0.247996 0.015273 -0.026878
v -0.114188 0.027867 -0.125075
v -0.247996 0.015536 -0.026878
v -0.073537 0.015429 -0.148992
v -0.245215 0.014848 -0.027037
v -0.221191 0.013133 -0.039939
v -0.250772 0.015527 -0.025744
v -0.075765 0.015536 -0.146424
v -0.086302 0.016878 -0.108379
v -0.225895 0.029365 -0.047019
v -0.058420 0.013895 -0.045009
v -0.170245 0.013133 0.033507
v -0.022102 0.015962 -0.070514
v -0.191663 0.015028 0.048534
v -0.058420 0.017668 -0.045009
v -0.170245 0.016878 0.033507
v -0.196247 0.015536 0.051709
v -0.022102 0.016637 -0.070514
v -0.186909 0.016878 0.045327
v -0.019457 0.016042 -0.072356
v -0.024028 0.015660 -0.069163
v -0.193607 0.015415 0.049862
v -0.193607 0.015953 0.049862
v -0.028713 0.017729 -0.065858
v -0.202401 0.015259 -0.075921
v -0.165952 0.014912 -0.102719
v -0.184282 0.014986 -0.089656
v -0.129039 0.013133 -0.048597
v -0.165903 0.013133 -0.023106
v -0.147471 0.013133 -0.035852
v -0.101750 0.013133 -0.009858
v -0.138383 0.013133 0.015959
v -0.120067 0.013133 0.003051
v -0.179773 0.013133 -0.042797
v -0.142880 0.013139 -0.068247
v -0.161307 0.013135 -0.055494
v -0.172356 0.013133 -0.032267
v -0.135483 0.013133 -0.057744
v -0.153919 0.013133 -0.045005
v -0.114874 0.013133 -0.028488
v -0.151543 0.013133 -0.002721
v -0.133208 0.013133 -0.015605
v -0.094032 0.014924 0.001092
v -0.130665 0.014925 0.026909
v -0.112349 0.014924 0.014000
v -0.132000 0.014432 0.025010
v -0.095364 0.014432 -0.000803
v -0.113682 0.014432 0.012104
v -0.200769 0.015073 -0.073414
v -0.164367 0.014699 -0.100183
v -0.182674 0.014792 -0.087110
v -0.163024 0.014331 -0.098057
v -0.199390 0.014695 -0.071312
v -0.181313 0.014437 -0.084975
v -0.128838 0.015337 0.029509
v -0.092209 0.015336 0.003686
v -0.110523 0.015336 0.016598
v -0.165903 0.016878 -0.023106
v -0.138293 0.041187 -0.063094
v -0.157881 0.043063 -0.051976
v -0.137359 0.016878 0.017414
v -0.100728 0.016878 -0.008408
v -0.119043 0.016878 0.004503
v -0.150734 0.034603 -0.082085
v -0.189012 0.037765 -0.057726
v -0.169904 0.035505 -0.070227
v -0.144137 0.038344 -0.072185
v -0.163562 0.039751 -0.060756
v -0.151543 0.016878 -0.002721
v -0.114874 0.016878 -0.028488
v -0.133208 0.016878 -0.015605
v -0.130665 0.015936 0.026909
v -0.094032 0.015936 0.001092
v -0.112349 0.015936 0.014000
v -0.199693 0.023528 -0.072556
v -0.162923 0.022577 -0.099039
v -0.181444 0.022931 -0.086229
v -0.098611 0.016878 -0.005417
v -0.135255 0.016878 0.020386
v -0.116933 0.016878 0.007485
v -0.165210 0.017154 -0.101848
v -0.201704 0.017593 -0.075067
v -0.183608 0.017404 -0.088883
v -0.187688 0.013308 -0.054075
v -0.151193 0.013608 -0.080195
v -0.169457 0.013578 -0.067184
v -0.157272 0.029364 -0.091428
v -0.194591 0.031024 -0.065641
v -0.176069 0.029943 -0.079004
v -0.107801 0.013133 -0.018448
v -0.144451 0.013133 0.007346
v -0.126126 0.013133 -0.005551
v -0.144451 0.016878 0.007346
v -0.107801 0.016878 -0.018448
v -0.126126 0.016878 -0.005551
v -0.191821 0.013617 -0.060059
v -0.155452 0.013612 -0.086476
v -0.173700 0.013671 -0.073413
v -0.160217 0.026174 -0.095454
v -0.197303 0.027619 -0.069382
v -0.178868 0.026625 -0.082822
v -0.140905 0.013133 0.012380
v -0.104265 0.013133 -0.013428
v -0.122585 0.013133 -0.000524
v -0.104265 0.016878 -0.013428
v -0.140905 0.016878 0.012380
v -0.122585 0.016878 -0.000524
v -0.211968 0.014208 0.008537
v -0.206135 0.013657 0.004514
v -0.209026 0.013877 0.006508
v -0.096887 0.013998 -0.002962
v -0.100044 0.013378 -0.007438
v -0.098294 0.013679 -0.004958
v -0.060657 0.014329 -0.096173
v -0.066608 0.013900 -0.092057
v -0.063684 0.014074 -0.094079
v -0.080360 0.013665 -0.112558
v -0.074381 0.014055 -0.116730
v -0.077431 0.013815 -0.114602
v -0.185467 0.014163 0.044187
v -0.179594 0.013599 0.040066
v -0.182490 0.013823 0.042099
v -0.220769 0.013684 -0.015095
v -0.226639 0.014230 -0.011099
v -0.223676 0.013901 -0.013115
v -0.235869 0.014246 -0.023419
v -0.229684 0.013700 -0.027041
v -0.232742 0.013917 -0.025249
v -0.198455 0.014552 -0.069897
v -0.194927 0.014084 -0.064625
v -0.196826 0.014328 -0.067450
v -0.190848 0.013624 0.024993
v -0.196681 0.014179 0.029039
v -0.193737 0.013845 0.026997
v -0.072969 0.013718 -0.101539
v -0.067013 0.014125 -0.105674
v -0.070045 0.013879 -0.103569
v -0.212984 0.013670 -0.004663
v -0.218844 0.014218 -0.000677
v -0.215889 0.013888 -0.002687
v -0.180437 0.014322 -0.083614
v -0.176954 0.013988 -0.078286
v -0.178847 0.014153 -0.081167
v -0.166271 0.013334 0.039235
v -0.163044 0.013981 0.043901
v -0.164512 0.013637 0.041780
v -0.040063 0.013233 -0.052488
v -0.032869 0.013366 -0.055128
v -0.036781 0.013217 -0.054086
v -0.189187 0.014166 0.039126
v -0.183343 0.013693 0.035041
v -0.186233 0.013855 0.037061
v -0.158545 0.013871 -0.091133
v -0.161878 0.014173 -0.096263
v -0.160386 0.014017 -0.093951
v -0.242500 0.014271 -0.032232
v -0.234152 0.013707 -0.033030
v -0.237874 0.013929 -0.032105
v -0.223638 0.013505 -0.043448
v -0.226887 0.014189 -0.048124
v -0.225372 0.013822 -0.045938
v -0.133393 0.014035 0.023036
v -0.136680 0.013378 0.018375
v -0.134892 0.013689 0.020909
v -0.051523 0.014659 -0.035243
v -0.054526 0.014076 -0.039491
v -0.052820 0.014359 -0.037078
v -0.093118 0.013682 -0.131582
v -0.088425 0.014104 -0.137982
v -0.090637 0.013842 -0.134384
v -0.180272 0.014159 0.051257
v -0.176097 0.013591 0.044749
v -0.178390 0.013816 0.047624
v -0.118362 0.013378 0.005468
v -0.115112 0.014024 0.010077
v -0.116585 0.013686 0.007988
v -0.114934 0.014213 -0.125286
v -0.111923 0.013692 -0.120888
v -0.113620 0.013972 -0.123361
v -0.047014 0.014960 -0.075855
v -0.052947 0.014496 -0.071694
v -0.050034 0.014690 -0.073737
v -0.036519 0.013799 -0.060391
v -0.042532 0.013515 -0.056168
v -0.039595 0.013565 -0.058230
v -0.046004 0.014001 -0.061343
v -0.040043 0.014330 -0.065528
v -0.043082 0.014099 -0.063394
v -0.083057 0.014080 -0.129790
v -0.088906 0.013676 -0.125298
v -0.086052 0.013831 -0.127491
v -0.029905 0.013646 -0.051110
v -0.038804 0.013306 -0.050677
v -0.034210 0.013401 -0.050461
v -0.175489 0.013666 0.045642
v -0.178280 0.014515 0.054341
v -0.176677 0.014135 0.050183
v -0.094465 0.013881 -0.133664
v -0.090970 0.014467 -0.142190
v -0.093048 0.014185 -0.138191
v -0.235979 0.013922 -0.035374
v -0.245487 0.014519 -0.035957
v -0.240835 0.014213 -0.035872
v -0.254473 0.015536 -0.033134
v -0.239580 0.016878 -0.029017
v -0.253194 0.020316 -0.034170
v -0.241041 0.029922 -0.035559
v -0.243694 0.028661 -0.034875
v -0.244046 0.016281 -0.029074
v -0.249106 0.015706 -0.030923
v -0.155458 0.044564 -0.048159
v -0.165010 0.044760 -0.048222
v -0.229993 0.034828 -0.038792
v -0.208918 0.016878 -0.030078
v -0.221861 0.037737 -0.041285
v -0.104673 0.041190 -0.111781
v -0.097520 0.016878 -0.096405
v -0.131321 0.045450 -0.051951
v -0.136074 0.045812 -0.048108
v -0.133929 0.045852 -0.049073
v -0.132225 0.045630 -0.050774
v -0.081371 0.015854 -0.158464
v -0.085566 0.030088 -0.144314
v -0.080672 0.016878 -0.139381
v -0.080612 0.015536 -0.157159
v -0.080519 0.015536 -0.155836
v -0.081739 0.020197 -0.154766
v -0.080363 0.015536 -0.153608
v -0.083456 0.027855 -0.147486
v -0.082616 0.025753 -0.149648
v -0.251685 0.015536 -0.032024
v -0.255411 0.018315 -0.034468
v -0.247381 0.026188 -0.033816
v -0.251231 0.022317 -0.033945
v -0.185146 0.044130 -0.048141
v -0.145314 0.016878 -0.043129
v -0.147920 0.016878 -0.036397
v -0.207873 0.041402 -0.045029
v -0.230211 0.016878 -0.029437
v -0.113194 0.042705 -0.093697
v -0.082976 0.016878 -0.133470
v -0.120857 0.043394 -0.074863
v -0.081220 0.017162 -0.158023
v -0.081380 0.018067 -0.157059
v -0.084883 0.029491 -0.145427
v -0.079777 0.016482 -0.142232
v -0.079564 0.016155 -0.145304
v -0.080300 0.015536 -0.152719
v -0.091581 0.034738 -0.134666
v -0.081639 0.019590 -0.155423
v -0.110790 0.016878 -0.063019
v -0.155494 0.016878 -0.031299
v -0.148903 0.016878 -0.048343
v -0.147209 0.016878 -0.052174
v -0.145522 0.016878 -0.054500
v -0.142851 0.016878 -0.056701
v -0.139532 0.016878 -0.058271
v -0.133291 0.016878 -0.060255
v -0.143570 0.041356 -0.059958
v -0.141160 0.041243 -0.061375
v -0.139594 0.041200 -0.062308
v -0.140304 0.016878 -0.010619
v -0.096753 0.016881 -0.041108
v -0.138492 0.016878 -0.042742
v -0.151950 0.016878 -0.026474
v -0.101542 0.016878 -0.068901
v -0.096590 0.016878 -0.085079
v -0.184341 0.016878 -0.023002
v -0.092784 0.016878 -0.093698
v -0.106967 0.016878 -0.057051
v -0.183481 0.016878 -0.030673
v -0.141195 0.016878 -0.047264
v -0.129706 0.016878 -0.054071
v -0.135272 0.016878 -0.051792
v -0.119152 0.016878 -0.056572
v -0.107835 0.016878 -0.070618
v -0.101598 0.016878 -0.086365
v -0.092347 0.016878 -0.109434
v -0.167160 0.016878 -0.031042
v -0.119103 0.016878 -0.061998
v -0.106336 0.016878 -0.034434
v -0.152944 0.016878 -0.037894
v -0.177042 0.016366 0.060575
v -0.081175 0.015320 -0.158355
v -0.081070 0.015851 -0.158753
v -0.026906 0.016588 -0.057291
v -0.076735 0.014919 -0.128155
v -0.178765 0.014919 0.049493
v -0.228595 0.014919 -0.021371
v -0.079161 0.016569 -0.026374
v -0.121698 0.016424 -0.101841
v -0.174611 0.016424 0.027425
v -0.217148 0.016424 -0.048042
v -0.187001 0.042091 -0.052635
v -0.177085 0.043522 -0.052971
v -0.198028 0.040346 -0.052190
v -0.130234 0.042370 -0.081927
v -0.124452 0.040387 -0.099266
v -0.202031 0.039634 -0.051076
vn 0.0107 -0.9999 -0.0067
vn 0.0098 -1.0000 -0.0003
vn 0.0074 -1.0000 0.0021
vn 0.0168 -0.9999 -0.0009
vn -0.0362 -0.9990 0.0255
vn -0.0466 -0.9989 0.0013
vn -0.0262 -0.9990 -0.0353
vn -0.0115 -0.9999 -0.0018
vn 0.0921 -0.9851 0.1449
vn 0.1071 -0.9828 0.1503
vn 0.0849 -0.9892 0.1196
vn 0.0705 -0.9915 0.1090
vn 0.0049 -1.0000 0.0024
vn 0.0157 -0.9999 0.0008
vn 0.0148 -0.9998 0.0167
vn 0.0257 -0.9995 0.0201
vn 0.0090 -1.0000 -0.0038
vn 0.0013 -1.0000 -0.0089
vn -0.0018 -1.0000 -0.0060
vn -0.0098 -0.9999 0.0044
vn -0.0050 -0.9999 -0.0165
vn -0.0479 -0.9962 -0.0722
vn -0.0471 -0.9975 -0.0529
vn -0.0756 -0.9930 -0.0906
vn -0.0691 -0.9919 -0.1067
vn 0.0611 -0.9979 -0.0220
vn 0.0615 -0.9981 -0.0101
vn 0.0254 -0.9996 0.0152
vn 0.0232 -0.9997 0.0058
vn 0.0538 -0.9984 -0.0199
vn 0.0465 -0.9985 -0.0284
vn 0.0117 -0.9999 -0.0033
vn 0.0185 -0.9998 0.0058
vn 0.0975 -0.9880 0.1198
vn 0.0818 -0.9895 0.1188
vn 0.0513 -0.9958 0.0757
vn 0.0694 -0.9945 0.0783
vn -0.0564 -0.9942 -0.0916
vn -0.0708 -0.9907 -0.1159
vn -0.0853 -0.9944 0.0624
vn -0.0855 -0.9944 0.0625
vn -0.1033 -0.9918 0.0750
vn -0.1041 -0.9917 0.0760
vn 0.0010 -0.9995 -0.0330
vn 0.0408 -0.9984 -0.0394
vn 0.0186 -0.9998 -0.0049
vn 0.0317 -0.9982 -0.0504
vn -0.0295 -0.9977 -0.0612
vn -0.0130 -0.9980 -0.0621
vn -0.0572 -0.9949 -0.0829
vn -0.0687 -0.9928 -0.0986
vn -0.0999 -0.9852 -0.1394
vn -0.0885 -0.9890 -0.1184
vn -0.0832 -0.9901 -0.1134
vn -0.0875 -0.9890 -0.1193
vn -0.0576 -0.9953 -0.0775
vn -0.0585 -0.9953 -0.0778
vn -0.0750 -0.9971 -0.0116
vn -0.0421 -0.9990 -0.0162
vn -0.0457 -0.9973 -0.0583
vn -0.0341 -0.9989 0.0331
vn -0.0114 -0.9999 0.0086
vn -0.0539 -0.9979 0.0367
vn -0.0096 -0.9988 0.0473
vn -0.0075 -0.9999 0.0133
vn -0.0486 -0.9959 -0.0767
vn -0.0284 -0.9986 -0.0446
vn 0.0709 -0.9969 -0.0334
vn 0.0647 -0.9971 -0.0413
vn 0.0715 -0.9964 -0.0461
vn 0.0777 -0.9963 -0.0377
vn -0.0417 -0.9987 0.0306
vn -0.0824 -0.9948 0.0602
vn -0.0793 -0.9951 0.0594
vn -0.0360 -0.9990 0.0282
vn -0.0133 -0.9999 0.0103
vn -0.0627 -0.9970 0.0454
vn -0.0577 -0.9975 0.0401
vn -0.0119 -0.9999 0.0087
vn 0.0031 -0.9999 0.0147
vn -0.0750 -0.9957 0.0546
vn -0.0277 -0.9994 0.0207
vn 0.0472 -0.9966 -0.0681
vn 0.0056 -0.9993 -0.0378
vn 0.0630 -0.9970 -0.0445
vn 0.0485 -0.9974 -0.0531
vn 0.0713 -0.9961 -0.0510
vn 0.0698 -0.9963 -0.0494
vn 0.0012 -1.0000 -0.0081
vn 0.0240 -0.9996 -0.0154
vn 0.0296 -0.9995 -0.0119
vn 0.0083 -1.0000 -0.0022
vn -0.0762 -0.9925 -0.0954
vn -0.0556 -0.9963 -0.0654
vn 0.5844 -0.0135 0.8113
vn 0.5844 -0.0135 0.8114
vn 0.5821 -0.0148 0.8130
vn -0.0837 -0.9946 0.0615
vn -0.0843 -0.9945 0.0620
vn -0.1036 -0.9917 0.0764
vn -0.1037 -0.9917 0.0761
vn -0.0520 -0.9933 -0.1030
vn -0.0616 -0.9918 -0.1123
vn 0.0471 -0.9971 -0.0601
vn 0.0015 -0.9995 -0.0306
vn -0.0307 -0.9992 -0.0272
vn -0.0898 -0.9941 0.0606
vn -0.0394 -0.9989 0.0245
vn 0.0528 -0.9920 0.1151
vn 0.0211 -0.9971 0.0732
vn -0.0074 -0.9999 -0.0081
vn -0.0134 -0.9998 -0.0126
vn -0.0045 -0.9999 -0.0115
vn -0.0000 -1.0000 -0.0000
vn -0.0090 -0.9999 0.0063
vn -0.0712 -0.9961 0.0513
vn -0.0230 -0.9996 0.0170
vn 0.0366 -0.9993 0.0115
vn 0.0100 -0.9999 0.0131
vn 0.0356 -0.9963 -0.0782
vn 0.0054 -0.9985 -0.0536
vn -0.0087 -0.9999 0.0061
vn 0.0009 -1.0000 0.0008
vn 0.0435 -0.9986 -0.0314
vn 0.0502 -0.9984 -0.0267
vn 0.0092 -0.9999 -0.0067
vn 0.0949 -0.9884 0.1187
vn 0.1001 -0.9841 0.1468
vn 0.1170 -0.9784 0.1702
vn 0.1185 -0.9813 0.1515
vn -0.1066 -0.9867 -0.1231
vn -0.0800 -0.9940 -0.0751
vn -0.0815 -0.9959 0.0390
vn -0.1124 -0.9919 0.0594
vn -0.0728 -0.9943 0.0782
vn -0.1018 -0.9922 0.0726
vn -0.0665 -0.9952 0.0712
vn 0.1024 -0.9822 0.1573
vn 0.0704 -0.9955 -0.0642
vn 0.0570 -0.9900 0.1290
vn 0.0648 -0.9930 -0.0983
vn 0.0814 -0.9956 -0.0468
vn 0.0864 -0.9958 -0.0287
vn 0.0673 0.9906 0.1187
vn 0.0962 0.9821 0.1617
vn 0.1205 0.9773 0.1745
vn 0.0837 0.9887 0.1242
vn 0.0497 -0.9944 0.0930
vn -0.1004 -0.9923 0.0728
vn -0.0536 -0.9945 -0.0903
vn 0.0576 -0.9905 -0.1249
vn 0.0270 -0.9947 -0.0987
vn -0.0596 -0.9938 -0.0940
vn -0.1073 -0.9911 0.0782
vn -0.0860 -0.9944 0.0615
vn -0.0034 -0.9972 -0.0753
vn 0.0229 -0.9985 0.0503
vn -0.0335 -0.9977 -0.0597
vn -0.0450 -0.9985 0.0315
vn 0.0439 -0.9966 0.0699
vn -0.0163 0.9999 -0.0009
vn -0.0194 0.9998 -0.0068
vn -0.0134 0.9999 -0.0042
vn -0.0122 0.9999 -0.0032
vn -0.0074 1.0000 -0.0050
vn -0.0156 0.9999 -0.0072
vn -0.0018 0.9997 -0.0241
vn 0.0095 0.9998 -0.0193
vn -0.4508 0.5736 -0.6839
vn -0.4706 0.5185 -0.7139
vn -0.5120 0.4788 -0.7131
vn -0.4733 0.5635 -0.6771
vn 0.0345 0.9969 0.0706
vn 0.0413 0.9970 0.0661
vn -0.0000 1.0000 -0.0000
vn -0.4645 0.5465 -0.6968
vn -0.3824 0.7301 -0.5663
vn -0.4300 0.6322 -0.6446
vn -0.2155 0.8862 -0.4101
vn -0.3461 0.7784 -0.5237
vn -0.3350 0.7775 -0.5322
vn -0.2070 0.8781 -0.4313
vn -0.1013 0.9922 0.0724
vn -0.0330 0.9992 0.0236
vn -0.0366 0.9991 0.0224
vn -0.1044 0.9925 0.0644
vn -0.0036 0.9999 0.0104
vn -0.0075 1.0000 0.0006
vn 0.0357 0.9992 -0.0152
vn 0.0395 0.9991 0.0149
vn 0.0862 0.9926 -0.0857
vn 0.1033 0.9900 -0.0958
vn 0.0970 0.9902 -0.1003
vn 0.0816 0.9927 -0.0891
vn 0.0891 0.9927 -0.0811
vn 0.1033 0.9904 -0.0915
vn 0.1079 0.9907 -0.0830
vn 0.0951 0.9927 -0.0736
vn -0.5349 0.4791 -0.6960
vn -0.4912 0.5844 -0.6459
vn -0.4349 0.6811 -0.5890
vn -0.5141 0.5149 -0.6860
vn -0.0262 0.9995 0.0187
vn -0.3937 0.6568 -0.6432
vn -0.4655 0.6088 -0.6424
vn -0.3749 0.5894 -0.7156
vn -0.3304 0.5789 -0.7455
vn -0.2334 0.6937 -0.6814
vn -0.2492 0.7784 -0.5761
vn -0.4666 0.6308 -0.6200
vn -0.5147 0.5205 -0.6813
vn -0.5011 0.5344 -0.6806
vn -0.4700 0.6083 -0.6396
vn -0.4604 0.6128 -0.6422
vn -0.4009 0.7040 -0.5862
vn -0.4610 0.5606 -0.6879
vn -0.3833 0.7225 -0.5753
vn -0.3878 0.7400 -0.5495
vn -0.4800 0.5507 -0.6829
vn -0.5069 0.6308 -0.5876
vn -0.4984 0.7111 -0.4959
vn -0.5213 0.7594 -0.3894
vn -0.5541 0.6150 -0.5610
vn -0.1756 0.9786 0.1069
vn -0.1423 0.9670 0.2113
vn -0.0160 0.9944 0.1040
vn -0.1117 0.9913 0.0703
vn -0.3591 0.7864 -0.5027
vn -0.4680 0.5723 -0.6734
vn -0.0265 0.9995 0.0186
vn -0.0266 0.9995 0.0186
vn -0.1229 0.9886 0.0873
vn -0.1173 0.9896 0.0828
vn -0.0996 0.9925 0.0710
vn -0.1129 0.9905 0.0790
vn -0.1499 0.9844 0.0919
vn -0.1053 0.9921 0.0684
vn -0.0989 0.9927 0.0692
vn 0.0668 0.9677 0.2431
vn -0.1132 0.9904 0.0797
vn -0.0988 0.9927 0.0696
vn 0.1156 0.9916 -0.0584
vn 0.1351 0.9887 -0.0655
vn -0.5535 0.5726 -0.6048
vn -0.5381 0.5743 -0.6170
vn -0.5567 0.5959 -0.5788
vn 0.0675 0.9968 0.0420
vn 0.1327 0.9865 -0.0956
vn 0.0636 0.9960 -0.0631
vn 0.0513 0.9980 -0.0367
vn -0.5159 0.5257 -0.6764
vn 0.0827 0.9905 0.1094
vn 0.1143 0.9817 0.1522
vn 0.1066 0.9831 0.1486
vn 0.0801 0.9904 0.1124
vn -0.0282 0.9994 0.0193
vn 0.0200 0.9983 0.0544
vn 0.0477 0.9969 0.0627
vn -0.0267 0.9995 0.0185
vn -0.0033 0.9997 -0.0223
vn 0.0233 0.9995 -0.0215
vn 0.0848 0.9937 -0.0730
vn 0.0328 0.9991 -0.0275
vn -0.0562 0.9973 0.0463
vn -0.5295 0.5530 -0.6433
vn -0.4430 0.6623 -0.6042
vn 0.1649 0.9674 0.1921
vn 0.1152 0.9848 0.1302
vn -0.0267 0.9995 0.0187
vn -0.2685 0.9027 -0.3363
vn -0.3988 0.7705 -0.4972
vn -0.3527 0.7971 -0.4901
vn 0.2754 0.9608 0.0321
vn 0.1642 0.9863 0.0185
vn -0.0198 0.9986 0.0497
vn 0.0352 0.9937 0.1066
vn 0.0806 0.9911 0.1059
vn 0.1609 0.9851 -0.0604
vn 0.1567 0.9875 -0.0193
vn 0.2286 0.9650 -0.1286
vn 0.1652 0.9811 -0.1004
vn -0.0110 0.9999 0.0019
vn -0.0111 0.9999 0.0031
vn 0.0257 0.9991 -0.0332
vn 0.0117 0.9999 -0.0072
vn 0.0105 0.9999 -0.0062
vn 0.0100 0.9999 -0.0064
vn -0.3842 0.5802 -0.7182
vn -0.4983 0.4737 -0.7262
vn -0.5116 0.4719 -0.7180
vn -0.0220 -0.9987 -0.0458
vn 0.0935 0.9908 0.0979
vn -0.4682 0.5516 -0.6903
vn 0.1194 0.9911 -0.0596
vn 0.1974 0.9770 -0.0805
vn 0.1333 0.9757 0.1739
vn 0.0245 0.9996 -0.0114
vn -0.4150 0.6094 -0.6755
vn -0.1103 0.9915 0.0693
vn 0.8363 -0.0219 -0.5479
vn 0.8363 -0.0219 -0.5478
vn 0.8985 -0.0199 -0.4385
vn 0.8196 -0.0212 -0.5726
vn 0.8196 -0.0176 -0.5726
vn 0.8196 -0.0175 -0.5726
vn 0.8204 -0.0190 -0.5715
vn 0.8204 -0.0174 -0.5715
vn 0.8204 -0.0173 -0.5715
vn 0.8163 -0.0200 -0.5773
vn 0.8161 -0.0200 -0.5776
vn 0.8123 -0.0180 -0.5830
vn 0.8123 -0.0181 -0.5829
vn 0.8124 -0.0047 -0.5831
vn 0.8024 -0.0098 -0.5967
vn 0.6327 -0.2659 -0.7273
vn 0.6319 -0.2671 -0.7276
vn 0.2334 -0.5719 -0.7864
vn 0.1693 -0.5835 -0.7943
vn 0.3790 -0.5151 -0.7688
vn 0.3962 -0.5049 -0.7669
vn 0.0009 -1.0000 0.0031
vn -0.0058 -0.9999 0.0104
vn -0.0406 -0.9969 -0.0666
vn -0.8728 -0.1969 0.4467
vn -0.7204 -0.6924 -0.0401
vn -0.8261 -0.5480 0.1316
vn -0.8163 -0.0053 0.5776
vn -0.8163 -0.0054 0.5776
vn -0.8163 -0.0044 0.5776
vn -0.8162 -0.0157 0.5776
vn -0.8162 -0.0141 0.5776
vn -0.8182 -0.0166 0.5747
vn -0.8183 -0.0166 0.5746
vn -0.8192 -0.0171 0.5733
vn -0.8192 -0.0176 0.5733
vn -0.8192 -0.0186 0.5733
vn -0.8086 -0.0208 0.5880
vn -0.8086 -0.0205 0.5880
vn -0.8196 -0.0206 0.5726
vn -0.4527 -0.0191 0.8915
vn -0.4536 -0.0191 0.8910
vn 0.1288 -0.0184 0.9915
vn 0.1301 -0.0184 0.9913
vn 0.5667 -0.0166 0.8237
vn 0.5667 -0.0166 0.8238
vn 0.0587 -0.9948 0.0830
vn 0.5877 -0.0110 0.8090
vn 0.5877 -0.0100 0.8090
vn 0.5685 -0.0102 0.8226
vn 0.7498 -0.0148 0.6615
vn -0.8163 -0.0098 0.5775
vn 0.8123 -0.0143 -0.5831
vn -0.0481 0.9986 0.0199
vn -0.0949 0.9944 0.0462
vn 0.0872 0.9935 -0.0726
vn -0.0022 1.0000 -0.0016
vn -0.0031 1.0000 -0.0022
vn -0.0023 1.0000 -0.0012
vn -0.0217 0.9815 -0.1904
vn -0.0424 0.9857 -0.1631
vn -0.0998 0.9550 -0.2793
vn -0.1042 0.9459 -0.3073
vn -0.0441 -0.9986 0.0279
vn -0.0907 -0.9940 0.0616
vn -0.1112 -0.9907 0.0786
vn 0.0436 -0.9986 -0.0314
vn 0.0092 -0.9999 -0.0066
vn -0.0027 -1.0000 0.0018
vn -0.0363 -0.9990 0.0256
vn -0.8191 -0.0194 0.5733
vn 0.8203 -0.0152 -0.5718
vn 0.8201 -0.0154 -0.5720
vn 0.1713 0.9849 -0.0242
vn -0.1018 -0.9921 0.0738
vn -0.0657 -0.9967 0.0474
vn 0.0551 -0.9902 -0.1285
vn 0.0207 -0.9937 -0.1102
vn 0.0938 -0.9851 0.1442
vn 0.0551 -0.9951 -0.0816
vn -0.0154 -0.9961 -0.0867
vn -0.0170 -0.9998 0.0128
vn 0.0801 -0.9965 -0.0249
vn -0.0079 -0.9999 -0.0078
vn -0.0195 -0.9998 -0.0087
vn -0.0097 0.9997 0.0238
vn -0.0264 0.9994 0.0208
vn -0.0097 0.9997 0.0239
vn 0.1328 0.9865 -0.0955
vn -0.3290 0.8116 -0.4828
vn 0.0094 -0.9996 0.0282
vn -0.0240 -0.9988 0.0420
vn -0.0423 -0.9991 0.0098
vn -0.4113 0.7026 -0.5807
vn -0.0241 -0.9994 -0.0262
vn -0.0213 -0.9993 -0.0301
vn 0.0441 -0.9917 -0.1211
vn 0.0509 -0.9942 -0.0946
vn 0.0401 -0.9926 0.1145
vn 0.0733 -0.9900 0.1204
vn 0.0187 -0.9995 0.0261
vn 0.0477 0.9966 0.0672
vn -0.0282 -0.9994 0.0199
vn -0.0316 -0.9991 0.0280
vn 0.0193 -0.9994 0.0274
vn -0.0063 -0.9999 -0.0122
vn -0.0666 -0.9947 -0.0781
vn 0.1061 -0.9829 0.1506
vn 0.0848 -0.9891 0.1204
vn 0.0594 -0.9947 0.0843
vn -0.0485 -0.9974 -0.0532
vn -0.0111 -0.9997 -0.0222
vn 0.0492 -0.9963 0.0704
vn 0.0588 -0.9959 0.0683
vn 0.0727 -0.9964 -0.0434
vn -0.1474 0.9281 -0.3418
vn -0.1056 0.9671 -0.2316
vn -0.0566 0.9878 -0.1452
vn -0.1143 0.9786 -0.1709
vn -0.3391 0.6065 -0.7191
vn -0.3500 0.5970 -0.7218
vn -0.2152 0.9038 -0.3700
vn -0.2486 0.9007 -0.3563
vn 0.0465 0.9967 0.0661
vn 0.0807 0.9901 0.1145
vn 0.1121 0.9809 0.1590
vn -0.5064 0.5089 -0.6961
vn -0.3064 0.8177 -0.4873
vn 0.5666 -0.0110 0.8239
vn 0.5761 -0.0136 0.8172
vn -0.0225 -0.9992 -0.0339
vn -0.3869 0.7140 -0.5835
vn -0.0854 -0.9944 0.0622
vn 0.0854 -0.9891 0.1201
vn -0.0366 -0.9990 0.0258
vn 0.0421 -0.9991 -0.0068
vn 0.0353 -0.9993 -0.0137
vn -0.0833 -0.9947 0.0608
vn -0.0371 -0.9990 0.0261
vn -0.0862 -0.9943 0.0623
vn 0.0524 -0.9959 0.0744
vn -0.0449 -0.9969 -0.0642
vn -0.0469 -0.9955 -0.0827
vn -0.0027 -0.9992 -0.0398
vn 0.0844 -0.9892 0.1199
vn -0.0407 -0.9967 -0.0701
vn -0.0386 -0.9981 -0.0484
vn 0.0203 -0.9996 -0.0178
vn -0.0233 -0.9997 0.0089
vn 0.0126 -0.9968 0.0795
vn -0.0463 -0.9963 -0.0731
vn -0.0405 -0.9978 -0.0527
vn 0.0529 -0.9959 0.0738
vn 0.0478 -0.9958 0.0785
vn 0.0280 -0.9949 0.0974
vn -0.0664 -0.9965 -0.0502
vn -0.0619 -0.9971 0.0450
vn -0.0609 -0.9972 0.0442
vn 0.0527 -0.9984 -0.0222
vn 0.0630 -0.9979 -0.0151
vn 0.0496 -0.9983 -0.0322
vn 0.0079 -0.9971 -0.0761
vn -0.0100 -0.9963 -0.0852
vn -0.0622 -0.9970 0.0452
vn -0.0611 -0.9971 0.0451
vn 0.0133 -0.9994 -0.0316
vn 0.0395 -0.9938 0.1037
vn 0.0649 -0.9933 0.0952
vn 0.0461 -0.9985 -0.0286
vn -0.0402 -0.9976 -0.0560
vn -0.0458 -0.9965 -0.0703
vn 0.0717 -0.9936 0.0868
vn 0.0249 -0.9986 -0.0473
vn 0.0446 -0.9985 -0.0312
vn 0.0352 -0.9934 0.1090
vn -0.0410 -0.9972 0.0623
vn 0.0586 -0.9935 0.0975
vn 0.0654 -0.9935 0.0929
vn 0.0663 -0.9935 0.0927
vn -0.0537 -0.9953 -0.0803
vn -0.0453 -0.9964 -0.0713
vn -0.0635 -0.9971 0.0427
vn -0.0586 -0.9974 0.0422
vn -0.0474 -0.9951 -0.0873
vn -0.0408 -0.9981 -0.0461
vn -0.0644 -0.9977 0.0232
vn -0.0698 -0.9958 -0.0592
vn -0.4517 0.6260 -0.6357
vn -0.0413 0.9889 -0.1427
vn -0.0574 0.9879 -0.1443
vn 0.0354 0.9803 0.1943
vn -0.0829 0.9957 0.0401
vn -0.1385 0.9866 0.0858
vn -0.1260 0.9891 0.0762
vn -0.3763 0.6847 -0.6242
vn -0.2536 0.9054 -0.3405
vn -0.1016 0.9880 -0.1164
vn -0.1170 0.9843 -0.1323
vn -0.0699 0.9929 -0.0959
vn -0.0753 0.9920 -0.1010
vn -0.0760 0.9889 -0.1278
vn 0.1443 0.9869 0.0715
vn 0.0560 0.9984 0.0001
vn -0.4381 0.6396 -0.6317
vn -0.4336 0.6696 -0.6030
vn -0.4662 0.6103 -0.6404
vn -0.3554 0.5948 -0.7211
vn -0.0083 1.0000 -0.0017
vn -0.0001 1.0000 -0.0000
vn -0.0814 0.9871 -0.1376
vn -0.0783 0.9865 -0.1441
vn -0.0630 0.9878 -0.1424
vn -0.0566 0.9872 -0.1492
vn -0.5725 0.5983 -0.5606
vn -0.5745 0.5930 -0.5642
vn 0.0198 0.9997 -0.0142
vn -0.0094 1.0000 -0.0022
vn 0.0841 0.9946 -0.0607
vn 0.0850 -0.5948 -0.7993
vn -0.5301 -0.8111 -0.2473
vn -0.0107 0.9999 0.0067
vn -0.0168 0.9999 0.0009
vn -0.0075 1.0000 -0.0021
vn -0.0098 1.0000 0.0003
vn 0.0362 0.9990 -0.0255
vn 0.0113 0.9999 0.0021
vn 0.0252 0.9991 0.0341
vn 0.0466 0.9989 -0.0013
vn -0.0922 0.9851 -0.1449
vn -0.0793 0.9895 -0.1212
vn -0.0937 0.9868 -0.1318
vn -0.1071 0.9828 -0.1503
vn -0.0157 0.9999 -0.0008
vn -0.0049 1.0000 -0.0024
vn -0.0148 0.9998 -0.0167
vn -0.0013 1.0000 0.0089
vn -0.0090 1.0000 0.0038
vn -0.0256 0.9995 -0.0201
vn 0.0021 1.0000 0.0065
vn 0.0049 0.9999 0.0165
vn 0.0099 0.9999 -0.0040
vn 0.0456 0.9965 0.0703
vn 0.0671 0.9922 0.1054
vn 0.0750 0.9932 0.0886
vn 0.0461 0.9977 0.0501
vn -0.0641 0.9977 0.0242
vn -0.0274 0.9996 -0.0029
vn -0.0331 0.9994 -0.0080
vn -0.0664 0.9977 0.0146
vn -0.0644 0.9975 0.0275
vn -0.0357 0.9993 0.0071
vn -0.0229 0.9997 0.0091
vn -0.0535 0.9980 0.0322
vn -0.1060 0.9855 -0.1322
vn -0.0837 0.9915 -0.0991
vn -0.0652 0.9932 -0.0960
vn -0.0902 0.9873 -0.1309
vn 0.0539 0.9945 0.0897
vn 0.0685 0.9911 0.1145
vn 0.0853 0.9944 -0.0624
vn 0.1041 0.9917 -0.0759
vn 0.1033 0.9918 -0.0750
vn 0.0854 0.9944 -0.0624
vn -0.0117 0.9996 0.0271
vn -0.0153 0.9999 -0.0015
vn -0.0494 0.9985 0.0253
vn -0.0113 0.9984 0.0551
vn 0.0134 0.9986 0.0506
vn 0.0577 0.9951 0.0805
vn 0.0886 0.9894 0.1151
vn 0.0998 0.9855 0.1373
vn 0.0696 0.9927 0.0982
vn 0.0822 0.9905 0.1103
vn 0.0524 0.9964 0.0673
vn 0.0484 0.9967 0.0646
vn 0.0851 0.9895 0.1164
vn 0.0725 0.9974 -0.0025
vn 0.0346 0.9988 0.0349
vn 0.0366 0.9993 0.0036
vn 0.0273 0.9984 -0.0504
vn 0.0307 0.9993 -0.0215
vn 0.0214 0.9993 -0.0313
vn 0.0113 0.9983 -0.0580
vn 0.0665 0.9968 -0.0451
vn 0.0168 0.9994 0.0293
vn 0.0436 0.9965 0.0712
vn -0.0709 0.9969 0.0334
vn -0.0777 0.9963 0.0377
vn -0.0715 0.9964 0.0461
vn -0.0647 0.9971 0.0413
vn 0.0614 0.9971 -0.0446
vn 0.0549 0.9976 -0.0416
vn 0.0906 0.9936 -0.0675
vn 0.0941 0.9932 -0.0685
vn 0.0219 0.9995 -0.0215
vn 0.0304 0.9993 -0.0213
vn 0.0695 0.9964 -0.0480
vn 0.0684 0.9963 -0.0524
vn -0.0102 0.9993 -0.0361
vn 0.0373 0.9990 -0.0258
vn 0.0811 0.9950 -0.0580
vn -0.0504 0.9962 0.0703
vn -0.0100 0.9991 0.0409
vn -0.0630 0.9970 0.0445
vn -0.0704 0.9962 0.0504
vn -0.0748 0.9958 0.0534
vn -0.0485 0.9974 0.0531
vn -0.0011 1.0000 0.0082
vn -0.0083 1.0000 0.0023
vn -0.0296 0.9995 0.0119
vn -0.0240 0.9996 0.0154
vn 0.0763 0.9927 0.0929
vn 0.0521 0.9969 0.0583
vn 0.0837 0.9946 -0.0615
vn 0.1037 0.9917 -0.0761
vn 0.1036 0.9917 -0.0764
vn 0.0843 0.9945 -0.0620
vn -0.0509 0.9968 0.0615
vn 0.0600 0.9920 0.1111
vn 0.0504 0.9936 0.1015
vn 0.0307 0.9992 0.0272
vn -0.0015 0.9995 0.0306
vn 0.0549 0.9976 -0.0420
vn 0.0994 0.9925 -0.0711
vn -0.0348 0.9951 -0.0927
vn -0.0612 0.9900 -0.1270
vn 0.0045 0.9999 0.0113
vn 0.0129 0.9998 0.0120
vn 0.0076 0.9999 0.0082
vn 0.0090 0.9999 -0.0063
vn 0.0236 0.9996 -0.0157
vn 0.0723 0.9961 -0.0511
vn -0.0260 0.9995 -0.0154
vn -0.0466 0.9988 -0.0128
vn -0.0238 0.9975 0.0668
vn -0.0477 0.9951 0.0870
vn 0.0088 0.9999 -0.0061
vn -0.0006 1.0000 -0.0005
vn -0.0409 0.9987 0.0318
vn -0.0559 0.9980 0.0279
vn -0.0949 0.9884 -0.1187
vn -0.1185 0.9813 -0.1515
vn -0.1170 0.9784 -0.1702
vn -0.1001 0.9841 -0.1468
vn 0.1057 0.9867 0.1231
vn 0.1125 0.9919 -0.0596
vn 0.0829 0.9956 -0.0436
vn 0.0802 0.9938 0.0767
vn 0.0729 0.9943 -0.0783
vn 0.0665 0.9952 -0.0712
vn 0.1018 0.9922 -0.0726
vn -0.1024 0.9822 -0.1575
vn -0.0704 0.9954 0.0644
vn -0.0571 0.9900 -0.1290
vn -0.0648 0.9930 0.0983
vn -0.0814 0.9956 0.0468
vn -0.0864 0.9959 0.0287
vn -0.0656 -0.9910 -0.1163
vn -0.0784 -0.9912 -0.1064
vn -0.0932 -0.9871 -0.1300
vn -0.0913 -0.9838 -0.1545
vn -0.0584 0.9927 -0.1053
vn 0.1004 0.9923 -0.0729
vn 0.0503 0.9949 0.0874
vn -0.0365 0.9940 0.1030
vn -0.0576 0.9905 0.1249
vn 0.0583 0.9939 0.0932
vn 0.1045 0.9916 -0.0761
vn 0.0980 0.9927 -0.0700
vn -0.0116 0.9966 0.0820
vn -0.0372 0.9968 -0.0704
vn 0.0254 0.9985 0.0494
vn 0.0651 0.9968 -0.0458
vn -0.0587 0.9942 -0.0902
vn 0.0163 -0.9999 0.0009
vn 0.0122 -0.9999 0.0032
vn 0.0133 -0.9999 0.0042
vn 0.0190 -0.9998 0.0072
vn 0.0075 -1.0000 0.0050
vn -0.0095 -0.9998 0.0194
vn 0.0018 -0.9997 0.0241
vn 0.0156 -0.9999 0.0072
vn 0.4264 -0.6337 0.6454
vn 0.4420 -0.6328 0.6357
vn 0.5080 -0.4911 0.7076
vn 0.4650 -0.5337 0.7063
vn -0.0345 -0.9969 -0.0706
vn -0.0512 -0.9962 -0.0700
vn 0.4639 -0.5536 0.6916
vn 0.4636 -0.5507 0.6941
vn 0.4154 -0.6696 0.6157
vn 0.2291 -0.8306 0.5076
vn 0.2808 -0.7731 0.5688
vn 0.3236 -0.7364 0.5942
vn 0.3566 -0.7214 0.5937
vn 0.3107 -0.7817 0.5407
vn 0.0989 -0.9926 -0.0707
vn 0.1020 -0.9928 -0.0626
vn 0.0366 -0.9991 -0.0224
vn 0.0330 -0.9992 -0.0236
vn 0.0036 -0.9999 -0.0104
vn -0.0395 -0.9991 -0.0149
vn -0.0557 -0.9983 -0.0157
vn -0.0011 -0.9999 -0.0105
vn -0.0876 -0.9924 0.0867
vn -0.0821 -0.9927 0.0889
vn -0.0990 -0.9901 0.0998
vn -0.1087 -0.9891 0.0995
vn -0.0867 -0.9931 0.0795
vn -0.0946 -0.9928 0.0739
vn -0.1066 -0.9908 0.0839
vn -0.0954 -0.9917 0.0859
vn 0.5319 -0.4809 0.6970
vn 0.5167 -0.5004 0.6947
vn 0.4702 -0.6107 0.6372
vn 0.5243 -0.5002 0.6892
vn 0.0261 -0.9995 -0.0187
vn 0.4169 -0.6280 0.6571
vn 0.3860 -0.5851 0.7132
vn 0.4652 -0.6091 0.6424
vn 0.3026 -0.6512 0.6960
vn 0.3444 -0.5719 0.7445
vn 0.3184 -0.7261 0.6094
vn 0.4308 -0.6644 0.6107
vn 0.4572 -0.6149 0.6426
vn 0.4699 -0.6081 0.6398
vn 0.5010 -0.5343 0.6808
vn 0.5004 -0.5398 0.6769
vn 0.4044 -0.7249 0.5577
vn 0.3581 -0.7722 0.5248
vn 0.4510 -0.6006 0.6602
vn 0.4897 -0.5236 0.6971
vn 0.4231 -0.6786 0.6004
vn 0.5118 -0.5984 0.6165
vn 0.4941 -0.7171 0.4916
vn 0.5111 -0.5944 0.6209
vn 0.5460 -0.6212 0.5621
vn 0.1149 -0.9903 -0.0786
vn 0.0786 -0.9942 -0.0731
vn 0.0078 -0.9988 -0.0492
vn 0.0825 -0.9893 -0.1203
vn 0.4748 -0.5665 0.6736
vn 0.3894 -0.7416 0.5462
vn 0.0265 -0.9995 -0.0186
vn 0.0264 -0.9995 -0.0186
vn 0.1150 -0.9900 -0.0817
vn 0.0972 -0.9928 -0.0693
vn 0.1093 -0.9910 -0.0771
vn 0.1140 -0.9907 -0.0747
vn 0.0991 -0.9928 -0.0679
vn 0.0871 -0.9936 -0.0713
vn 0.1109 -0.9910 -0.0755
vn -0.0394 -0.9895 -0.1389
vn 0.0988 -0.9926 -0.0701
vn 0.1136 -0.9902 -0.0816
vn -0.1171 -0.9913 0.0595
vn -0.1408 -0.9876 0.0694
vn 0.5533 -0.5729 0.6047
vn 0.5567 -0.5959 0.5788
vn 0.5350 -0.5770 0.6171
vn -0.0916 -0.9939 -0.0607
vn -0.1326 -0.9866 0.0956
vn -0.0577 -0.9977 0.0364
vn -0.0683 -0.9955 0.0653
vn 0.4902 -0.5720 0.6577
vn -0.0746 -0.9915 -0.1064
vn -0.0785 -0.9908 -0.1100
vn -0.1014 -0.9848 -0.1413
vn -0.0945 -0.9872 -0.1283
vn 0.0258 -0.9994 -0.0238
vn -0.0465 -0.9966 -0.0682
vn -0.0246 -0.9971 -0.0713
vn 0.0266 -0.9995 -0.0186
vn 0.0034 -0.9997 0.0223
vn -0.0234 -0.9995 0.0213
vn -0.0327 -0.9991 0.0274
vn -0.0875 -0.9933 0.0759
vn 0.0469 -0.9964 -0.0708
vn 0.1013 -0.9923 -0.0714
vn 0.1033 -0.9921 -0.0713
vn 0.5241 -0.5575 0.6439
vn 0.3922 -0.7214 0.5707
vn -0.1026 -0.9907 -0.0895
vn -0.1038 -0.9901 -0.0947
vn 0.0267 -0.9995 -0.0187
vn 0.3250 -0.8855 0.3320
vn 0.3724 -0.8099 0.4532
vn 0.4315 -0.7384 0.5183
vn 0.1218 -0.9887 -0.0869
vn -0.0602 -0.9982 -0.0022
vn -0.1096 -0.9940 -0.0057
vn -0.0544 -0.9942 -0.0927
vn -0.0687 -0.9924 -0.1018
vn -0.1539 -0.9880 0.0078
vn -0.1583 -0.9872 0.0205
vn -0.1385 -0.9904 0.0046
vn -0.1314 -0.9908 0.0332
vn 0.0110 -0.9999 -0.0031
vn 0.0109 -0.9999 -0.0019
vn -0.0169 -0.9998 0.0050
vn -0.0179 -0.9998 0.0081
vn -0.0183 -0.9998 0.0054
vn -0.0099 -0.9999 0.0064
vn 0.3842 -0.5803 0.7181
vn 0.4962 -0.4995 0.7101
vn 0.5114 -0.4720 0.7181
vn 0.0204 0.9989 0.0428
vn -0.1032 -0.9911 -0.0844
vn 0.4711 -0.5687 0.6743
vn -0.1410 -0.9899 -0.0166
vn -0.1497 -0.9884 0.0266
vn -0.0891 -0.9888 -0.1194
vn -0.0154 -0.9995 0.0272
vn 0.4149 -0.6096 0.6755
vn 0.1019 -0.9928 -0.0632
vn -0.2103 0.6457 0.7341
vn -0.3285 0.6187 0.7136
vn -0.1078 0.6609 0.7427
vn -0.0009 1.0000 -0.0031
vn 0.0058 0.9999 -0.0104
vn 0.0360 0.9975 0.0608
vn 0.8453 0.0867 -0.5273
vn 0.7474 0.6561 -0.1045
vn 0.5829 0.8101 0.0625
vn 0.8724 0.3481 -0.3433
vn 0.8164 -0.0039 -0.5774
vn -0.0737 0.9919 -0.1038
vn 0.0377 -0.9992 -0.0117
vn 0.0918 -0.9948 -0.0436
vn -0.0951 -0.9922 0.0810
vn 0.0020 -1.0000 0.0015
vn 0.0024 -1.0000 0.0013
vn 0.0031 -1.0000 0.0022
vn 0.0124 -0.9277 0.3732
vn 0.1010 -0.8970 0.4303
vn 0.0912 -0.9327 0.3490
vn 0.0466 -0.9463 0.3200
vn 0.0645 0.9970 -0.0425
vn 0.1027 0.9922 -0.0702
vn 0.1112 0.9907 -0.0787
vn -0.0431 0.9986 0.0321
vn -0.0042 1.0000 0.0030
vn 0.0027 1.0000 -0.0018
vn 0.0363 0.9990 -0.0256
vn -0.1770 -0.9838 0.0284
vn 0.1286 -0.9879 -0.0866
vn 0.0628 0.9969 -0.0474
vn 0.1018 0.9921 -0.0738
vn -0.0551 0.9902 0.1286
vn -0.0239 0.9934 0.1123
vn -0.0938 0.9851 -0.1444
vn -0.0551 0.9951 0.0819
vn 0.0109 0.9959 0.0899
vn 0.0106 0.9999 -0.0118
vn -0.0800 0.9965 0.0249
vn 0.0079 0.9999 0.0078
vn 0.0195 0.9998 0.0087
vn -0.0030 -0.9999 -0.0143
vn 0.0169 -0.9998 -0.0127
vn -0.0590 -0.9956 0.0725
vn 0.3204 -0.8461 0.4260
vn 0.0179 0.9998 -0.0051
vn -0.0094 0.9996 -0.0282
vn 0.0423 0.9991 -0.0098
vn 0.0240 0.9988 -0.0420
vn 0.0196 0.9994 0.0285
vn 0.0215 0.9995 0.0232
vn -0.0441 0.9917 0.1211
vn -0.0509 0.9942 0.0946
vn -0.0733 0.9900 -0.1204
vn -0.0402 0.9926 -0.1145
vn -0.0187 0.9995 -0.0261
vn -0.0477 -0.9966 -0.0672
vn 0.0282 0.9994 -0.0199
vn 0.0316 0.9991 -0.0280
vn -0.0193 0.9994 -0.0273
vn -0.0000 1.0000 0.0001
vn 0.0067 0.9999 0.0127
vn 0.0667 0.9948 0.0772
vn -0.0936 0.9867 -0.1328
vn -0.1062 0.9828 -0.1508
vn -0.0741 0.9917 -0.1052
vn 0.0457 0.9978 0.0485
vn 0.0108 0.9997 0.0210
vn -0.0588 0.9959 -0.0683
vn -0.0492 0.9963 -0.0705
vn -0.0727 0.9964 0.0434
vn 0.1750 -0.9008 0.3974
vn 0.1946 -0.9568 0.2162
vn 0.0715 -0.9550 0.2879
vn 0.3499 -0.5970 0.7219
vn 0.3388 -0.6064 0.7193
vn 0.2703 -0.9065 0.3244
vn -0.0790 -0.9906 -0.1121
vn -0.0465 -0.9967 -0.0661
vn -0.1070 -0.9826 -0.1517
vn 0.5361 -0.4141 0.7356
vn 0.2517 -0.8601 0.4436
vn 0.0201 0.9994 0.0289
vn 0.3365 -0.7861 0.5184
vn 0.0855 0.9944 -0.0622
vn -0.0854 0.9891 -0.1201
vn 0.0366 0.9990 -0.0258
vn -0.0353 0.9993 0.0137
vn -0.0421 0.9991 0.0069
vn 0.0833 0.9947 -0.0608
vn 0.0371 0.9990 -0.0261
vn 0.0862 0.9943 -0.0623
vn -0.0526 0.9958 -0.0746
vn 0.0417 0.9972 0.0613
vn 0.0032 0.9992 0.0395
vn 0.0455 0.9957 0.0806
vn -0.0844 0.9892 -0.1199
vn 0.0367 0.9984 0.0440
vn 0.0396 0.9970 0.0667
vn -0.0198 0.9996 0.0181
vn 0.0233 0.9997 -0.0089
vn -0.0126 0.9968 -0.0795
vn 0.0458 0.9964 0.0715
vn 0.0373 0.9981 0.0494
vn -0.0529 0.9959 -0.0738
vn -0.0478 0.9958 -0.0785
vn -0.0280 0.9949 -0.0974
vn 0.0666 0.9965 0.0510
vn 0.0610 0.9972 -0.0442
vn 0.0619 0.9971 -0.0450
vn -0.0629 0.9979 0.0151
vn -0.0525 0.9984 0.0227
vn -0.0496 0.9983 0.0322
vn 0.0100 0.9963 0.0853
vn -0.0079 0.9971 0.0761
vn 0.0625 0.9970 -0.0454
vn 0.0630 0.9970 -0.0455
vn 0.0611 0.9971 -0.0451
vn -0.0395 0.9938 -0.1037
vn -0.0133 0.9994 0.0316
vn -0.0649 0.9933 -0.0952
vn -0.0461 0.9985 0.0286
vn 0.0431 0.9967 0.0681
vn 0.0376 0.9979 0.0535
vn -0.0717 0.9936 -0.0867
vn -0.0450 0.9985 0.0315
vn -0.0249 0.9986 0.0473
vn 0.0411 0.9972 -0.0623
vn -0.0352 0.9934 -0.1090
vn -0.0586 0.9935 -0.0975
vn -0.0663 0.9935 -0.0927
vn -0.0654 0.9935 -0.0929
vn 0.0453 0.9966 0.0688
vn 0.0544 0.9953 0.0799
vn 0.0634 0.9971 -0.0427
vn 0.0587 0.9974 -0.0421
vn 0.0460 0.9953 0.0858
vn 0.0395 0.9983 0.0427
vn 0.0644 0.9977 -0.0232
vn 0.0703 0.9957 0.0608
vn 0.4435 -0.6270 0.6405
vn 0.0533 -0.9437 0.3264
vn 0.0754 -0.9471 0.3120
vn -0.0654 -0.9773 -0.2018
vn 0.0829 -0.9957 -0.0401
vn 0.1385 -0.9867 -0.0856
vn 0.1258 -0.9891 -0.0761
vn 0.2495 -0.9528 0.1733
vn 0.2345 -0.9594 0.1565
vn 0.2295 -0.9597 0.1622
vn 0.2436 -0.9469 0.2098
vn -0.3194 -0.9465 -0.0449
vn -0.0830 -0.9957 0.0417
vn 0.4482 -0.6485 0.6153
vn 0.4513 -0.6664 0.5935
vn 0.4659 -0.6105 0.6405
vn 0.3554 -0.5948 0.7211
vn 0.0083 -1.0000 0.0017
vn 0.0001 -1.0000 -0.0000
vn 0.1258 -0.9563 0.2640
vn 0.1356 -0.9516 0.2759
vn 0.1393 -0.9558 0.2588
vn 0.1476 -0.9513 0.2707
vn 0.5725 -0.5983 0.5606
vn 0.5745 -0.5931 0.5641
vn -0.0198 -0.9997 0.0143
vn 0.0094 -1.0000 0.0022
vn -0.0842 -0.9946 0.0607
vn 0.0302 0.6700 0.7418
vn 0.2911 0.9155 0.2777
vn -0.1051 0.6890 0.7171
vn -0.1538 0.6365 0.7558
vn -0.1542 0.6360 0.7561
vn 0.4514 0.2147 -0.8661
vn 0.3800 0.0478 -0.9238
vn 0.3797 0.0474 -0.9239
vn 0.4481 0.2067 -0.8698
vn 0.1681 0.0939 -0.9813
vn -0.0295 0.0346 -0.9990
vn 0.1689 0.0940 -0.9811
vn -0.4634 0.3784 0.8013
vn -0.3995 0.2861 0.8709
vn -0.3992 0.2856 0.8712
vn -0.4631 0.3774 0.8019
vn -0.3179 0.1623 0.9341
vn -0.2981 0.4940 0.8167
vn -0.2950 0.4971 0.8160
vn -0.4318 0.3653 0.8247
vn -0.4310 0.3657 0.8249
vn 0.0285 0.4782 0.8778
vn 0.0851 0.4786 0.8739
vn 0.0285 0.4781 0.8778
vn -0.0347 0.0058 -0.9994
vn -0.0262 -0.0000 -0.9997
vn 0.0966 0.4875 0.8678
vn -0.0268 0.6306 0.7756
vn -0.9305 -0.0000 -0.3663
vn -0.9285 -0.0000 -0.3714
vn -0.9305 -0.0000 -0.3664
vn 0.8369 -0.1902 0.5131
vn 0.9808 0.1382 0.1374
vn 0.9759 0.0886 0.1996
vn 0.8897 0.3976 -0.2244
vn 0.8896 0.3977 -0.2246
vn -0.9399 0.0601 -0.3360
vn -0.9750 0.1031 -0.1969
vn -0.9750 0.1031 -0.1968
vn -0.9397 0.0596 -0.3367
vn -0.9945 0.1043 0.0054
vn -0.9945 0.1042 0.0054
vn -0.9954 0.0479 0.0825
vn -0.9955 0.0467 0.0821
vn -0.9975 0.0059 0.0710
vn -0.9976 0.0110 0.0690
vn -0.9315 0.0167 -0.3633
vn -0.9309 0.0071 -0.3653
vn -0.9309 0.0072 -0.3653
vn 0.3599 0.0910 -0.9285
vn 0.3602 0.0907 -0.9284
vn 0.5118 0.3830 -0.7690
vn -0.0070 0.4276 0.9039
vn -0.0157 0.3477 0.9375
vn 0.0198 0.3391 0.9405
vn 0.3774 0.3583 0.8539
vn 0.7322 0.3321 0.5947
vn 0.6860 0.3416 0.6424
vn 0.7310 0.3324 0.5960
vn 0.8704 0.3110 0.3818
vn 0.8702 0.3116 0.3816
vn 0.8665 0.3511 0.3548
vn 0.8665 0.3512 0.3547
vn 0.8159 0.4782 0.3252
vn 0.8158 0.4782 0.3252
vn 0.7438 0.6133 0.2658
vn -0.9282 -0.0000 -0.3721
vn 0.7239 0.6614 0.1966
vn 0.7239 0.6614 0.1965
vn -0.9974 0.0221 0.0679
vn -0.1770 0.9547 0.2392
vn 0.8907 0.3923 -0.2297
vn 0.8909 0.3920 -0.2295
vn 0.7728 0.6277 0.0940
vn 0.7285 0.6735 0.1251
vn 0.7724 0.6281 0.0941
vn 0.8588 0.5122 0.0090
vn 0.8568 0.5155 0.0119
vn 0.9191 0.3728 -0.1278
vn 0.9185 0.3751 -0.1249
vn 0.9145 0.3491 -0.2046
vn 0.9152 0.3476 -0.2039
vn -0.0223 -0.0000 -0.9998
vn -0.0220 -0.0000 -0.9998
vn -0.9327 -0.0000 -0.3607
vn -0.9280 -0.0000 -0.3727
vn -0.8669 -0.0000 -0.4985
vn -0.7286 -0.0000 -0.6849
vn -0.5358 -0.0000 -0.8443
vn -0.3661 -0.0000 -0.9306
vn -0.1795 -0.0000 -0.9838
vn -0.1219 -0.0000 -0.9925
vn -0.0230 -0.0000 -0.9997
vn -0.9321 -0.0000 -0.3623
vn -0.0092 0.9999 -0.0053
vn -0.0010 1.0000 -0.0004
vn -0.6854 -0.3440 -0.6418
vn -0.2658 0.8190 -0.5086
vt 0.064740 0.294002
vt 0.134419 0.294058
vt 0.134431 0.310359
vt 0.064763 0.310290
vt 0.253038 0.395325
vt 0.253291 0.405077
vt 0.235036 0.402849
vt 0.235102 0.393763
vt 0.235917 0.265550
vt 0.190494 0.265431
vt 0.190496 0.262349
vt 0.235916 0.262469
vt 0.134455 0.343005
vt 0.064810 0.342475
vt 0.064718 0.280058
vt 0.134409 0.280102
vt 0.134413 0.285908
vt 0.064728 0.285858
vt 0.190579 0.375334
vt 0.235234 0.375593
vt 0.190590 0.393637
vt 0.134512 0.416949
vt 0.162559 0.417742
vt 0.162561 0.419704
vt 0.134514 0.419539
vt 0.008996 0.310204
vt 0.008872 0.342046
vt 0.004837 0.342030
vt 0.004961 0.310184
vt 0.008822 0.357037
vt 0.009046 0.374451
vt 0.004965 0.374510
vt 0.004787 0.357058
vt 0.134390 0.262269
vt 0.064683 0.262253
vt 0.064682 0.258045
vt 0.134391 0.258060
vt 0.064949 0.414687
vt 0.064948 0.419663
vt 0.260564 0.344018
vt 0.259670 0.310629
vt 0.268532 0.310688
vt 0.268461 0.344094
vt 0.009656 0.422103
vt 0.005726 0.422405
vt 0.005464 0.419560
vt 0.006519 0.423984
vt 0.009072 0.426673
vt 0.006832 0.424607
vt 0.190606 0.417410
vt 0.234987 0.416348
vt 0.234976 0.419477
vt 0.190608 0.419485
vt 0.234984 0.422557
vt 0.268818 0.422607
vt 0.270421 0.426362
vt 0.234996 0.426765
vt 0.272009 0.422614
vt 0.274967 0.425014
vt 0.273676 0.425834
vt 0.275586 0.422965
vt 0.275586 0.262358
vt 0.272082 0.264144
vt 0.272168 0.262050
vt 0.275272 0.260568
vt 0.013488 0.422146
vt 0.011085 0.426674
vt 0.029803 0.357128
vt 0.029395 0.374471
vt 0.011998 0.374409
vt 0.011777 0.357021
vt 0.275522 0.376268
vt 0.271677 0.376241
vt 0.271542 0.359255
vt 0.275488 0.359287
vt 0.275559 0.286076
vt 0.271523 0.286072
vt 0.271534 0.277850
vt 0.275571 0.277855
vt 0.273438 0.258698
vt 0.271416 0.344089
vt 0.275451 0.344088
vt 0.009082 0.293947
vt 0.005046 0.293924
vt 0.028903 0.394932
vt 0.028519 0.407756
vt 0.012409 0.406283
vt 0.012272 0.395658
vt 0.064885 0.374596
vt 0.038531 0.374503
vt 0.038890 0.357181
vt 0.064844 0.357334
vt 0.190611 0.422566
vt 0.190616 0.426774
vt 0.957633 0.811959
vt 0.958994 0.811966
vt 0.959442 0.889947
vt 0.958081 0.889944
vt 0.261435 0.376016
vt 0.260966 0.359029
vt 0.268586 0.359155
vt 0.268723 0.376134
vt 0.028520 0.407755
vt 0.028102 0.414311
vt 0.014642 0.419077
vt 0.012547 0.416908
vt 0.040230 0.293982
vt 0.040406 0.285844
vt 0.271988 0.419803
vt 0.275581 0.420966
vt 0.012018 0.262051
vt 0.009482 0.258144
vt 0.134480 0.375006
vt 0.134494 0.393500
vt 0.064928 0.393358
vt 0.190569 0.358270
vt 0.235354 0.358604
vt 0.271487 0.310737
vt 0.275522 0.310740
vt 0.009012 0.262038
vt 0.005775 0.259055
vt 0.009048 0.265358
vt 0.005232 0.262639
vt 0.190559 0.343434
vt 0.235458 0.343777
vt 0.134467 0.357852
vt 0.009467 0.407222
vt 0.009607 0.418146
vt 0.005339 0.408297
vt 0.134394 0.268873
vt 0.064696 0.270208
vt 0.064683 0.265333
vt 0.134390 0.265350
vt 0.266992 0.419521
vt 0.262781 0.416728
vt 0.262411 0.410495
vt 0.269014 0.417272
vt 0.268990 0.267409
vt 0.268580 0.277816
vt 0.258838 0.274564
vt 0.014060 0.265144
vt 0.012027 0.267381
vt 0.266936 0.265197
vt 0.012037 0.293958
vt 0.011951 0.310219
vt 0.011827 0.342058
vt 0.424368 0.055071
vt 0.424361 0.051385
vt 0.494437 0.051502
vt 0.494442 0.055188
vt 0.269576 0.262081
vt 0.268568 0.286034
vt 0.064939 0.422743
vt 0.012123 0.277698
vt 0.009168 0.277691
vt 0.134516 0.422620
vt 0.268869 0.396703
vt 0.271832 0.398022
vt 0.005132 0.277663
vt 0.272035 0.258414
vt 0.064932 0.426949
vt 0.275552 0.398617
vt 0.235931 0.258261
vt 0.494425 0.082999
vt 0.494423 0.097268
vt 0.452176 0.097225
vt 0.424380 0.082918
vt 0.494402 0.138477
vt 0.494417 0.125461
vt 0.540407 0.125212
vt 0.540478 0.138273
vt 0.427150 0.232133
vt 0.427142 0.242373
vt 0.398946 0.242540
vt 0.398955 0.232275
vt 0.424379 0.064380
vt 0.494447 0.064496
vt 0.368009 0.126065
vt 0.348972 0.138070
vt 0.322997 0.139270
vt 0.322873 0.126282
vt 0.497087 0.242491
vt 0.497093 0.246545
vt 0.427138 0.246427
vt 0.370782 0.196802
vt 0.370771 0.214441
vt 0.352856 0.199570
vt 0.357679 0.196875
vt 0.286507 0.154651
vt 0.296748 0.154242
vt 0.296637 0.170034
vt 0.286378 0.173731
vt 0.494427 0.075865
vt 0.494428 0.068731
vt 0.540028 0.068795
vt 0.540081 0.075926
vt 0.550483 0.097297
vt 0.554540 0.097287
vt 0.554705 0.125184
vt 0.550649 0.125190
vt 0.550718 0.138322
vt 0.554775 0.138348
vt 0.554619 0.153635
vt 0.550516 0.153576
vt 0.370750 0.242320
vt 0.370745 0.246375
vt 0.326131 0.246367
vt 0.326142 0.242312
vt 0.367975 0.068571
vt 0.367979 0.075714
vt 0.322484 0.075666
vt 0.322430 0.068520
vt 0.323140 0.154153
vt 0.296865 0.139396
vt 0.552662 0.241874
vt 0.554746 0.240662
vt 0.555607 0.242091
vt 0.556165 0.243018
vt 0.555501 0.244287
vt 0.553248 0.246278
vt 0.326090 0.223318
vt 0.326156 0.232074
vt 0.299230 0.231953
vt 0.299282 0.225240
vt 0.302485 0.223272
vt 0.497075 0.223213
vt 0.497053 0.232253
vt 0.427157 0.223221
vt 0.290518 0.245978
vt 0.292129 0.242360
vt 0.288922 0.242366
vt 0.287246 0.245470
vt 0.285948 0.244680
vt 0.285326 0.242705
vt 0.282430 0.054884
vt 0.282743 0.053317
vt 0.285866 0.054621
vt 0.285954 0.056456
vt 0.551225 0.246279
vt 0.548810 0.241916
vt 0.322648 0.097105
vt 0.296970 0.126512
vt 0.296854 0.097081
vt 0.282641 0.154668
vt 0.282653 0.139792
vt 0.286620 0.139772
vt 0.282488 0.075661
vt 0.282465 0.068459
vt 0.286523 0.068463
vt 0.286545 0.075665
vt 0.284584 0.051683
vt 0.282671 0.126479
vt 0.286727 0.126487
vt 0.550375 0.083056
vt 0.554433 0.083043
vt 0.291932 0.237219
vt 0.288943 0.239658
vt 0.288962 0.237128
vt 0.540076 0.064543
vt 0.545387 0.183709
vt 0.550135 0.182282
vt 0.550017 0.191153
vt 0.370761 0.232081
vt 0.385276 0.097126
vt 0.384800 0.120004
vt 0.367991 0.097144
vt 0.322308 0.055057
vt 0.322288 0.051370
vt 0.367960 0.051350
vt 0.367968 0.055037
vt 0.296762 0.068350
vt 0.296552 0.064049
vt 0.322329 0.064365
vt 0.322539 0.082813
vt 0.296808 0.082715
vt 0.540242 0.097318
vt 0.540280 0.153454
vt 0.550262 0.172713
vt 0.540058 0.169778
vt 0.289067 0.059322
vt 0.286613 0.097272
vt 0.286568 0.082867
vt 0.286901 0.240291
vt 0.370766 0.223261
vt 0.428487 0.139405
vt 0.427689 0.131188
vt 0.440357 0.126628
vt 0.444343 0.131739
vt 0.549928 0.051693
vt 0.547383 0.055110
vt 0.296785 0.075533
vt 0.497147 0.193656
vt 0.527773 0.213921
vt 0.497097 0.214172
vt 0.367983 0.082858
vt 0.282556 0.097266
vt 0.553655 0.052497
vt 0.550405 0.055104
vt 0.291130 0.057387
vt 0.288471 0.054653
vt 0.295853 0.054741
vt 0.550268 0.068815
vt 0.550322 0.075936
vt 0.554206 0.055638
vt 0.550373 0.058013
vt 0.392061 0.131445
vt 0.396141 0.126635
vt 0.403703 0.131245
vt 0.403794 0.138539
vt 0.424376 0.075779
vt 0.424371 0.068639
vt 0.554285 0.183232
vt 0.554174 0.193097
vt 0.550595 0.192026
vt 0.540135 0.083057
vt 0.549756 0.236868
vt 0.547649 0.238958
vt 0.293965 0.239385
vt 0.190595 0.402789
vt 0.545335 0.057815
vt 0.542548 0.231756
vt 0.547381 0.059778
vt 0.554326 0.068799
vt 0.285995 0.051436
vt 0.552046 0.194219
vt 0.552711 0.238060
vt 0.282640 0.174245
vt 0.972263 0.974195
vt 0.973229 0.974197
vt 0.973303 0.983973
vt 0.972409 0.983977
vt 0.975120 0.934660
vt 0.974144 0.934623
vt 0.976041 0.913197
vt 0.977027 0.913244
vt 0.977593 0.792761
vt 0.978575 0.792751
vt 0.979489 0.849011
vt 0.978507 0.849016
vt 0.977179 0.753294
vt 0.978160 0.753284
vt 0.976684 0.707456
vt 0.977666 0.707446
vt 0.975813 0.621781
vt 0.975509 0.592361
vt 0.976493 0.592347
vt 0.976806 0.621767
vt 0.975387 0.584828
vt 0.976352 0.584834
vt 0.974598 0.578300
vt 0.976156 0.576784
vt 0.977045 0.579593
vt 0.974821 0.580146
vt 0.190534 0.310418
vt 0.235640 0.310470
vt 0.134519 0.426828
vt 0.966498 0.974284
vt 0.969060 0.977506
vt 0.966858 0.981151
vt 0.966101 0.980045
vt 0.966469 0.968991
vt 0.967451 0.968950
vt 0.966273 0.939527
vt 0.967276 0.939524
vt 0.965570 0.808561
vt 0.966553 0.808556
vt 0.966699 0.853345
vt 0.965710 0.853350
vt 0.965369 0.768479
vt 0.966351 0.768474
vt 0.964721 0.712198
vt 0.965703 0.712193
vt 0.964494 0.668883
vt 0.965477 0.668878
vt 0.964063 0.584747
vt 0.965028 0.584742
vt 0.965250 0.625561
vt 0.964266 0.625566
vt 0.964037 0.579819
vt 0.964965 0.579808
vt 0.958650 0.973675
vt 0.959968 0.973689
vt 0.959765 0.983977
vt 0.958452 0.983941
vt 0.958680 0.967927
vt 0.960041 0.967932
vt 0.190498 0.258141
vt 0.957732 0.500061
vt 0.959094 0.500057
vt 0.960834 0.578032
vt 0.959473 0.578034
vt 0.957633 0.484833
vt 0.958905 0.484833
vt 0.967089 0.910058
vt 0.966099 0.910059
vt 0.976125 0.651194
vt 0.977107 0.651180
vt 0.282639 0.184034
vt 0.286314 0.183271
vt 0.554397 0.173366
vt 0.511708 0.153544
vt 0.494395 0.144040
vt 0.484232 0.138524
vt 0.389002 0.165965
vt 0.399003 0.165913
vt 0.379674 0.180102
vt 0.368044 0.180000
vt 0.275567 0.409791
vt 0.271910 0.408913
vt 0.268941 0.406988
vt 0.009327 0.396298
vt 0.005215 0.397035
vt 0.190521 0.294109
vt 0.235728 0.294154
vt 0.252532 0.375873
vt 0.964380 0.647224
vt 0.965364 0.647219
vt 0.978805 0.891816
vt 0.977820 0.891791
vt 0.554379 0.075921
vt 0.282511 0.082863
vt 0.268556 0.294252
vt 0.271511 0.294294
vt 0.012080 0.285828
vt 0.009125 0.285819
vt 0.031127 0.270928
vt 0.031261 0.277469
vt 0.005089 0.285794
vt 0.275546 0.294297
vt 0.030132 0.342202
vt 0.190515 0.285955
vt 0.235772 0.285997
vt 0.282639 0.193822
vt 0.286265 0.190511
vt 0.284209 0.193383
vt 0.542934 0.180964
vt 0.427164 0.214309
vt 0.235805 0.280188
vt 0.249876 0.278382
vt 0.250087 0.286013
vt 0.326024 0.214563
vt 0.134501 0.402748
vt 0.064950 0.402739
vt 0.031201 0.285839
vt 0.031105 0.293974
vt 0.259016 0.269749
vt 0.235885 0.269444
vt 0.190510 0.280146
vt 0.367982 0.064346
vt 0.250311 0.294198
vt 0.250767 0.310570
vt 0.162460 0.279943
vt 0.162464 0.285772
vt 0.162506 0.343282
vt 0.162517 0.358181
vt 0.162528 0.375356
vt 0.162482 0.310324
vt 0.162564 0.422794
vt 0.162442 0.265141
vt 0.162443 0.262045
vt 0.162445 0.258067
vt 0.162567 0.426779
vt 0.162541 0.393712
vt 0.064712 0.277022
vt 0.134404 0.276164
vt 0.030796 0.310244
vt 0.396172 0.068439
vt 0.396177 0.075607
vt 0.369234 0.187301
vt 0.398993 0.180272
vt 0.419486 0.165720
vt 0.427191 0.179955
vt 0.545652 0.226098
vt 0.548101 0.229112
vt 0.398981 0.196823
vt 0.427178 0.196486
vt 0.384655 0.126967
vt 0.396180 0.064169
vt 0.396167 0.054822
vt 0.396160 0.051337
vt 0.398942 0.246380
vt 0.398968 0.214513
vt 0.958392 0.656007
vt 0.959753 0.656015
vt 0.959708 0.733993
vt 0.958347 0.733985
vt 0.162548 0.402929
vt 0.398962 0.223396
vt 0.162470 0.293956
vt 0.396181 0.082776
vt 0.396190 0.097114
vt 0.424389 0.097197
vt 0.259250 0.294224
vt 0.190498 0.268646
vt 0.252079 0.358881
vt 0.039201 0.342273
vt 0.039879 0.310257
vt 0.261987 0.396104
vt 0.251677 0.343933
vt 0.031255 0.277470
vt 0.259080 0.286023
vt 0.258845 0.274568
vt 0.162455 0.275995
vt 0.064949 0.407776
vt 0.037810 0.407914
vt 0.037929 0.404562
vt 0.162447 0.268460
vt 0.190600 0.409628
vt 0.162553 0.410041
vt 0.038130 0.394529
vt 0.038531 0.374503
vt 0.040527 0.280052
vt 0.040545 0.277163
vt 0.235015 0.408656
vt 0.134506 0.409532
vt 0.190506 0.276223
vt 0.235828 0.276876
vt 0.249894 0.276969
vt 0.253473 0.408966
vt 0.256882 0.375944
vt 0.257394 0.395708
vt 0.034545 0.357157
vt 0.034856 0.342240
vt 0.035534 0.310252
vt 0.035887 0.293980
vt 0.036063 0.285843
vt 0.256430 0.358955
vt 0.255117 0.310600
vt 0.256027 0.343976
vt 0.036187 0.279672
vt 0.036229 0.273063
vt 0.064701 0.272499
vt 0.034187 0.374489
vt 0.134508 0.414132
vt 0.064949 0.412303
vt 0.134398 0.271569
vt 0.033568 0.405243
vt 0.033783 0.394724
vt 0.254277 0.272728
vt 0.254214 0.277427
vt 0.235861 0.272353
vt 0.162450 0.271383
vt 0.190501 0.271637
vt 0.234999 0.413183
vt 0.190603 0.414218
vt 0.254436 0.286019
vt 0.254662 0.294212
vt 0.033326 0.412078
vt 0.162556 0.414660
vt 0.257680 0.406251
vt 0.262413 0.410495
vt 0.258013 0.413366
vt 0.316005 0.214569
vt 0.399008 0.159760
vt 0.419585 0.146947
vt 0.282637 0.195574
vt 0.296569 0.179725
vt 0.291999 0.182720
vt 0.288113 0.187784
vt 0.325973 0.207909
vt 0.410937 0.132397
vt 0.410438 0.126348
vt 0.467268 0.194865
vt 0.475109 0.179613
vt 0.448770 0.179801
vt 0.506250 0.158495
vt 0.491487 0.149702
vt 0.453824 0.165452
vt 0.427202 0.165647
vt 0.427216 0.148084
vt 0.553469 0.196364
vt 0.552909 0.195520
vt 0.553915 0.195589
vt 0.542656 0.223801
vt 0.541136 0.222791
vt 0.553298 0.238252
vt 0.552721 0.237292
vt 0.453236 0.119071
vt 0.437482 0.097210
vt 0.422997 0.165687
vt 0.422519 0.146568
vt 0.425290 0.165665
vt 0.425469 0.147353
vt 0.294707 0.228545
vt 0.290814 0.234123
vt 0.355421 0.144783
vt 0.328836 0.160674
vt 0.533290 0.174852
vt 0.467408 0.126644
vt 0.411736 0.142077
vt 0.408314 0.141009
vt 0.420312 0.132730
vt 0.420630 0.141659
vt 0.416078 0.142377
vt 0.539935 0.178871
vt 0.306494 0.173982
vt 0.480014 0.143040
vt 0.372472 0.134453
vt 0.462182 0.132428
vt 0.453633 0.127247
vt 0.972263 0.570218
vt 0.964037 0.983977
vt 0.341204 0.294652
vt 0.341228 0.310941
vt 0.410895 0.311009
vt 0.410883 0.294709
vt 0.529502 0.395976
vt 0.511566 0.394414
vt 0.511500 0.403499
vt 0.529756 0.405728
vt 0.512381 0.266201
vt 0.512380 0.263120
vt 0.466960 0.263000
vt 0.466958 0.266081
vt 0.341274 0.343125
vt 0.410919 0.343656
vt 0.341182 0.280709
vt 0.341192 0.286508
vt 0.410877 0.286559
vt 0.410873 0.280753
vt 0.467043 0.375984
vt 0.467054 0.394288
vt 0.511698 0.376244
vt 0.410976 0.417600
vt 0.410978 0.420190
vt 0.439025 0.420354
vt 0.439023 0.418392
vt 0.285460 0.310855
vt 0.281425 0.310835
vt 0.281301 0.342681
vt 0.285336 0.342697
vt 0.285286 0.357687
vt 0.281251 0.357708
vt 0.281429 0.375160
vt 0.285510 0.375102
vt 0.410854 0.262919
vt 0.410855 0.258711
vt 0.341146 0.258696
vt 0.341147 0.262904
vt 0.341413 0.415337
vt 0.341412 0.420314
vt 0.537028 0.344669
vt 0.544925 0.344745
vt 0.544996 0.311338
vt 0.536134 0.311280
vt 0.286120 0.422754
vt 0.281928 0.420210
vt 0.282191 0.423056
vt 0.283296 0.425257
vt 0.285536 0.427324
vt 0.467070 0.418060
vt 0.467072 0.420135
vt 0.511440 0.420128
vt 0.511451 0.416998
vt 0.511448 0.423208
vt 0.511460 0.427415
vt 0.546885 0.427012
vt 0.545283 0.423258
vt 0.548473 0.423264
vt 0.550140 0.426485
vt 0.551432 0.425665
vt 0.552050 0.423616
vt 0.552050 0.263008
vt 0.551736 0.261219
vt 0.548632 0.262701
vt 0.548546 0.264795
vt 0.287549 0.427324
vt 0.289952 0.422797
vt 0.306267 0.357778
vt 0.288241 0.357672
vt 0.288462 0.375059
vt 0.305859 0.375121
vt 0.551987 0.376918
vt 0.551953 0.359937
vt 0.548006 0.359905
vt 0.548141 0.376891
vt 0.552023 0.286726
vt 0.552035 0.278505
vt 0.547998 0.278501
vt 0.547987 0.286723
vt 0.549902 0.259349
vt 0.551916 0.344739
vt 0.547880 0.344739
vt 0.285546 0.294598
vt 0.281510 0.294574
vt 0.305367 0.395582
vt 0.288736 0.396309
vt 0.288873 0.406934
vt 0.304983 0.408406
vt 0.341349 0.375247
vt 0.341308 0.357985
vt 0.315354 0.357832
vt 0.314995 0.375153
vt 0.467075 0.423216
vt 0.467080 0.427424
vt 0.537899 0.376667
vt 0.545187 0.376785
vt 0.545051 0.359806
vt 0.537430 0.359679
vt 0.304984 0.408406
vt 0.289011 0.417559
vt 0.291106 0.419728
vt 0.304566 0.414962
vt 0.316870 0.286495
vt 0.316694 0.294632
vt 0.552045 0.421616
vt 0.548452 0.420454
vt 0.285946 0.258795
vt 0.288482 0.262701
vt 0.341392 0.394009
vt 0.410958 0.394151
vt 0.410944 0.375656
vt 0.467033 0.358921
vt 0.511819 0.359255
vt 0.551986 0.311390
vt 0.547951 0.311388
vt 0.282240 0.259705
vt 0.285477 0.262689
vt 0.281696 0.263289
vt 0.285512 0.266009
vt 0.467023 0.344084
vt 0.511923 0.344428
vt 0.410931 0.358503
vt 0.285931 0.407872
vt 0.281803 0.408948
vt 0.286071 0.418796
vt 0.410859 0.269524
vt 0.410854 0.266001
vt 0.341147 0.265984
vt 0.341160 0.270858
vt 0.543456 0.420171
vt 0.545478 0.417923
vt 0.538875 0.411145
vt 0.539245 0.417379
vt 0.545454 0.268060
vt 0.535302 0.275215
vt 0.545044 0.278467
vt 0.290524 0.265794
vt 0.288491 0.268031
vt 0.543400 0.265847
vt 0.288501 0.294609
vt 0.288415 0.310869
vt 0.288291 0.342708
vt 0.568803 0.214778
vt 0.568788 0.144702
vt 0.564733 0.144702
vt 0.564748 0.214779
vt 0.546040 0.262732
vt 0.545032 0.286685
vt 0.341403 0.423393
vt 0.285633 0.278341
vt 0.288587 0.278349
vt 0.410980 0.423271
vt 0.545333 0.397354
vt 0.548296 0.398672
vt 0.281596 0.278314
vt 0.548499 0.259064
vt 0.341396 0.427600
vt 0.552016 0.399267
vt 0.512395 0.258912
vt 0.599385 0.144760
vt 0.599439 0.214807
vt 0.615122 0.187032
vt 0.615082 0.144783
vt 0.660419 0.144864
vt 0.660099 0.098787
vt 0.645730 0.098839
vt 0.646099 0.144830
vt 0.152243 0.230972
vt 0.124049 0.231114
vt 0.124040 0.241379
vt 0.152235 0.241211
vt 0.579045 0.214781
vt 0.579029 0.144711
vt 0.647023 0.271244
vt 0.647354 0.316381
vt 0.661643 0.316276
vt 0.660269 0.290299
vt 0.222181 0.241329
vt 0.152232 0.245266
vt 0.222187 0.245383
vt 0.095876 0.195640
vt 0.067814 0.195797
vt 0.051067 0.206748
vt 0.051117 0.213401
vt 0.095865 0.213280
vt 0.678639 0.352791
vt 0.699630 0.352947
vt 0.695542 0.342682
vt 0.678168 0.342549
vt 0.591536 0.144748
vt 0.591509 0.099092
vt 0.583664 0.099135
vt 0.583688 0.144736
vt 0.614999 0.088722
vt 0.645686 0.088597
vt 0.645670 0.084540
vt 0.614980 0.084665
vt 0.660132 0.088547
vt 0.676915 0.088772
vt 0.676971 0.084669
vt 0.660152 0.084490
vt 0.095844 0.241158
vt 0.051236 0.241150
vt 0.051224 0.245205
vt 0.095839 0.245214
vt 0.583771 0.271194
vt 0.583809 0.316740
vt 0.591670 0.316696
vt 0.591630 0.271200
vt 0.661835 0.342410
vt 0.678015 0.316155
vt 0.277756 0.240713
vt 0.280701 0.240930
vt 0.279840 0.239500
vt 0.280595 0.243125
vt 0.281259 0.241856
vt 0.278342 0.245117
vt 0.051184 0.222157
vt 0.027579 0.222110
vt 0.024375 0.224079
vt 0.024324 0.230791
vt 0.051250 0.230912
vt 0.222169 0.222051
vt 0.152251 0.222060
vt 0.222147 0.231092
vt 0.017223 0.241198
vt 0.015612 0.244817
vt 0.014016 0.241205
vt 0.011041 0.243518
vt 0.012339 0.244308
vt 0.010420 0.241544
vt 0.568889 0.356720
vt 0.570611 0.353198
vt 0.568593 0.353284
vt 0.567165 0.356405
vt 0.273904 0.240754
vt 0.276319 0.245118
vt 0.615255 0.316564
vt 0.615282 0.342358
vt 0.647660 0.342286
vt 0.678665 0.356657
vt 0.662270 0.352655
vt 0.662300 0.356623
vt 0.591747 0.356693
vt 0.591743 0.352636
vt 0.583819 0.352648
vt 0.583824 0.356705
vt 0.565363 0.354562
vt 0.647654 0.352529
vt 0.647654 0.356585
vt 0.599332 0.088808
vt 0.599310 0.084751
vt 0.017026 0.236057
vt 0.014056 0.235967
vt 0.014037 0.238496
vt 0.578986 0.099081
vt 0.710075 0.093945
vt 0.718256 0.089325
vt 0.708496 0.089195
vt 0.095855 0.230919
vt 0.615150 0.253933
vt 0.615206 0.271219
vt 0.640321 0.254443
vt 0.568997 0.316841
vt 0.568881 0.271180
vt 0.564825 0.271183
vt 0.564941 0.316856
vt 0.583674 0.342408
vt 0.579238 0.316834
vt 0.578943 0.342611
vt 0.599532 0.316652
vt 0.599478 0.342383
vt 0.615043 0.098963
vt 0.676802 0.099007
vt 0.694760 0.099253
vt 0.697969 0.089054
vt 0.573757 0.350090
vt 0.615513 0.352600
vt 0.599666 0.352624
vt 0.011995 0.239129
vt 0.095860 0.222100
vt 0.661575 0.210784
vt 0.653108 0.194916
vt 0.647493 0.198894
vt 0.652537 0.211569
vt 0.568593 0.091759
vt 0.564829 0.089209
vt 0.591576 0.342396
vt 0.222241 0.192495
vt 0.222191 0.213011
vt 0.252867 0.212759
vt 0.599488 0.271206
vt 0.615515 0.356657
vt 0.568581 0.088738
vt 0.565706 0.085484
vt 0.571625 0.348024
vt 0.568623 0.350679
vt 0.583666 0.088895
vt 0.591499 0.088851
vt 0.571781 0.088773
vt 0.569160 0.084937
vt 0.652892 0.247198
vt 0.660672 0.235476
vt 0.652648 0.235555
vt 0.647592 0.243111
vt 0.583730 0.214795
vt 0.591585 0.214801
vt 0.719215 0.088749
vt 0.720386 0.085171
vt 0.709532 0.085045
vt 0.599354 0.099049
vt 0.274850 0.235706
vt 0.272743 0.237796
vt 0.019059 0.238224
vt 0.467059 0.403440
vt 0.571574 0.093812
vt 0.267642 0.230595
vt 0.573730 0.091768
vt 0.583639 0.084836
vt 0.565088 0.353151
vt 0.721625 0.087301
vt 0.277804 0.236899
vt 0.700203 0.356686
vt 0.972030 0.866069
vt 0.970983 0.857401
vt 0.974299 0.863673
vt 0.973929 0.867373
vt 0.466998 0.311069
vt 0.512104 0.311121
vt 0.410983 0.427478
vt 0.971153 0.817566
vt 0.971187 0.812942
vt 0.970886 0.812940
vt 0.970852 0.817564
vt 0.971122 0.821871
vt 0.466962 0.258791
vt 0.710972 0.356701
vt 0.710126 0.353025
vt 0.698679 0.084920
vt 0.676959 0.127581
vt 0.660491 0.155035
vt 0.666538 0.144880
vt 0.114096 0.164804
vt 0.093138 0.178839
vt 0.124087 0.179110
vt 0.124097 0.164752
vt 0.552031 0.410442
vt 0.548374 0.409563
vt 0.545405 0.407638
vt 0.285791 0.396949
vt 0.281679 0.397685
vt 0.466985 0.294760
vt 0.512192 0.294805
vt 0.528996 0.376523
vt 0.591474 0.084794
vt 0.599669 0.356681
vt 0.547975 0.294944
vt 0.545020 0.294903
vt 0.288544 0.286479
vt 0.285589 0.286470
vt 0.307591 0.271578
vt 0.307725 0.278119
vt 0.281553 0.286444
vt 0.552011 0.294948
vt 0.306596 0.342852
vt 0.466979 0.286605
vt 0.512236 0.286647
vt 0.721741 0.356716
vt 0.721254 0.355145
vt 0.718091 0.353085
vt 0.707061 0.096394
vt 0.152258 0.213148
vt 0.512269 0.280839
vt 0.526551 0.286664
vt 0.526340 0.279033
vt 0.341414 0.403389
vt 0.410965 0.403398
vt 0.307665 0.286489
vt 0.307569 0.294625
vt 0.512349 0.270095
vt 0.535480 0.270400
vt 0.466974 0.280797
vt 0.579123 0.271180
vt 0.526775 0.294848
vt 0.527231 0.311221
vt 0.438928 0.286423
vt 0.438924 0.280594
vt 0.438981 0.358831
vt 0.438970 0.343932
vt 0.438993 0.376006
vt 0.438946 0.310974
vt 0.439028 0.423445
vt 0.438908 0.262696
vt 0.438906 0.265792
vt 0.438909 0.258717
vt 0.439031 0.427429
vt 0.439005 0.394363
vt 0.410868 0.276815
vt 0.341176 0.277673
vt 0.307260 0.310895
vt 0.591454 0.243001
vt 0.583567 0.242994
vt 0.124075 0.195662
vt 0.152285 0.178794
vt 0.144580 0.164558
vt 0.273195 0.227951
vt 0.270746 0.224936
vt 0.152272 0.195324
vt 0.647981 0.254598
vt 0.568588 0.242980
vt 0.578870 0.242981
vt 0.564754 0.242981
vt 0.124036 0.245219
vt 0.124062 0.213352
vt 0.439012 0.403579
vt 0.124056 0.222234
vt 0.438934 0.294607
vt 0.599341 0.243007
vt 0.615114 0.243019
vt 0.615148 0.214819
vt 0.535714 0.294875
vt 0.466962 0.269297
vt 0.528543 0.359532
vt 0.316343 0.310907
vt 0.315665 0.342924
vt 0.538451 0.396755
vt 0.528141 0.344584
vt 0.307719 0.278121
vt 0.535544 0.286674
vt 0.535309 0.275219
vt 0.438919 0.276645
vt 0.341413 0.408426
vt 0.314393 0.405212
vt 0.314274 0.408565
vt 0.438911 0.269111
vt 0.439017 0.410691
vt 0.467064 0.410279
vt 0.314594 0.395179
vt 0.316991 0.280703
vt 0.317009 0.277813
vt 0.511479 0.409307
vt 0.538877 0.411146
vt 0.410970 0.410182
vt 0.466970 0.276874
vt 0.512293 0.277527
vt 0.526359 0.277620
vt 0.529937 0.409617
vt 0.533858 0.396359
vt 0.533346 0.376595
vt 0.311320 0.342890
vt 0.311009 0.357807
vt 0.311998 0.310903
vt 0.312527 0.286494
vt 0.312351 0.294630
vt 0.532894 0.359605
vt 0.532491 0.344626
vt 0.531581 0.311251
vt 0.312693 0.273713
vt 0.312651 0.280322
vt 0.341165 0.273149
vt 0.310651 0.375139
vt 0.341413 0.412954
vt 0.410972 0.414782
vt 0.410862 0.272219
vt 0.310247 0.395374
vt 0.310032 0.405894
vt 0.530678 0.278077
vt 0.530742 0.273379
vt 0.512325 0.273003
vt 0.466965 0.272288
vt 0.438914 0.272034
vt 0.467067 0.414869
vt 0.511463 0.413834
vt 0.530900 0.286670
vt 0.531127 0.294862
vt 0.309790 0.412728
vt 0.439020 0.415310
vt 0.534144 0.406902
vt 0.534477 0.414016
vt 0.041099 0.213407
vt 0.124102 0.158598
vt 0.144679 0.145785
vt 0.723669 0.356720
vt 0.706203 0.342765
vt 0.709508 0.347339
vt 0.715087 0.351232
vt 0.653901 0.228323
vt 0.647248 0.228813
vt 0.200203 0.178451
vt 0.682416 0.133046
vt 0.672774 0.147796
vt 0.178918 0.164291
vt 0.152296 0.164485
vt 0.152310 0.146922
vt 0.723981 0.085881
vt 0.723128 0.085435
vt 0.723054 0.086440
vt 0.267750 0.222639
vt 0.266230 0.221630
vt 0.278392 0.237091
vt 0.277815 0.236131
vt 0.639153 0.186004
vt 0.615136 0.201726
vt 0.148091 0.164525
vt 0.147613 0.145407
vt 0.150384 0.164503
vt 0.150563 0.146192
vt 0.019801 0.227383
vt 0.015908 0.232962
vt 0.685179 0.310469
vt 0.667642 0.283859
vt 0.700356 0.106029
vt 0.647456 0.171842
vt 0.663381 0.230959
vt 0.664548 0.227539
vt 0.654248 0.218949
vt 0.664071 0.218643
vt 0.664870 0.223197
vt 0.704764 0.099390
vt 0.699865 0.332831
vt 0.665469 0.159260
vt 0.656242 0.266793
vt 0.653830 0.177077
vt 0.648148 0.185619
vt 0.970983 0.876981
vt 0.975283 0.832944
vt 0.972814 0.846527
vt 0.971685 0.832944
vt 0.994871 0.917927
vt 0.994904 0.927606
vt 0.994481 0.927589
vt 0.994448 0.917929
vt 0.981177 0.559544
vt 0.981529 0.567120
vt 0.981171 0.567137
vt 0.980818 0.559546
vt 0.984447 0.587745
vt 0.986070 0.599074
vt 0.985713 0.599101
vt 0.984092 0.587790
vt 0.989526 0.968374
vt 0.989108 0.978060
vt 0.988688 0.978007
vt 0.989105 0.968330
vt 0.987170 0.987219
vt 0.986803 0.987009
vt 0.992992 0.942066
vt 0.992573 0.942008
vt 0.990479 0.959372
vt 0.990060 0.959313
vt 0.995114 0.821029
vt 0.995005 0.845254
vt 0.994583 0.845255
vt 0.994691 0.821030
vt 0.986001 0.618031
vt 0.985840 0.636961
vt 0.985483 0.636961
vt 0.985644 0.618031
vt 0.994923 0.869479
vt 0.994501 0.869480
vt 0.994926 0.893703
vt 0.994503 0.893704
vt 0.985093 0.839672
vt 0.984945 0.858610
vt 0.984587 0.858610
vt 0.984736 0.839672
vt 0.987895 0.539605
vt 0.989012 0.544450
vt 0.988592 0.544495
vt 0.986803 0.540390
vt 0.989231 0.548748
vt 0.988809 0.548770
vt 0.985452 0.931448
vt 0.984567 0.939029
vt 0.984212 0.938994
vt 0.985095 0.931428
vt 0.983660 0.946800
vt 0.983304 0.946765
vt 0.981469 0.965548
vt 0.981111 0.965535
vt 0.981411 0.967791
vt 0.981264 0.973429
vt 0.980906 0.973421
vt 0.981053 0.967783
vt 0.984964 0.915425
vt 0.984606 0.915423
vt 0.984715 0.896484
vt 0.984357 0.896484
vt 0.982325 0.574174
vt 0.981968 0.574212
vt 0.981977 0.551480
vt 0.981767 0.551749
vt 0.995212 0.796804
vt 0.994790 0.796805
vt 0.995204 0.772580
vt 0.994781 0.772581
vt 0.995300 0.748355
vt 0.994877 0.748356
vt 0.995274 0.740769
vt 0.994851 0.740770
vt 0.971222 0.603539
vt 0.971175 0.604398
vt 0.971222 0.618160
vt 0.971123 0.603538
vt 0.995231 0.728104
vt 0.995247 0.732949
vt 0.994824 0.732951
vt 0.994808 0.728106
vt 0.995341 0.703878
vt 0.994918 0.703880
vt 0.995440 0.679653
vt 0.995018 0.679654
vt 0.995541 0.655427
vt 0.995119 0.655428
vt 0.984847 0.877547
vt 0.984489 0.877547
vt 0.995656 0.631201
vt 0.995233 0.631203
vt 0.981176 0.976757
vt 0.980818 0.976769
vt 0.982658 0.980764
vt 0.981532 0.980606
vt 0.989596 0.555946
vt 0.989174 0.555967
vt 0.995695 0.602266
vt 0.995711 0.606976
vt 0.995289 0.606977
vt 0.995273 0.602285
vt 0.994359 0.592588
vt 0.993940 0.592645
vt 0.992990 0.582684
vt 0.992572 0.582744
vt 0.989738 0.558790
vt 0.989318 0.558837
vt 0.985527 0.674822
vt 0.985418 0.693752
vt 0.985061 0.693752
vt 0.985170 0.674822
vt 0.985414 0.711591
vt 0.985312 0.730523
vt 0.984954 0.730523
vt 0.985057 0.711591
vt 0.985309 0.741091
vt 0.984952 0.741091
vt 0.985307 0.748341
vt 0.984950 0.748340
vt 0.985305 0.757072
vt 0.984948 0.757072
vt 0.985303 0.766339
vt 0.984946 0.766339
vt 0.985299 0.782862
vt 0.984942 0.782862
vt 0.985165 0.801799
vt 0.985125 0.820736
vt 0.984768 0.820736
vt 0.984807 0.801799
vt 0.985673 0.655892
vt 0.985315 0.655891
vt 0.258356 0.050309
vt 0.258356 0.140143
vt 0.042993 0.140143
vt 0.042993 0.050309
vt 0.951511 0.567735
vt 0.951511 0.754691
vt 0.715052 0.754691
vt 0.715052 0.567735
vt 0.342720 0.196958
s 1
usemtl Early_1900s_Office_Mail_Opened
f 192/1/1 307/2/2 257/3/3 41/4/4
f 344/5/5 374/6/6 217/7/7 182/8/8
f 49/9/9 263/10/10 261/11/11 50/12/12
f 41/4/4 257/3/3 245/13/13 21/14/14
f 29/15/15 248/16/16 320/17/17 223/18/18
f 251/19/19 34/20/20 182/8/8 301/21/21
f 371/22/22 358/23/23 271/24/24 269/25/25
f 57/26/26 58/27/27 1/28/28 5/29/29
f 61/30/30 75/31/31 28/32/32 6/33/33
f 260/34/34 48/35/35 19/36/36 239/37/37
f 394/38/38 371/22/22 269/25/25 46/39/39
f 325/40/40 350/41/41 82/42/42 70/43/43
f 78/44/44 9/45/45 8/46/46
f 78/44/44 965/47/47 9/45/45
f 78/44/44 11/48/48 10/49/49
f 346/50/50 377/51/51 62/52/52 270/53/53
f 63/54/54 85/55/55 15/56/56 14/57/57
f 66/58/58 17/59/59 16/60/60
f 66/58/58 18/61/61 17/59/59
f 23/62/62 88/63/63 68/64/64 24/65/65
f 78/44/44 84/66/66 12/67/67
f 353/68/68 335/69/69 74/70/70 60/71/71
f 32/72/72 44/73/73 79/74/74 35/75/75
f 225/76/76 235/77/77 73/78/78 22/79/79
f 68/64/64 25/80/80 24/65/65
f 35/75/75 79/74/74 71/81/81 20/82/82
f 73/78/78 88/63/63 23/62/62 22/79/79
f 58/27/27 61/30/30 6/33/33 1/28/28
f 197/83/83 57/26/26 5/29/29 194/84/84
f 406/85/85 386/86/86 208/87/87 178/88/88
f 33/89/89 334/90/90 352/91/91 36/92/92
f 266/93/93 63/54/54 14/57/57 242/94/94
f 240/95/95 272/96/96 96/97/97 7/98/97
f 341/99/98 356/100/99 80/101/100 43/102/101
f 386/103/86 416/104/102 77/105/103 76/106/104
f 335/69/69 406/85/85 178/88/88 74/70/70
f 66/58/58 16/60/60 15/56/56
f 192/1/1 403/107/105 401/108/106 223/18/18
f 66/58/58 86/109/107 87/110/108 18/61/61
f 48/35/35 38/111/109 2/112/110 19/36/36
f 33/89/89 252/113/111 302/114/112 181/115/113
f 254/116/114 37/117/115 34/20/20 251/19/19
f 71/81/81 81/118/116 40/119/117 20/82/82
f 2/112/110 38/111/109 53/120/118 3/121/119
f 53/120/118 42/122/120 4/123/121 3/121/119
f 246/124/114 27/125/122 37/117/115 254/116/114
f 21/14/14 245/13/13 255/126/123 36/92/92
f 215/127/124 83/128/125 8/46/46 213/129/126
f 78/44/44 12/67/67 11/48/48
f 328/130/127 382/131/128 47/132/129 264/133/130
f 64/134/131 419/135/132 373/136/133 65/137/134
f 69/138/135 72/139/136 388/140/137
f 51/141/138 52/142/139 53/120/118
f 64/134/131 65/137/134 66/58/58
f 67/143/140 68/64/64 69/138/135
f 76/106/104 77/105/103 78/44/44
f 196/144/141 56/145/142 57/26/26 197/83/83
f 59/146/143 60/71/71 61/30/30 58/27/27
f 290/147/144 273/148/145 102/149/146 136/150/147
f 62/52/52 64/134/131 85/55/55 63/54/54
f 270/53/53 62/52/52 63/54/54 266/93/93
f 67/143/140 49/9/9 50/12/12 89/151/148
f 227/152/149 72/139/136 73/78/78 235/77/77
f 264/133/130 47/132/129 48/35/35 260/34/34
f 47/132/129 51/141/138 38/111/109 48/35/35
f 56/145/142 59/146/143 58/27/27 57/26/26
f 60/71/71 74/70/70 75/31/31 61/30/30
f 208/87/87 76/106/104 83/128/125 215/127/124
f 77/105/103 46/39/39 45/153/150 84/66/66
f 52/142/139 55/154/151 54/155/152 42/122/120
f 72/139/136 69/138/135 88/63/63 73/78/78
f 80/101/100 70/43/43 71/81/81 79/74/74
f 267/156/153 45/153/150 46/39/39 269/25/25
f 180/157/154 43/102/101 44/73/73 183/158/155
f 43/102/101 80/101/100 79/74/74 44/73/73
f 70/43/43 82/42/42 81/118/116 71/81/81
f 42/122/120 53/120/118 52/142/139
f 4/123/121 42/122/120 54/155/152 31/159/156
f 38/111/109 51/141/138 53/120/118
f 68/64/64 89/151/148 26/160/157 25/80/80
f 8/46/46 83/128/125 78/44/44
f 83/128/125 76/106/104 78/44/44
f 12/67/67 84/66/66 45/153/150 13/161/158
f 84/66/66 78/44/44 77/105/103
f 15/56/56 85/55/55 66/58/58
f 85/55/55 64/134/131 66/58/58
f 177/162/159 183/158/155 44/73/73 32/72/72
f 86/109/107 66/58/58 65/137/134
f 88/63/63 69/138/135 68/64/64
f 26/160/157 89/151/148 50/12/12 7/163/160
f 89/151/148 68/64/64 67/143/140
f 200/164/161 123/165/162 479/166/163 311/167/164
f 118/168/165 104/169/166 130/170/167 131/171/168
f 293/172/169 298/173/170 300/174/171 294/175/172
f 295/176/173 290/147/144 136/150/147 153/177/174
f 275/178/175 484/179/175 119/180/175 110/181/175
f 133/182/176 13/183/177 243/184/178 298/173/170
f 282/185/179 305/186/180 980/187/181 977/188/182
f 125/189/183 164/190/184 188/191/185 191/192/186
f 228/193/187 112/194/188 128/195/189 238/196/190
f 145/197/191 94/198/192 90/199/193 146/200/194
f 147/201/195 95/202/196 111/203/197 160/204/198
f 299/205/199 242/206/200 14/207/201 148/208/202
f 278/209/175 323/210/175 229/211/175 113/212/175
f 119/180/175 116/213/175 164/190/184 166/214/203
f 163/215/204 460/216/205 459/217/206
f 163/215/204 459/217/206 966/218/207 99/219/208
f 163/215/204 99/219/208 11/220/209
f 222/221/210 134/222/211 135/223/212 425/224/213 424/225/214
f 211/226/215 152/227/216 293/172/169 316/228/217
f 148/208/202 14/207/201 15/229/218 171/230/219
f 151/231/220 16/232/221 100/233/222
f 151/231/220 100/233/222 101/234/223
f 106/235/224 107/236/225 155/237/226 174/238/227
f 163/215/204 12/239/228 170/240/229
f 121/241/175 110/181/175 139/242/230 168/243/231
f 115/244/232 117/245/233 165/246/234 125/189/183
f 230/247/235 105/248/236 159/249/237 237/250/238
f 155/237/226 107/236/225 108/251/239
f 117/245/233 103/252/240 158/253/241 165/246/234
f 159/249/237 105/248/236 106/235/224 174/238/227
f 146/200/194 90/199/193 95/202/196 147/201/195
f 204/254/242 202/255/243 94/198/192 145/197/191
f 165/246/234 158/253/241 139/242/230 166/214/203
f 150/256/244 172/257/245 423/258/246
f 112/194/188 153/177/174 127/259/247 128/195/189
f 463/260/248 220/261/249 464/262/250
f 299/205/199 148/208/202 134/222/211 292/263/251
f 478/264/175 481/265/175 275/178/175 286/266/175
f 138/267/252 96/268/253 272/269/254 289/270/255
f 140/271/256 137/272/257 157/273/258 113/212/175
f 201/274/175 121/241/175 168/243/231 207/275/259
f 104/169/166 123/165/162 129/276/260 130/170/167
f 151/231/220 15/229/218 16/232/221
f 147/201/195 160/204/198 126/277/261 131/171/168
f 160/204/198 186/278/262 187/279/263 126/277/261
f 159/249/237 174/238/227 156/280/264 137/272/257 140/271/256
f 167/281/238 205/282/238 207/275/259 168/243/231
f 151/231/220 101/234/223 448/283/265 172/257/245
f 317/284/266 292/263/251 134/222/211 222/221/210
f 474/285/175 489/286/175 491/287/175 496/288/175
f 136/150/147 102/149/146 91/289/267 120/290/268
f 232/291/269 237/250/238 159/249/237 140/271/256
f 110/181/175 119/180/175 166/214/203 139/242/230
f 433/292/270 465/293/271 189/294/272
f 310/295/175 286/266/175 121/241/175 201/274/175
f 158/253/241 103/252/240 122/296/235 167/281/238
f 91/289/267 92/297/273 143/298/274 120/290/268
f 154/299/275 175/300/276 964/301/277 137/272/257
f 144/302/278 231/303/279 238/196/190 128/195/189
f 143/298/274 92/297/273 93/304/280 124/305/281
f 205/282/238 237/250/238 232/291/269 207/275/259
f 498/306/175 453/307/175 452/308/175 469/309/175
f 112/194/188 228/193/187 322/310/282 279/311/283
f 220/261/249 218/312/284 97/313/285 444/314/286 464/262/250
f 163/215/204 11/220/209 12/239/228
f 206/315/287 204/254/242 145/197/191 129/276/260
f 156/280/264 154/299/275 137/272/257
f 161/316/288 163/215/204 162/317/289
f 299/205/199 292/263/251 294/175/172 300/174/171
f 149/318/290 150/256/244 135/223/212
f 130/170/167 146/200/194 147/201/195 131/171/168
f 148/208/202 171/230/219 149/318/290 135/223/212 134/222/211
f 301/21/21 182/8/8 217/7/7 313/319/291
f 153/177/174 136/150/147 120/290/268 141/320/292 127/259/247
f 298/173/170 293/172/169 152/227/216 133/182/176
f 145/197/191 146/200/194 130/170/167 129/276/260
f 132/321/293 162/317/289 170/240/229 133/182/176 152/227/216
f 142/322/294 124/305/281 144/302/278 128/195/189 127/259/247
f 164/190/184 125/189/183 165/246/234 166/214/203
f 158/253/241 167/281/238 168/243/231 139/242/230
f 124/305/281 142/322/294 143/298/274
f 93/304/280 114/323/295 144/302/278 124/305/281
f 120/290/268 143/298/274 141/320/292
f 155/237/226 108/251/239 109/324/296 175/300/276
f 97/313/285 442/325/297 444/314/286
f 169/326/298 163/215/204 161/316/288
f 12/239/228 13/183/177 133/182/176 170/240/229
f 170/240/229 162/317/289 163/215/204
f 15/229/218 151/231/220 171/230/219
f 171/230/219 151/231/220 149/318/290
f 185/327/299 115/244/232 125/189/183 191/192/186
f 172/257/245 150/256/244 151/231/220
f 174/238/227 155/237/226 156/280/264
f 109/324/296 964/301/277 175/300/276
f 175/300/276 154/299/275 155/237/226
f 4/328/300 93/329/301 92/330/302 3/331/302
f 114/332/303 93/329/301 4/328/300 31/333/303
f 233/334/304 236/335/305 114/332/303 31/333/303
f 1/336/306 90/337/306 94/338/307 5/339/308
f 6/340/309 95/341/310 90/337/306 1/336/306
f 6/340/309 28/342/311 111/343/312 95/341/310
f 213/344/313 8/345/314 97/346/314 218/347/313
f 9/348/315 98/349/316 97/346/314 8/345/314
f 10/350/317 99/351/318 966/352/319 965/353/320
f 258/354/321 39/355/322 27/125/122 246/124/114
f 45/153/150 267/156/153 243/356/323 13/161/158
f 18/357/324 101/358/324 100/359/325 17/360/326
f 87/361/327 173/362/328 101/358/324 18/357/324
f 214/363/329 219/364/329 173/362/328 87/361/327
f 35/365/330 117/366/330 115/367/331 32/368/331
f 20/369/332 103/370/333 117/366/330 35/365/330
f 40/371/334 122/372/335 103/370/333 20/369/332
f 195/373/336 203/374/336 122/372/335 40/371/334
f 23/375/337 106/376/338 105/377/339 22/378/339
f 24/379/340 107/380/341 106/376/338 23/375/337
f 25/381/342 108/382/343 107/383/341 24/384/340
f 26/385/344 109/386/345 108/382/343 25/381/342
f 7/98/97 96/97/97 109/386/345 26/385/344
f 50/12/12 261/11/11 240/387/346 7/163/160
f 2/388/347 91/389/348 102/390/349 19/391/349
f 3/392/350 92/393/350 91/389/348 2/388/347
f 32/368/331 115/367/331 185/394/351 177/395/351
f 28/342/311 176/396/352 184/397/352 111/343/312
f 219/398/353 185/327/299 191/192/186 212/399/354
f 231/303/279 204/254/242 206/315/287 238/196/190
f 160/204/198 111/203/197 184/400/355 186/278/262
f 126/277/261 187/279/263 221/401/356
f 118/168/165 485/402/357 483/403/358
f 429/404/359 277/405/360 976/406/361 451/407/362
f 116/213/175 188/191/185 164/190/184
f 214/408/363 210/409/364 183/158/155 177/162/159
f 216/410/365 180/157/154 183/158/155 210/409/364
f 74/70/70 178/88/88 179/411/366 75/31/31
f 75/31/31 179/411/366 176/412/367 28/32/32
f 358/23/23 346/50/50 270/53/53 271/24/24
f 308/413/368 193/414/115 39/355/322 258/354/321
f 36/92/92 255/126/123 252/113/111 33/89/89
f 34/20/20 340/415/369 344/5/5 182/8/8
f 225/416/370 230/417/370 203/374/336 195/373/336
f 5/339/308 94/338/307 202/418/371 194/419/372
f 229/211/175 201/274/175 207/275/259 232/291/269
f 231/303/279 236/420/373 202/255/243 204/254/242
f 122/296/235 203/421/235 205/282/238 167/281/238
f 123/165/162 200/164/161 206/315/287 129/276/260
f 323/210/175 310/295/175 201/274/175 229/211/175
f 82/42/42 198/422/374 199/423/375 81/118/116
f 234/424/376 196/144/141 197/83/83 226/425/377
f 409/426/378 365/427/379 52/142/139 51/141/138
f 226/425/377 197/83/83 194/84/84 233/428/380
f 40/119/117 81/118/116 199/423/375 195/429/381
f 331/430/382 353/68/68 60/71/71 59/146/143
f 319/431/383 224/432/384 193/414/115 308/413/368
f 228/193/187 200/164/161 311/167/164 322/310/282
f 65/137/134 216/410/365 210/409/364 86/109/107
f 87/110/108 86/109/107 210/409/364 214/408/363
f 173/433/385 219/398/353 212/399/354 447/434/386 421/435/387
f 177/395/351 185/394/351 219/364/329 214/363/329
f 176/396/352 213/344/313 218/347/313 184/397/352
f 186/278/262 184/400/355 218/312/284 220/261/249
f 462/436/388 220/261/249 463/260/248
f 223/18/18 320/17/17 307/2/2 192/1/1
f 189/294/272 211/226/215 316/228/217 304/437/389
f 178/88/88 208/87/87 215/127/124 179/411/366
f 179/411/366 215/127/124 213/129/126 176/412/367
f 30/438/390 389/439/391 338/440/392 224/432/384
f 305/186/180 317/284/266 222/221/210 190/441/393
f 181/115/113 302/114/112 314/442/394 209/443/395
f 400/444/396 404/445/397 196/144/141 234/424/376
f 67/143/140 413/446/398 362/447/399 49/9/9
f 249/448/400 30/438/390 224/432/384 319/431/383
f 54/155/152 226/425/377 233/428/380 31/159/156
f 55/154/151 234/424/376 226/425/377 54/155/152
f 113/212/175 157/273/258 296/449/401 278/209/175
f 279/311/283 295/176/173 153/177/174 112/194/188
f 144/302/278 114/323/295 236/420/373 231/303/279
f 113/212/175 229/211/175 232/291/269 140/271/256
f 22/378/339 105/377/339 230/417/370 225/416/370
f 194/419/372 202/418/371 236/335/305 233/334/304
f 203/421/235 230/247/235 237/250/238 205/282/238
f 200/164/161 228/193/187 238/196/190 206/315/287
f 198/422/374 227/152/149 235/77/77 199/423/375
f 195/429/381 199/423/375 235/77/77 225/76/76
f 368/450/402 349/451/403 39/355/322 193/414/115
f 320/17/17 248/16/16 250/452/404 321/453/114
f 321/453/114 250/452/404 249/448/400 319/431/383
f 255/126/123 245/13/13 247/454/114 256/455/114
f 256/455/114 247/454/114 246/124/114 254/116/114
f 252/113/111 255/126/123 256/455/114 253/456/405
f 253/456/405 256/455/114 254/116/114 251/19/19
f 245/13/13 257/3/3 259/457/114 247/454/114
f 247/454/114 259/457/114 258/354/321 246/124/114
f 267/156/153 269/25/25 271/24/24 268/458/406
f 268/458/406 271/24/24 270/53/53 266/93/93
f 261/11/11 263/10/10 265/459/407 262/460/408
f 262/460/408 265/459/407 264/133/130 260/34/34
f 240/387/346 261/11/11 262/460/408 241/461/409
f 241/461/409 262/460/408 260/34/34 239/37/37
f 266/93/93 242/94/94 244/462/410 268/458/406
f 268/458/406 244/462/410 243/356/323 267/156/153
f 302/114/112 252/113/111 253/456/405 303/463/411
f 303/463/411 253/456/405 251/19/19 301/21/21
f 29/15/15 383/464/412 329/465/413 248/16/16
f 397/466/414 331/430/382 59/146/143 56/145/142
f 323/210/175 278/209/175 280/467/175 324/468/175
f 324/468/175 280/467/175 279/311/283 322/310/282
f 451/407/362 976/406/361 975/469/415
f 285/470/416 277/405/360 475/471/417 284/472/418
f 132/321/293 445/473/419 446/474/420
f 283/475/421 285/470/416 284/472/418 281/476/422
f 453/307/175 498/306/175 468/477/175 481/265/175
f 290/147/144 295/176/173 297/478/423 291/479/424
f 291/479/424 297/478/423 296/449/401 289/270/255
f 157/273/258 138/267/252 289/270/255 296/449/401
f 273/148/145 290/147/144 291/479/424 274/480/425
f 274/480/425 291/479/424 289/270/255 272/269/254
f 298/173/170 243/184/178 244/481/426 300/174/171
f 300/174/171 244/481/426 242/206/200 299/205/199
f 305/186/180 282/185/179 283/475/421 306/482/427
f 306/482/427 283/475/421 281/476/422 304/437/389
f 295/176/173 279/311/283 280/467/175 297/478/423
f 297/478/423 280/467/175 278/209/175 296/449/401
f 239/483/428 273/484/428 274/485/429 241/486/429
f 241/486/429 274/485/429 272/96/96 240/95/95
f 314/442/394 302/114/112 303/463/411 315/487/430
f 315/487/430 303/463/411 301/21/21 313/319/291
f 317/284/266 305/186/180 306/482/427 318/488/431
f 318/488/431 306/482/427 304/437/389 316/228/217
f 257/3/3 307/2/2 309/489/114 259/457/114
f 259/457/114 309/489/114 308/413/368 258/354/321
f 286/266/175 310/295/175 312/490/175 478/264/175
f 288/491/175 312/490/175 311/167/164 287/492/175
f 82/42/42 350/41/41 367/493/432 198/422/374
f 51/141/138 47/132/129 382/131/128 409/426/378
f 292/263/251 317/284/266 318/488/431 294/175/172
f 294/175/172 318/488/431 316/228/217 293/172/169
f 307/2/2 320/17/17 321/453/114 309/489/114
f 309/489/114 321/453/114 319/431/383 308/413/368
f 310/295/175 323/210/175 324/468/175 312/490/175
f 312/490/175 324/468/175 322/310/282 311/167/164
f 19/391/349 102/390/349 273/484/428 239/483/428
f 362/447/399 379/494/433 263/10/10 49/9/9
f 37/117/115 355/495/434 340/415/369 34/20/20
f 21/14/14 332/496/435 398/497/436 41/4/4
f 36/92/92 352/91/91 332/496/435 21/14/14
f 343/498/437 341/99/98 43/102/101 180/157/154
f 27/125/122 326/499/438 355/495/434 37/117/115
f 234/424/376 55/154/151 365/500/379 400/444/396
f 337/501/439 388/502/137 72/139/136 227/152/149
f 65/137/134 373/136/133 216/410/365
f 329/465/413 391/503/440 250/452/404 248/16/16
f 395/504/441 415/505/442 385/506/443 209/443/395
f 77/105/103 416/104/102 394/38/38 46/39/39
f 263/10/10 379/494/433 392/507/444 265/459/407
f 313/319/291 347/508/445 359/509/446 315/487/430
f 181/115/113 407/510/447 334/511/90 33/89/89
f 338/440/392 368/450/402 193/414/115 224/432/384
f 364/512/448 410/513/449 383/464/412 29/15/15
f 198/422/374 367/493/432 337/501/439 227/152/149
f 209/443/395 385/506/443 407/510/447 181/115/113
f 217/7/7 376/514/450 347/508/445 313/319/291
f 216/410/365 343/498/437 180/157/154
f 265/459/407 392/507/444 328/130/127 264/133/130
f 315/487/430 359/509/446 370/515/451 314/442/394
f 391/503/440 380/516/452 249/448/400 250/452/404
f 41/4/4 398/497/436 403/107/105 192/1/1
f 39/355/322 349/451/403 326/499/438 27/125/122
f 249/448/400 380/516/452 361/517/453 30/438/390
f 30/438/390 361/517/453 412/518/454 389/439/391
f 314/442/394 370/515/451 395/504/441 209/443/395
f 401/108/106 364/512/448 29/15/15 223/18/18
f 388/140/137 413/446/398 67/143/140 69/138/135
f 52/142/139 365/427/379 55/154/151
f 377/51/51 419/135/132 64/134/131 62/52/52
f 217/7/7 374/6/6 418/519/455 376/514/450
f 404/445/397 397/466/414 56/145/142 196/144/141
f 76/106/104 208/87/87 386/103/86
f 344/5/5 340/415/369 342/520/456 345/521/457
f 345/521/457 342/520/456 341/99/98 343/498/437
f 332/496/435 352/91/91 354/522/458 333/523/459
f 333/523/459 354/522/458 353/68/68 331/430/382
f 398/497/436 332/496/435 333/523/459 399/524/460
f 399/524/460 333/523/459 331/430/382 397/466/414
f 401/108/106 403/107/105 405/525/461 402/526/462
f 402/526/462 405/525/461 404/445/397 400/444/396
f 340/415/369 355/495/434 357/527/463 342/520/456
f 342/520/456 357/527/463 356/100/99 341/99/98
f 326/499/438 349/451/403 351/528/464 327/529/77
f 327/529/77 351/528/464 350/41/41 325/40/40
f 410/513/449 364/512/448 366/530/465 411/531/466
f 411/531/466 366/530/465 365/427/379 409/426/378
f 383/464/412 410/513/449 411/531/466 384/532/467
f 384/532/467 411/531/466 409/426/378 382/131/128
f 352/91/91 334/90/90 336/533/468 354/522/458
f 354/522/458 336/533/468 335/69/69 353/68/68
f 395/504/441 370/515/451 372/534/469 396/535/470
f 396/535/470 372/534/469 371/22/22 394/38/38
f 329/465/413 383/464/412 384/532/467 330/536/471
f 330/536/471 384/532/467 382/131/128 328/130/127
f 407/510/447 385/506/443 387/537/472 408/538/473
f 408/538/473 387/537/472 386/86/86 406/85/85
f 389/439/391 412/518/454 414/539/474 390/540/475
f 390/540/475 414/539/474 413/446/398 388/140/137
f 412/518/454 361/517/453 363/541/476 414/539/474
f 414/539/474 363/541/476 362/447/399 413/446/398
f 380/516/452 391/503/440 393/542/477 381/543/478
f 381/543/478 393/542/477 392/507/444 379/494/433
f 347/508/445 376/514/450 378/544/479 348/545/480
f 348/545/480 378/544/479 377/51/51 346/50/50
f 334/511/90 407/510/447 408/538/473 336/533/468
f 336/533/468 408/538/473 406/85/85 335/69/69
f 338/440/392 389/439/391 390/540/475 339/546/481
f 339/546/481 390/540/475 388/502/137 337/501/439
f 364/512/448 401/108/106 402/526/462 366/530/465
f 366/530/465 402/526/462 400/444/396 365/500/379
f 368/450/402 338/440/392 339/546/481 369/547/482
f 369/547/482 339/546/481 337/501/439 367/493/432
f 385/506/443 415/505/442 417/548/483 387/537/472
f 387/537/472 417/548/483 416/104/102 386/103/86
f 415/505/442 395/504/441 396/535/470 417/548/483
f 417/548/483 396/535/470 394/38/38 416/104/102
f 359/509/446 347/508/445 348/545/480 360/549/484
f 360/549/484 348/545/480 346/50/50 358/23/23
f 374/6/6 344/5/5 345/521/457 375/550/485
f 375/550/485 343/498/437 373/551/133
f 391/503/440 329/465/413 330/536/471 393/542/477
f 393/542/477 330/536/471 328/130/127 392/507/444
f 349/451/403 368/450/402 369/547/482 351/528/464
f 351/528/464 369/547/482 367/493/432 350/41/41
f 376/514/450 418/519/455 420/552/486 378/544/479
f 378/544/479 420/552/486 419/135/132 377/51/51
f 418/519/455 374/6/6 375/550/485 420/552/486
f 420/552/486 375/550/485 373/136/133 419/135/132
f 403/107/105 398/497/436 399/524/460 405/525/461
f 405/525/461 399/524/460 397/466/414 404/445/397
f 355/495/434 326/499/438 327/529/77 357/527/463
f 357/527/463 327/529/77 325/40/40 356/100/99
f 361/517/453 380/516/452 381/543/478 363/541/476
f 363/541/476 381/543/478 379/494/433 362/447/399
f 370/515/451 359/509/446 360/549/484 372/534/469
f 372/534/469 360/549/484 358/23/23 371/22/22
f 356/100/99 325/40/40 70/43/43 80/101/100
f 127/259/247 141/320/292 142/322/294
f 190/441/393 222/221/210 424/225/214 430/553/487
f 448/283/265 423/258/246 172/257/245
f 428/554/488 436/555/489 475/471/417 277/405/360
f 421/435/387 101/556/490 173/433/385
f 422/557/491 426/558/492 212/399/354
f 212/399/354 426/558/492 427/559/493
f 429/404/359 428/554/488 277/405/360
f 430/553/487 432/560/494 190/441/393
f 488/561/175 452/308/175 288/491/175 480/562/175
f 281/476/422 979/563/495 189/294/272 304/437/389
f 452/308/175 453/307/175 288/491/175
f 456/564/496 433/292/270 979/563/495 978/565/497
f 494/566/175 434/567/175 485/402/357 221/401/356
f 458/568/498 456/564/496 978/565/497 276/569/499
f 435/570/500 458/568/498 276/569/499
f 966/571/501 441/572/502 98/573/502
f 441/572/502 442/325/297 97/313/285 98/573/502
f 461/574/503 445/473/419 132/321/293
f 465/293/271 439/575/504 189/294/272
f 466/576/505 460/216/205 163/215/204 169/326/298
f 443/577/506 466/576/505 169/326/298
f 439/575/504 461/574/503 132/321/293 152/227/216 211/226/215
f 132/321/293 446/474/420 443/577/506 161/316/288
f 486/578/507 491/287/175 497/579/508 479/166/163
f 284/472/418 475/471/417 476/580/509
f 475/471/417 436/555/489 437/581/510 476/580/509
f 476/580/509 477/582/511 284/472/418
f 476/580/509 437/581/510 438/583/512 477/582/511
f 284/472/418 477/582/511 276/569/499
f 477/582/511 438/583/512 435/570/500 276/569/499
f 282/185/179 977/188/182 975/469/415
f 135/223/212 449/584/513 425/224/213
f 135/223/212 450/585/514 449/584/513
f 150/256/244 149/318/290 151/231/220
f 423/258/246 450/585/514 135/223/212 150/256/244
f 162/317/289 132/321/293 161/316/288
f 161/316/288 443/577/506 169/326/298
f 116/213/175 484/179/175 487/586/175 431/587/175
f 286/266/175 275/178/175 110/181/175 121/241/175
f 478/264/175 312/490/175 288/491/175
f 457/588/515 494/566/175 221/401/356 187/279/263
f 311/167/164 479/166/163 497/579/508
f 123/165/162 104/169/166 482/589/516 486/578/507 479/166/163
f 469/309/175 452/308/175 488/561/175 471/590/175 470/591/175
f 287/492/175 480/562/175 288/491/175
f 489/286/175 490/592/175 287/492/175
f 473/593/175 490/592/175 489/286/175 474/285/175
f 453/307/175 481/265/175 478/264/175 288/491/175
f 490/592/175 488/561/175 480/562/175 287/492/175
f 471/590/175 488/561/175 490/592/175 473/593/175 472/594/175
f 119/180/175 484/179/175 116/213/175
f 440/595/517 220/261/249 462/436/388
f 422/557/491 212/399/354 191/192/186 188/191/185
f 427/559/493 447/434/386 212/399/354
f 154/299/275 156/280/264 155/237/226
f 142/322/294 141/320/292 143/298/274
f 483/403/358 482/589/516 104/169/166 118/168/165
f 431/587/175 455/596/175 188/191/185 116/213/175
f 483/403/358 485/402/357 434/567/175 493/597/175
f 188/191/185 455/596/175 422/557/491
f 275/178/175 481/265/175 468/477/175 495/598/175
f 493/597/175 492/599/175 482/589/516 483/403/358
f 497/579/508 491/287/175 489/286/175 287/492/175
f 221/401/356 485/402/357 118/168/165 131/171/168 126/277/261
f 220/261/249 440/595/517 457/588/515 187/279/263
f 482/589/516 492/599/175 467/600/175 486/578/507
f 495/598/175 487/586/175 484/179/175 275/178/175
f 187/279/263 186/278/262 220/261/249
f 496/288/175 491/287/175 486/578/507 467/600/175
f 497/579/508 287/492/175 311/167/164
f 11/601/518 99/351/318 10/350/317
f 17/360/326 100/359/325 16/602/519
f 666/603/520 521/604/521 721/605/522 771/606/523
f 808/607/524 657/608/525 687/609/526 838/610/527
f 529/611/528 530/612/529 725/613/530 727/614/531
f 521/604/521 510/615/532 709/616/533 721/605/522
f 512/617/534 692/618/535 784/619/536 712/620/537
f 715/621/538 765/622/539 657/608/525 515/623/540
f 835/624/541 733/625/542 735/626/543 822/627/544
f 537/628/545 499/629/546 569/630/547 538/631/548
f 541/632/549 573/633/550 588/634/551 555/635/552
f 724/636/553 737/637/554 579/638/555 528/639/556
f 858/640/557 526/641/558 733/625/542 835/624/541
f 789/642/559 550/643/560 562/644/561 814/645/562
f 558/646/563 575/647/564 500/648/565
f 558/646/563 500/648/565 501/649/566
f 558/646/563 501/649/566 502/650/567
f 810/651/568 734/652/569 542/653/570 841/654/571
f 543/655/572 505/656/573 506/657/574 565/658/575
f 546/659/576 507/660/577 508/661/578
f 546/659/576 508/661/578 509/662/579
f 583/663/580 584/664/581 548/665/582 567/666/583
f 558/646/563 503/667/584 564/668/585
f 817/669/586 540/670/587 554/671/588 799/672/589
f 592/673/590 594/674/591 559/675/592 524/676/593
f 698/677/594 582/678/595 553/679/596 703/680/597
f 548/665/582 584/664/581 585/681/598
f 594/674/591 580/682/599 551/683/600 559/675/592
f 553/679/596 582/678/595 583/663/580 567/666/583
f 538/631/548 569/630/547 573/633/550 541/632/549
f 670/684/601 675/685/602 499/629/546 537/628/545
f 870/686/603 653/687/604 680/688/605 850/689/606
f 514/690/607 516/691/608 816/692/609 798/693/610
f 730/694/611 706/695/612 505/656/573 543/655/572
f 805/696/613 523/697/614 560/698/615 820/699/616
f 850/700/606 556/701/617 557/702/618 880/703/619
f 799/672/589 554/671/588 653/687/604 870/686/603
f 546/659/576 506/657/574 507/660/577
f 666/603/520 692/618/535 865/704/620 867/705/621
f 546/659/576 509/662/579 649/706/622 566/707/623
f 528/639/556 579/638/555 570/708/624 518/709/625
f 514/690/607 656/710/626 766/711/627 716/712/628
f 718/713/175 715/621/538 515/623/540 517/714/629
f 551/683/600 580/682/599 520/715/630 561/716/631
f 570/708/624 571/717/632 533/718/633 518/709/625
f 533/718/633 571/717/632 572/719/634 522/720/635
f 710/721/175 718/713/175 517/714/629 511/722/636
f 510/615/532 516/691/608 719/723/637 709/616/533
f 689/724/638 685/725/175 575/647/564 563/726/639
f 558/646/563 502/650/567 503/667/584
f 792/727/640 728/728/641 527/729/642 846/730/643
f 544/731/644 545/732/645 837/733/646 883/734/647
f 549/735/648 852/736/649 552/737/650
f 531/738/651 533/718/633 532/739/652
f 544/731/644 546/659/576 545/732/645
f 547/740/653 549/735/648 548/665/582
f 556/701/617 558/646/563 557/702/618
f 669/741/654 670/684/601 537/628/545 536/742/655
f 539/743/656 538/631/548 541/632/549 540/670/587
f 754/744/657 612/745/658 579/746/659 737/747/660
f 542/653/570 543/655/572 565/658/575 544/731/644
f 734/652/569 730/694/611 543/655/572 542/653/570
f 547/740/653 568/748/661 530/612/529 529/611/528
f 695/749/662 703/680/597 553/679/596 552/737/650
f 728/728/641 724/636/553 528/639/556 527/729/642
f 527/729/642 528/639/556 518/709/625 531/738/651
f 536/742/655 537/628/545 538/631/548 539/743/656
f 540/670/587 541/632/549 555/635/552 554/671/588
f 680/688/605 689/724/638 563/726/639 556/701/617
f 557/702/618 564/668/585 525/750/663 526/641/558
f 532/739/652 522/720/635 534/751/664 535/752/665
f 552/737/650 553/679/596 567/666/583 549/735/648
f 560/698/615 559/675/592 551/683/600 550/643/560
f 731/753/666 733/625/542 526/641/558 525/750/663
f 655/754/667 658/755/668 524/676/593 523/697/614
f 523/697/614 524/676/593 559/675/592 560/698/615
f 550/643/560 551/683/600 561/716/631 562/644/561
f 522/720/635 532/739/652 533/718/633
f 572/719/634 591/756/669 534/751/664 522/720/635
f 518/709/625 533/718/633 531/738/651
f 548/665/582 585/681/598 586/757/670 568/748/661
f 575/647/564 558/646/563 563/726/639
f 563/726/639 558/646/563 556/701/617
f 503/667/584 504/758/671 525/750/663 564/668/585
f 564/668/585 557/702/618 558/646/563
f 506/657/574 546/659/576 565/658/575
f 565/658/575 546/659/576 544/731/644
f 659/759/672 592/673/590 524/676/593 658/755/668
f 566/707/623 545/732/645 546/659/576
f 567/666/583 548/665/582 549/735/648
f 586/757/670 574/760/673 530/612/529 568/748/661
f 568/748/661 547/740/653 548/665/582
f 673/761/674 775/762/675 944/763/676 599/764/677
f 595/765/678 607/766/679 606/767/680 581/768/681
f 757/769/682 758/770/683 764/771/684 762/772/685
f 759/773/686 629/774/687 612/745/658 754/744/657
f 739/775/114 587/776/114 596/777/114 949/778/114
f 609/779/688 762/772/685 707/780/689 504/781/690
f 746/782/691 919/783/692 896/784/693 664/785/694 769/786/695
f 601/787/696 665/788/697 662/789/698 640/790/699
f 696/791/700 705/792/701 604/793/702 589/794/703
f 621/795/704 622/796/705 569/797/706 499/798/707
f 623/799/708 636/800/709 588/801/710 573/802/711
f 763/803/712 624/804/713 505/805/714 706/806/715
f 742/807/114 590/808/114 697/809/114 787/810/114
f 596/777/114 642/811/716 640/790/699 593/812/114
f 639/813/717 924/814/718 925/815/719
f 639/813/717 576/816/720 903/817/721 924/814/718
f 639/813/717 502/818/722 576/816/720
f 691/819/723 888/820/724 889/821/725 611/822/726 610/823/727
f 683/824/728 780/825/729 757/769/682 628/826/730
f 624/804/713 647/827/731 506/828/732 505/805/714
f 627/829/733 577/830/734 507/831/735
f 627/829/733 578/832/736 577/830/734
f 583/833/737 650/834/738 631/835/739 584/836/740
f 639/813/717 646/837/741 503/838/742
f 598/839/114 644/840/743 615/841/744 587/776/114
f 592/842/745 601/787/696 641/843/746 594/844/747
f 698/845/748 704/846/749 635/847/750 582/848/751
f 631/835/739 585/849/752 584/836/740
f 594/844/747 641/843/746 634/850/753 580/851/754
f 635/847/750 650/834/738 583/833/737 582/848/751
f 622/796/705 623/799/708 573/802/711 569/797/706
f 676/852/755 621/795/704 499/798/707 675/853/756
f 641/843/746 642/811/716 615/841/744 634/850/753
f 626/854/757 887/855/758 648/856/759
f 589/794/703 604/793/702 603/857/760 629/774/687
f 928/858/761 929/859/762 689/860/763
f 763/803/712 756/861/764 610/823/727 624/804/713
f 943/862/114 750/863/114 739/775/114 946/864/114
f 614/865/765 753/866/766 736/867/767 574/868/768
f 616/869/769 590/808/114 633/870/770 613/871/771
f 674/872/114 679/873/772 644/840/743 598/839/114
f 581/768/681 606/767/680 605/874/773 599/764/677
f 627/829/733 507/831/735 506/828/732
f 623/799/708 607/766/679 602/875/774 636/800/709
f 636/800/709 602/875/774 661/876/775 660/877/776
f 635/847/750 616/869/769 613/871/771 632/878/777 650/834/738
f 643/879/778 644/840/743 679/873/772 677/880/779
f 627/829/733 648/856/759 913/881/780 578/832/736
f 781/882/781 691/819/723 610/823/727 756/861/764
f 939/883/114 961/884/114 956/885/114 954/886/114
f 612/745/658 597/887/782 570/888/783 579/746/659
f 700/889/784 616/869/769 635/847/750 704/846/749
f 587/776/114 615/841/744 642/811/716 596/777/114
f 897/890/785 663/891/786 930/892/787
f 774/893/114 674/872/114 598/839/114 750/863/114
f 634/850/753 643/879/778 520/894/788 580/851/754
f 570/888/783 597/887/782 619/895/789 571/896/790
f 630/897/791 613/871/771 633/870/770 614/865/765 651/898/792
f 620/899/793 604/793/702 705/792/701 699/900/794
f 619/895/789 600/901/795 572/902/796 571/896/790
f 677/880/779 679/873/772 700/889/784 704/846/749
f 963/903/114 934/904/114 917/905/114 918/906/114
f 589/794/703 743/907/797 786/908/798 696/791/700
f 689/860/763 929/859/762 909/909/799 575/910/800 685/911/801
f 639/813/717 503/838/742 502/818/722
f 678/912/802 605/874/773 621/795/704 676/852/755
f 632/878/777 613/871/771 630/897/791
f 637/913/803 638/914/804 639/813/717
f 763/803/712 764/771/684 758/770/683 756/861/764
f 625/915/805 611/822/726 626/854/757
f 606/767/680 607/766/679 623/799/708 622/796/705
f 624/804/713 610/823/727 611/822/726 625/915/805 647/827/731
f 765/622/539 777/916/806 687/609/526 657/608/525
f 629/774/687 603/857/760 617/917/807 597/887/782 612/745/658
f 762/772/685 609/779/688 628/826/730 757/769/682
f 621/795/704 605/874/773 606/767/680 622/796/705
f 608/918/808 628/826/730 609/779/688 646/837/741 638/914/804
f 618/919/809 603/857/760 604/793/702 620/899/793 600/901/795
f 640/790/699 642/811/716 641/843/746 601/787/696
f 634/850/753 615/841/744 644/840/743 643/879/778
f 600/901/795 619/895/789 618/919/809
f 572/902/796 600/901/795 620/899/793 591/920/810
f 597/887/782 617/917/807 619/895/789
f 631/835/739 651/898/792 586/921/811 585/849/752
f 575/910/800 909/909/799 907/922/812
f 645/923/813 637/913/803 639/813/717
f 503/838/742 646/837/741 609/779/688 504/781/690
f 646/837/741 639/813/717 638/914/804
f 506/828/732 647/827/731 627/829/733
f 647/827/731 625/915/805 627/829/733
f 659/924/814 665/788/697 601/787/696 592/842/745
f 648/856/759 627/829/733 626/854/757
f 650/834/738 632/878/777 631/835/739
f 586/921/811 651/898/792 614/865/765 574/868/768
f 651/898/792 631/835/739 630/897/791
f 501/925/815 500/926/816 903/927/816 576/928/817
f 722/929/818 710/721/175 511/722/636 519/930/819
f 525/750/663 504/758/671 707/931/820 731/753/666
f 509/932/821 508/933/822 577/934/823 578/935/824
f 649/936/825 509/932/821 578/935/824
f 530/612/529 574/760/673 736/937/826 725/613/530
f 688/938/827 684/939/828 665/788/697 659/924/814
f 699/900/794 705/792/701 678/912/802 676/852/755
f 636/800/709 660/877/776 652/940/829 588/801/710
f 602/875/774 690/941/830 661/876/775
f 595/765/678 948/942/831 950/943/832
f 893/944/833 916/945/834 749/946/835 741/947/836
f 593/812/114 640/790/699 662/789/698
f 688/948/837 659/759/672 658/755/668 682/949/838
f 686/950/839 682/949/838 658/755/668 655/754/667
f 554/671/588 555/635/552 654/951/840 653/687/604
f 555/635/552 588/634/551 652/952/841 654/951/840
f 822/627/544 735/626/543 734/652/569 810/651/568
f 772/953/842 722/929/818 519/930/819 667/954/629
f 516/691/608 514/690/607 716/712/628 719/723/637
f 515/623/540 657/608/525 808/607/524 804/955/843
f 697/809/114 700/889/784 679/873/772 674/872/114
f 699/900/794 676/852/755 675/853/756 701/956/844
f 520/894/788 643/879/778 677/880/779 668/957/845
f 599/764/677 605/874/773 678/912/802 673/761/674
f 787/810/114 697/809/114 674/872/114 774/893/114
f 562/644/561 561/716/631 672/958/846 671/959/847
f 702/960/848 694/961/849 670/684/601 669/741/654
f 873/962/850 531/738/651 532/739/652 829/963/851
f 694/961/849 701/964/852 675/685/602 670/684/601
f 520/715/630 668/965/853 672/958/846 561/716/631
f 795/966/854 539/743/656 540/670/587 817/669/586
f 783/967/855 772/953/842 667/954/629 693/968/856
f 696/791/700 786/908/798 775/762/675 673/761/674
f 545/732/645 566/707/623 682/949/838 686/950/839
f 649/706/622 688/948/837 682/949/838 566/707/623
f 649/969/857 885/970/857 912/971/858 684/939/828 688/938/827
f 660/877/776 689/860/763 685/911/859 652/940/829
f 927/972/761 928/858/761 689/860/763
f 692/618/535 666/603/520 771/606/523 784/619/536
f 663/891/786 768/973/860 780/825/729 683/824/728
f 653/687/604 654/951/840 689/724/638 680/688/605
f 654/951/840 652/952/841 685/725/861 689/724/638
f 513/974/862 693/968/856 802/975/863 853/976/864
f 769/786/695 664/785/694 691/819/723 781/882/781
f 656/710/626 681/977/865 778/978/866 766/711/627
f 864/979/867 702/960/848 669/741/654 868/980/868
f 547/740/653 529/611/528 826/981/869 877/982/870
f 713/983/871 783/967/855 693/968/856 513/974/862
f 534/751/664 591/756/669 701/964/852 694/961/849
f 535/752/665 534/751/664 694/961/849 702/960/848
f 590/808/114 742/807/114 760/984/872 633/870/770
f 743/907/797 589/794/703 629/774/687 759/773/686
f 620/899/793 699/900/794 701/956/844 591/920/810
f 590/808/114 616/869/769 700/889/784 697/809/114
f 668/957/845 677/880/779 704/846/749 698/845/748
f 673/761/674 678/912/802 705/792/701 696/791/700
f 671/959/847 672/958/846 703/680/597 695/749/662
f 668/965/853 698/677/594 703/680/597 672/958/846
f 832/985/873 667/954/629 519/930/819 813/986/874
f 784/619/536 785/987/175 714/988/875 712/620/537
f 785/987/175 783/967/855 713/983/871 714/988/875
f 719/723/637 720/989/876 711/990/175 709/616/533
f 720/989/876 718/713/175 710/721/175 711/990/175
f 716/712/628 717/991/877 720/989/876 719/723/637
f 717/991/877 715/621/538 718/713/175 720/989/876
f 709/616/533 711/990/175 723/992/175 721/605/522
f 711/990/175 710/721/175 722/929/818 723/992/175
f 731/753/666 732/993/878 735/626/543 733/625/542
f 732/993/878 730/694/611 734/652/569 735/626/543
f 725/613/530 726/994/879 729/995/880 727/614/531
f 726/994/879 724/636/553 728/728/641 729/995/880
f 736/937/826 738/996/881 726/994/879 725/613/530
f 738/996/881 737/637/554 724/636/553 726/994/879
f 730/694/611 732/993/878 708/997/882 706/695/612
f 732/993/878 731/753/666 707/931/820 708/997/882
f 766/711/627 767/998/883 717/991/877 716/712/628
f 767/998/883 765/622/539 715/621/538 717/991/877
f 512/617/534 712/620/537 793/999/884 847/1000/885
f 861/1001/886 536/742/655 539/743/656 795/966/854
f 787/810/114 788/1002/114 744/1003/114 742/807/114
f 788/1002/114 786/908/798 743/907/797 744/1003/114
f 916/945/834 746/782/691 747/1004/887 749/946/835
f 749/946/835 748/1005/888 940/1006/889 741/947/836
f 608/918/808 911/1007/890 910/1008/891
f 747/1004/887 745/1009/892 748/1005/888 749/946/835
f 918/906/114 946/864/114 933/1010/114 963/903/114
f 754/744/657 755/1011/893 761/1012/894 759/773/686
f 755/1011/893 753/866/766 760/984/872 761/1012/894
f 633/870/770 760/984/872 753/866/766 614/865/765
f 737/747/660 738/1013/895 755/1011/893 754/744/657
f 738/1013/895 736/867/767 753/866/766 755/1011/893
f 762/772/685 764/771/684 708/1014/896 707/780/689
f 764/771/684 763/803/712 706/806/715 708/1014/896
f 769/786/695 770/1015/897 747/1004/887 746/782/691
f 770/1015/897 768/973/860 745/1009/892 747/1004/887
f 759/773/686 761/1012/894 744/1003/114 743/907/797
f 761/1012/894 760/984/872 742/807/114 744/1003/114
f 778/978/866 779/1016/898 767/998/883 766/711/627
f 779/1016/898 777/916/806 765/622/539 767/998/883
f 781/882/781 782/1017/899 770/1015/897 769/786/695
f 782/1017/899 780/825/729 768/973/860 770/1015/897
f 721/605/522 723/992/175 773/1018/175 771/606/523
f 723/992/175 722/929/818 772/953/842 773/1018/175
f 750/863/114 943/862/114 776/1019/114 774/893/114
f 752/1020/114 751/1021/114 775/762/675 776/1019/114
f 562/644/561 671/959/847 831/1022/900 814/645/562
f 531/738/651 873/962/850 846/730/643 527/729/642
f 756/861/764 758/770/683 782/1017/899 781/882/781
f 758/770/683 757/769/682 780/825/729 782/1017/899
f 771/606/523 773/1018/175 785/987/175 784/619/536
f 773/1018/175 772/953/842 783/967/855 785/987/175
f 774/893/114 776/1019/114 788/1002/114 787/810/114
f 776/1019/114 775/762/675 786/908/798 788/1002/114
f 826/981/869 529/611/528 727/614/531 843/1023/901
f 517/714/629 515/623/540 804/955/843 819/1024/902
f 510/615/532 521/604/521 862/1025/903 796/1026/904
f 516/691/608 510/615/532 796/1026/904 816/692/609
f 807/1027/905 655/754/667 523/697/614 805/696/613
f 511/722/636 517/714/629 819/1024/902 790/1028/906
f 702/960/848 864/979/867 829/1029/851 535/752/665
f 801/1030/907 695/749/662 552/737/650 852/1031/649
f 545/732/645 686/950/839 837/733/646
f 793/999/884 712/620/537 714/988/875 855/1032/908
f 859/1033/909 681/977/865 849/1034/910 879/1035/911
f 557/702/618 526/641/558 858/640/557 880/703/619
f 727/614/531 729/995/880 856/1036/912 843/1023/901
f 777/916/806 779/1016/898 823/1037/913 811/1038/914
f 656/710/626 514/690/607 798/693/610 871/1039/915
f 802/975/863 693/968/856 667/954/629 832/985/873
f 828/1040/916 512/617/534 847/1000/885 874/1041/917
f 671/959/847 695/749/662 801/1030/907 831/1022/900
f 681/977/865 656/710/626 871/1039/915 849/1034/910
f 687/609/526 777/916/806 811/1038/914 840/1042/918
f 655/754/667 807/1027/905 837/1043/646 686/950/839
f 729/995/880 728/728/641 792/727/640 856/1036/912
f 779/1016/898 778/978/866 834/1044/919 823/1037/913
f 855/1032/908 714/988/875 713/983/871 844/1045/920
f 521/604/521 666/603/520 867/705/621 862/1025/903
f 519/930/819 511/722/636 790/1028/906 813/986/874
f 713/983/871 513/974/862 825/1046/921 844/1045/920
f 513/974/862 853/976/864 876/1047/922 825/1046/921
f 778/978/866 681/977/865 859/1033/909 834/1044/919
f 865/704/620 692/618/535 512/617/534 828/1040/916
f 852/736/649 549/735/648 547/740/653 877/982/870
f 532/739/652 535/752/665 829/963/851
f 841/654/571 542/653/570 544/731/644 883/734/647
f 687/609/526 840/1042/918 882/1048/923 838/610/527
f 868/980/868 669/741/654 536/742/655 861/1001/886
f 556/701/617 850/700/606 680/688/605
f 808/607/524 809/1049/924 806/1050/925 804/955/843
f 809/1049/924 807/1027/905 805/696/613 806/1050/925
f 796/1026/904 797/1051/926 818/1052/927 816/692/609
f 797/1051/926 795/966/854 817/669/586 818/1052/927
f 862/1025/903 863/1053/928 797/1051/926 796/1026/904
f 863/1053/928 861/1001/886 795/966/854 797/1051/926
f 865/704/620 866/1054/929 869/1055/930 867/705/621
f 866/1054/929 864/979/867 868/980/868 869/1055/930
f 804/955/843 806/1050/925 821/1056/931 819/1024/902
f 806/1050/925 805/696/613 820/699/616 821/1056/931
f 790/1028/906 791/1057/932 815/1058/933 813/986/874
f 791/1057/932 789/642/559 814/645/562 815/1058/933
f 874/1041/917 875/1059/934 830/1060/935 828/1040/916
f 875/1059/934 873/962/850 829/963/851 830/1060/935
f 847/1000/885 848/1061/936 875/1059/934 874/1041/917
f 848/1061/936 846/730/643 873/962/850 875/1059/934
f 816/692/609 818/1052/927 800/1062/937 798/693/610
f 818/1052/927 817/669/586 799/672/589 800/1062/937
f 859/1033/909 860/1063/938 836/1064/939 834/1044/919
f 860/1063/938 858/640/557 835/624/541 836/1064/939
f 793/999/884 794/1065/940 848/1061/936 847/1000/885
f 794/1065/940 792/727/640 846/730/643 848/1061/936
f 871/1039/915 872/1066/941 851/1067/942 849/1034/910
f 872/1066/941 870/686/603 850/689/606 851/1067/942
f 853/976/864 854/1068/943 878/1069/944 876/1047/922
f 854/1068/943 852/736/649 877/982/870 878/1069/944
f 876/1047/922 878/1069/944 827/1070/945 825/1046/921
f 878/1069/944 877/982/870 826/981/869 827/1070/945
f 844/1045/920 845/1071/946 857/1072/947 855/1032/908
f 845/1071/946 843/1023/901 856/1036/912 857/1072/947
f 811/1038/914 812/1073/948 842/1074/949 840/1042/918
f 812/1073/948 810/651/568 841/654/571 842/1074/949
f 798/693/610 800/1062/937 872/1066/941 871/1039/915
f 800/1062/937 799/672/589 870/686/603 872/1066/941
f 802/975/863 803/1075/950 854/1068/943 853/976/864
f 803/1075/950 801/1030/907 852/1031/649 854/1068/943
f 828/1040/916 830/1060/935 866/1054/929 865/704/620
f 830/1060/935 829/1029/851 864/979/867 866/1054/929
f 832/985/873 833/1076/951 803/1075/950 802/975/863
f 833/1076/951 831/1022/900 801/1030/907 803/1075/950
f 849/1034/910 851/1067/942 881/1077/952 879/1035/911
f 851/1067/942 850/700/606 880/703/619 881/1077/952
f 879/1035/911 881/1077/952 860/1063/938 859/1033/909
f 881/1077/952 880/703/619 858/640/557 860/1063/938
f 823/1037/913 824/1078/953 812/1073/948 811/1038/914
f 824/1078/953 822/627/544 810/651/568 812/1073/948
f 838/610/527 839/1079/954 809/1049/924 808/607/524
f 839/1079/954 807/1027/905 809/1049/924
f 855/1032/908 857/1072/947 794/1065/940 793/999/884
f 857/1072/947 856/1036/912 792/727/640 794/1065/940
f 813/986/874 815/1058/933 833/1076/951 832/985/873
f 815/1058/933 814/645/562 831/1022/900 833/1076/951
f 840/1042/918 842/1074/949 884/1080/955 882/1048/923
f 842/1074/949 841/654/571 883/734/647 884/1080/955
f 882/1048/923 884/1080/955 839/1079/954 838/610/527
f 884/1080/955 883/734/647 837/733/646 839/1079/954
f 867/705/621 869/1055/930 863/1053/928 862/1025/903
f 869/1055/930 868/980/868 861/1001/886 863/1053/928
f 819/1024/902 821/1056/931 791/1057/932 790/1028/906
f 821/1056/931 820/699/616 789/642/559 791/1057/932
f 825/1046/921 827/1070/945 845/1071/946 844/1045/920
f 827/1070/945 826/981/869 843/1023/901 845/1071/946
f 834/1044/919 836/1064/939 824/1078/953 823/1037/913
f 836/1064/939 835/624/541 822/627/544 824/1078/953
f 820/699/616 560/698/615 550/643/560 789/642/559
f 603/857/760 618/919/809 617/917/807
f 664/785/694 894/1081/956 888/820/724 691/819/723
f 913/881/780 648/856/759 887/855/758
f 892/1082/957 741/947/836 940/1006/889 900/1083/958
f 885/970/857 649/969/857 578/1084/959
f 886/1085/960 684/939/828 890/1086/961
f 684/939/828 891/1087/962 890/1086/961
f 893/944/833 741/947/836 892/1082/957
f 894/1081/956 664/785/694 896/784/693
f 953/1088/114 945/1089/114 752/1020/114 917/905/114
f 745/1009/892 768/973/860 663/891/786 897/890/785
f 917/905/114 752/1020/114 918/906/114
f 921/1090/963 748/1005/888 745/1009/892 897/890/785
f 959/1091/114 690/941/830 950/943/832 898/1092/114
f 923/1093/964 740/1094/965 748/1005/888 921/1090/963
f 899/1095/966 740/1094/965 923/1093/964
f 903/1096/967 500/1097/968 906/1098/968
f 906/1098/968 500/1097/968 575/910/800 907/922/812
f 926/1099/969 608/918/808 910/1008/891
f 930/892/787 663/891/786 683/824/728 904/1100/970
f 931/1101/971 645/923/813 639/813/717 925/815/719
f 908/1102/972 645/923/813 931/1101/971
f 904/1100/970 683/824/728 628/826/730 608/918/808 926/1099/969
f 608/918/808 637/913/803 908/1102/972 911/1007/890
f 951/1103/973 944/763/676 962/1104/974 956/885/114
f 748/1005/888 941/1105/975 940/1006/889
f 940/1006/889 941/1105/975 901/1106/976 900/1083/958
f 941/1105/975 748/1005/888 942/1107/977
f 941/1105/975 942/1107/977 902/1108/978 901/1106/976
f 748/1005/888 740/1094/965 942/1107/977
f 942/1107/977 740/1094/965 899/1095/966 902/1108/978
f 746/782/691 916/945/834 919/783/692
f 611/822/726 889/821/725 914/1109/979
f 611/822/726 914/1109/979 915/1110/980
f 626/854/757 627/829/733 625/915/805
f 887/855/758 626/854/757 611/822/726 915/1110/980
f 638/914/804 637/913/803 608/918/808
f 637/913/803 645/923/813 908/1102/972
f 593/812/114 895/1111/114 952/1112/114 949/778/114
f 750/863/114 598/839/114 587/776/114 739/775/114
f 943/862/114 752/1020/114 776/1019/114
f 922/1113/981 661/876/775 690/941/830 959/1091/114
f 775/762/675 962/1104/974 944/763/676
f 599/764/677 944/763/676 951/1103/973 947/1114/982 581/768/681
f 934/904/114 935/1115/114 936/1116/114 953/1088/114 917/905/114
f 751/1021/114 752/1020/114 945/1089/114
f 954/886/114 751/1021/114 955/1117/114
f 938/1118/114 939/883/114 954/886/114 955/1117/114
f 918/906/114 752/1020/114 943/862/114 946/864/114
f 955/1117/114 751/1021/114 945/1089/114 953/1088/114
f 936/1116/114 937/1119/114 938/1118/114 955/1117/114 953/1088/114
f 596/777/114 593/812/114 949/778/114
f 905/1120/983 927/972/761 689/860/763
f 886/1085/960 662/789/698 665/788/697 684/939/828
f 891/1087/962 684/939/828 912/971/858
f 630/897/791 631/835/739 632/878/777
f 618/919/809 619/895/789 617/917/807
f 948/942/831 595/765/678 581/768/681 947/1114/982
f 895/1111/114 593/812/114 662/789/698 920/1121/114
f 948/942/831 958/1122/114 898/1092/114 950/943/832
f 662/789/698 886/1085/960 920/1121/114
f 739/775/114 960/1123/114 933/1010/114 946/864/114
f 958/1122/114 948/942/831 947/1114/982 957/1124/114
f 962/1104/974 751/1021/114 954/886/114 956/885/114
f 690/941/830 602/875/774 607/766/679 595/765/678 950/943/832
f 689/860/763 661/876/775 922/1113/981 905/1120/983
f 947/1114/982 951/1103/973 932/1125/114 957/1124/114
f 960/1123/114 739/775/114 949/778/114 952/1112/114
f 661/876/775 689/860/763 660/877/776
f 961/884/114 932/1125/114 951/1103/973 956/885/114
f 962/1104/974 775/762/675 751/1021/114
f 502/1126/984 501/925/815 576/928/817
f 508/1127/822 507/1128/985 577/1129/823
f 424/1130/986 425/1131/987 889/1132/988 888/1133/986
f 421/1134/989 447/1135/990 912/1136/991 885/1137/992
f 426/1138/993 422/1139/994 886/1140/994 890/1141/995
f 423/1142/996 448/1143/997 913/1144/998 887/1145/999
f 448/1143/997 101/1146/1000 578/1147/1000 913/1144/998
f 425/1131/987 449/1148/1001 914/1149/1002 889/1132/988
f 449/1148/1001 450/1150/1003 915/1151/1004 914/1149/1002
f 450/1150/1003 423/1142/996 887/1145/999 915/1151/1004
f 451/1152/1005 454/1153/1006 919/1154/1006 916/1155/1007
f 455/1156/1008 431/1157/1009 895/1158/1009 920/1159/1008
f 454/1153/1006 432/1160/1010 896/1161/1010 919/1154/1006
f 422/1139/994 455/1156/1008 920/1159/1008 886/1140/994
f 430/1162/1011 424/1130/986 888/1133/986 894/1163/1011
f 492/1164/1012 493/1165/1013 958/1166/1013 957/1167/1014
f 966/1168/1015 459/1169/1016 924/1170/1017 903/1171/1015
f 459/1169/1016 460/1172/1018 925/1173/1019 924/1170/1017
f 440/1174/1020 462/1175/1021 927/1176/1022 905/1177/1023
f 462/1175/1021 463/1178/1024 928/1179/1025 927/1176/1022
f 463/1178/1024 464/1180/1026 929/1181/1027 928/1179/1025
f 444/1182/1028 442/1183/1029 907/1184/1029 909/1185/1028
f 464/1180/1026 444/1182/1028 909/1185/1028 929/1181/1027
f 457/1186/1030 440/1174/1020 905/1177/1023 922/1187/1030
f 494/1188/1031 457/1186/1030 922/1187/1030 959/1189/1032
f 447/1135/990 427/1190/1033 891/1191/1034 912/1136/991
f 101/1192/1035 421/1134/989 885/1137/992 578/1193/1035
f 427/1190/1033 426/1138/993 890/1141/995 891/1191/1034
f 429/1194/1036 451/1152/1005 916/1155/1007 893/1195/1036
f 428/1196/1037 429/1194/1036 893/1195/1036 892/1197/1037
f 432/1160/1010 430/1162/1011 894/1163/1011 896/1161/1010
f 436/1198/1038 428/1196/1037 892/1197/1037 900/1199/1038
f 437/1200/1039 436/1198/1038 900/1199/1038 901/1201/1039
f 438/1202/1040 437/1203/1041 901/1204/1041 902/1205/1042
f 435/1206/1043 438/1207/1040 902/1208/1042 899/1209/1044
f 458/1210/1045 435/1206/1043 899/1209/1044 923/1211/1046
f 456/1212/1047 458/1210/1045 923/1211/1046 921/1213/1048
f 433/1214/1049 456/1212/1047 921/1213/1048 897/1215/1049
f 434/1216/1050 494/1188/1031 959/1189/1032 898/1217/1050
f 465/1218/1051 433/1214/1049 897/1215/1049 930/1219/1052
f 442/1183/1029 441/1220/1053 906/1221/1053 907/1184/1029
f 441/1220/1054 966/1222/1054 903/1223/1054 906/1221/1054
f 460/1172/1018 466/1224/1055 931/1225/1056 925/1173/1019
f 461/1226/1057 439/1227/1058 904/1228/1058 926/1229/1059
f 445/1230/1060 461/1226/1057 926/1229/1059 910/1231/1061
f 446/1232/1062 445/1230/1060 910/1231/1061 911/1233/1063
f 443/1234/1064 446/1232/1062 911/1233/1063 908/1235/1065
f 466/1224/1055 443/1234/1064 908/1235/1065 931/1225/1056
f 439/1227/1058 465/1218/1051 930/1219/1052 904/1228/1058
f 495/1236/1066 468/1237/1067 933/1238/1067 960/1239/1066
f 498/1240/1068 469/1241/1069 934/1242/1069 963/1243/1068
f 469/1241/1069 470/1244/1070 935/1245/1070 934/1242/1069
f 470/1244/1070 471/1246/1071 936/1247/1071 935/1245/1070
f 471/1246/1071 472/1248/1072 937/1249/1072 936/1247/1071
f 472/1248/1072 473/1250/1073 938/1251/1073 937/1249/1072
f 473/1250/1073 474/1252/1074 939/1253/1074 938/1251/1073
f 496/1254/1075 467/1255/1075 932/1256/1075 961/1257/1075
f 493/1165/1013 434/1216/1050 898/1217/1050 958/1166/1013
f 431/1157/1009 487/1258/1076 952/1259/1076 895/1158/1009
f 467/1255/1077 492/1164/1012 957/1167/1014 932/1256/1077
f 487/1258/1076 495/1236/1066 960/1239/1066 952/1259/1076
f 474/1252/1074 496/1254/1075 961/1257/1075 939/1253/1074
f 468/1237/1068 498/1240/1068 963/1243/1068 933/1238/1068
f 137/272/257 964/301/277 138/267/252 157/273/258
f 964/301/277 109/324/296 96/268/253 138/267/252
f 965/47/47 78/44/44 10/49/49
f 965/353/320 966/352/319 98/349/316 9/348/315
f 216/410/365 373/551/133 343/498/437
f 375/550/485 345/521/457 343/498/437
f 839/1079/954 837/1043/646 807/1027/905
s 0
f 967/1260/1078 968/1261/1078 970/1262/1078 969/1263/1078
f 971/1264/1079 972/1265/1079 974/1266/1079 973/1267/1079
s 1
f 438/1202/1080 901/1204/1080 437/1203/1080
f 975/469/415 976/406/361 285/470/416 283/475/421 282/185/179
f 975/469/415 977/188/182 454/1268/1081 451/407/362
f 976/406/361 277/405/360 285/470/416
f 977/188/182 980/187/181 454/1268/1081
f 189/294/272 979/563/495 433/292/270
f 276/569/499 978/565/497 284/472/418
f 978/565/497 979/563/495 281/476/422 284/472/418
f 189/294/272 439/575/504 211/226/215
f 980/187/181 305/186/180 190/441/393
f 454/1268/1081 980/187/181 190/441/393 432/560/494
