# Blender 5.1.1
# www.blender.org
mtllib puertaizqui.mtl
o Metal_Door
v -0.358840 0.687962 0.069766
v -0.355070 0.687962 0.070431
v -0.355070 0.833637 0.070431
v -0.358840 0.833637 0.069766
v -0.351755 0.687962 0.072345
v -0.351755 0.833637 0.072345
v -0.349294 0.687962 0.075277
v -0.349294 0.833637 0.075277
v -0.347985 0.687962 0.078875
v -0.347985 0.833637 0.078875
v -0.347985 0.687962 0.082703
v -0.347985 0.833637 0.082703
v -0.349294 0.687962 0.086301
v -0.349294 0.833637 0.086301
v -0.351755 0.687962 0.089233
v -0.351755 0.833637 0.089233
v -0.355070 0.687962 0.091147
v -0.355070 0.833637 0.091147
v -0.358840 0.687962 0.091812
v -0.358840 0.833637 0.091812
v -0.362611 0.687962 0.091147
v -0.362611 0.833637 0.091147
v -0.365926 0.687962 0.089233
v -0.365926 0.833637 0.089233
v -0.368387 0.687962 0.086301
v -0.368387 0.833637 0.086301
v -0.369696 0.687962 0.082703
v -0.369696 0.833637 0.082703
v -0.369696 0.687962 0.078875
v -0.369696 0.833637 0.078875
v -0.368387 0.687962 0.075277
v -0.368387 0.833637 0.075277
v -0.365926 0.687962 0.072345
v -0.365926 0.833637 0.072345
v -0.362611 0.687962 0.070431
v -0.362611 0.833637 0.070431
v -0.358840 0.687962 0.080789
v -0.358840 0.833637 0.080789
v -0.358840 1.210571 0.069766
v -0.355070 1.210571 0.070431
v -0.355070 1.356246 0.070431
v -0.358840 1.356246 0.069766
v -0.351755 1.210571 0.072345
v -0.351755 1.356246 0.072345
v -0.349294 1.210571 0.075277
v -0.349294 1.356246 0.075277
v -0.347985 1.210571 0.078875
v -0.347985 1.356246 0.078875
v -0.347985 1.210571 0.082703
v -0.347985 1.356246 0.082703
v -0.349294 1.210571 0.086301
v -0.349294 1.356246 0.086301
v -0.351755 1.210571 0.089233
v -0.351755 1.356246 0.089233
v -0.355070 1.210571 0.091147
v -0.355070 1.356246 0.091147
v -0.358840 1.210571 0.091812
v -0.358840 1.356246 0.091812
v -0.362611 1.210571 0.091147
v -0.362611 1.356246 0.091147
v -0.365926 1.210571 0.089233
v -0.365926 1.356246 0.089233
v -0.368387 1.210571 0.086301
v -0.368387 1.356246 0.086301
v -0.369696 1.210571 0.082703
v -0.369696 1.356246 0.082703
v -0.369696 1.210571 0.078875
v -0.369696 1.356246 0.078875
v -0.368387 1.210571 0.075277
v -0.368387 1.356246 0.075277
v -0.365926 1.210571 0.072345
v -0.365926 1.356246 0.072345
v -0.362611 1.210571 0.070431
v -0.362611 1.356246 0.070431
v -0.358840 1.210571 0.080789
v -0.358840 1.356246 0.080789
v -0.358840 0.165353 0.069766
v -0.355070 0.165353 0.070431
v -0.355070 0.311029 0.070431
v -0.358840 0.311029 0.069766
v -0.351755 0.165353 0.072345
v -0.351755 0.311029 0.072345
v -0.349294 0.165353 0.075277
v -0.349294 0.311029 0.075277
v -0.347985 0.165353 0.078875
v -0.347985 0.311029 0.078875
v -0.347985 0.165353 0.082703
v -0.347985 0.311029 0.082703
v -0.349294 0.165353 0.086301
v -0.349294 0.311029 0.086301
v -0.351755 0.165353 0.089233
v -0.351755 0.311029 0.089233
v -0.355070 0.165353 0.091147
v -0.355070 0.311029 0.091147
v -0.358840 0.165353 0.091812
v -0.358840 0.311029 0.091812
v -0.362611 0.165353 0.091147
v -0.362611 0.311029 0.091147
v -0.365926 0.165353 0.089233
v -0.365926 0.311029 0.089233
v -0.368387 0.165353 0.086301
v -0.368387 0.311029 0.086301
v -0.369696 0.165353 0.082703
v -0.369696 0.311029 0.082703
v -0.369696 0.165353 0.078875
v -0.369696 0.311029 0.078875
v -0.368387 0.165353 0.075277
v -0.368387 0.311029 0.075277
v -0.365926 0.165353 0.072345
v -0.365926 0.311029 0.072345
v -0.362611 0.165353 0.070431
v -0.362611 0.311029 0.070431
v -0.358840 0.165353 0.080789
v -0.358840 0.311029 0.080789
v 0.252140 0.656153 0.080789
v 0.254472 0.669381 0.080789
v 0.254472 0.669381 0.084492
v 0.252140 0.656153 0.084492
v 0.261189 0.681015 0.080789
v 0.261189 0.681015 0.084492
v 0.271479 0.689649 0.080789
v 0.271479 0.689649 0.084492
v 0.284102 0.694243 0.080789
v 0.284102 0.694243 0.084492
v 0.297535 0.694243 0.080789
v 0.297535 0.694243 0.084492
v 0.310157 0.689649 0.080789
v 0.310157 0.689649 0.084492
v 0.320448 0.681015 0.080789
v 0.320448 0.681015 0.084492
v 0.327164 0.669381 0.080789
v 0.327164 0.669381 0.084492
v 0.329497 0.656153 0.080789
v 0.329497 0.656153 0.084492
v 0.327164 0.642924 0.080789
v 0.327164 0.642924 0.084492
v 0.320448 0.631290 0.080789
v 0.320448 0.631290 0.084492
v 0.310157 0.622656 0.080789
v 0.310157 0.622656 0.084492
v 0.297535 0.618062 0.080789
v 0.297535 0.618062 0.084492
v 0.284102 0.618062 0.080789
v 0.284102 0.618062 0.084492
v 0.271479 0.622656 0.080789
v 0.271479 0.622656 0.084492
v 0.261189 0.631290 0.080789
v 0.261189 0.631290 0.084492
v 0.254472 0.642924 0.080789
v 0.254472 0.642924 0.084492
v 0.259231 0.667649 0.087713
v 0.257204 0.656153 0.087713
v 0.265068 0.677759 0.087713
v 0.274011 0.685263 0.087713
v 0.284981 0.689256 0.087713
v 0.296655 0.689256 0.087713
v 0.307625 0.685263 0.087713
v 0.316568 0.677759 0.087713
v 0.322405 0.667649 0.087713
v 0.324432 0.656153 0.087713
v 0.322405 0.644656 0.087713
v 0.316568 0.634546 0.087713
v 0.307625 0.627042 0.087713
v 0.296655 0.623049 0.087713
v 0.284981 0.623049 0.087713
v 0.274011 0.627042 0.087713
v 0.265068 0.634546 0.087713
v 0.259231 0.644656 0.087713
v 0.271735 0.663098 0.089521
v 0.270510 0.656153 0.089521
v 0.275261 0.669206 0.089521
v 0.280664 0.673740 0.089521
v 0.287292 0.676152 0.089521
v 0.294345 0.676152 0.089521
v 0.300972 0.673740 0.089521
v 0.306375 0.669206 0.089521
v 0.309901 0.663098 0.089521
v 0.311126 0.656153 0.089521
v 0.309901 0.649207 0.089521
v 0.306375 0.643099 0.089521
v 0.300972 0.638565 0.089521
v 0.294345 0.636153 0.089521
v 0.287292 0.636153 0.089521
v 0.280664 0.638565 0.089521
v 0.275261 0.643099 0.089521
v 0.271735 0.649207 0.089521
v 0.271735 0.663098 0.092449
v 0.270510 0.656153 0.092449
v 0.275261 0.669206 0.092449
v 0.280664 0.673740 0.092449
v 0.287292 0.676152 0.092449
v 0.294345 0.676152 0.092449
v 0.300972 0.673740 0.092449
v 0.306375 0.669206 0.092449
v 0.309901 0.663098 0.092449
v 0.311126 0.656153 0.092449
v 0.309901 0.649207 0.092449
v 0.306375 0.643099 0.092449
v 0.300972 0.638565 0.092449
v 0.294345 0.636153 0.092449
v 0.287292 0.636153 0.092449
v 0.280664 0.638565 0.092449
v 0.275261 0.643099 0.092449
v 0.271735 0.649207 0.092449
v 0.273867 0.662322 0.092449
v 0.272779 0.656153 0.092449
v 0.276999 0.667748 0.092449
v 0.281799 0.671775 0.092449
v 0.287686 0.673917 0.092449
v 0.293951 0.673917 0.092449
v 0.299838 0.671775 0.092449
v 0.304637 0.667748 0.092449
v 0.307769 0.662322 0.092449
v 0.308857 0.656153 0.092449
v 0.307769 0.649983 0.092449
v 0.304637 0.644557 0.092449
v 0.299838 0.640530 0.092449
v 0.293951 0.638388 0.092449
v 0.287686 0.638388 0.092449
v 0.281799 0.640530 0.092449
v 0.276999 0.644557 0.092449
v 0.273867 0.649983 0.092449
v 0.274579 0.662063 0.091152
v 0.273537 0.656153 0.091152
v 0.277580 0.667260 0.091152
v 0.282178 0.671118 0.091152
v 0.287817 0.673171 0.091152
v 0.293819 0.673171 0.091152
v 0.299459 0.671118 0.091152
v 0.304056 0.667260 0.091152
v 0.307057 0.662063 0.091152
v 0.308099 0.656153 0.091152
v 0.307057 0.650242 0.091152
v 0.304056 0.645045 0.091152
v 0.299459 0.641187 0.091152
v 0.293819 0.639134 0.091152
v 0.287817 0.639134 0.091152
v 0.282178 0.641187 0.091152
v 0.277580 0.645045 0.091152
v 0.274579 0.650242 0.091152
v 0.309586 0.649322 0.096400
v 0.310790 0.656153 0.096400
v 0.306118 0.643315 0.096400
v 0.300804 0.638856 0.096400
v 0.294286 0.636484 0.096400
v 0.287817 0.639134 0.091152
v 0.287350 0.636484 0.096400
v 0.280832 0.638856 0.096400
v 0.277580 0.645045 0.091152
v 0.275519 0.643315 0.096400
v 0.272050 0.649322 0.096400
v 0.270846 0.656153 0.096400
v 0.272050 0.662983 0.096400
v 0.275519 0.668990 0.096400
v 0.280832 0.673449 0.096400
v 0.287817 0.673171 0.091152
v 0.287350 0.675821 0.096400
v 0.293819 0.673171 0.091152
v 0.294286 0.675821 0.096400
v 0.300804 0.673449 0.096400
v 0.304056 0.667260 0.091152
v 0.306118 0.668990 0.096400
v 0.307057 0.662063 0.091152
v 0.309586 0.662983 0.096400
v 0.309292 0.649429 0.100289
v 0.310477 0.656153 0.100289
v 0.305878 0.643516 0.100289
v 0.300648 0.639127 0.100289
v 0.294232 0.636792 0.100289
v 0.287404 0.636792 0.100289
v 0.280988 0.639127 0.100289
v 0.275758 0.643516 0.100289
v 0.272344 0.649428 0.100289
v 0.271159 0.656153 0.100289
v 0.272344 0.662876 0.100289
v 0.275758 0.668789 0.100289
v 0.280988 0.673178 0.100289
v 0.287404 0.675513 0.100289
v 0.294232 0.675513 0.100289
v 0.300648 0.673178 0.100289
v 0.305878 0.668789 0.100289
v 0.309292 0.662876 0.100289
v 0.306735 0.650359 0.105504
v 0.307756 0.656153 0.105504
v 0.303793 0.645265 0.105504
v 0.299287 0.641484 0.105504
v 0.293759 0.639472 0.105504
v 0.287877 0.639472 0.105504
v 0.282349 0.641484 0.105504
v 0.277843 0.645265 0.105504
v 0.274901 0.650359 0.105504
v 0.273880 0.656153 0.105504
v 0.274901 0.661946 0.105504
v 0.277843 0.667040 0.105504
v 0.282349 0.670821 0.105504
v 0.287877 0.672833 0.105504
v 0.293759 0.672833 0.105504
v 0.299287 0.670821 0.105504
v 0.303793 0.667040 0.105504
v 0.306735 0.661946 0.105504
v 0.306735 0.650359 0.109393
v 0.307756 0.656153 0.109393
v 0.303793 0.645265 0.109393
v 0.299287 0.641484 0.109393
v 0.293759 0.639472 0.109393
v 0.287877 0.639472 0.109393
v 0.282349 0.641484 0.109393
v 0.277843 0.645265 0.109393
v 0.190494 0.648673 0.102578
v 0.190494 0.652173 0.102578
v 0.189506 0.652173 0.106339
v 0.189506 0.648673 0.106339
v 0.190494 0.656153 0.102578
v 0.189506 0.656153 0.106339
v 0.190494 0.660132 0.102578
v 0.189506 0.660132 0.106339
v 0.190494 0.663632 0.102578
v 0.189506 0.663632 0.106339
v 0.282349 0.670821 0.109393
v 0.277843 0.667040 0.109393
v 0.287877 0.672833 0.109393
v 0.293759 0.672833 0.109393
v 0.299287 0.670821 0.109393
v 0.303793 0.667040 0.109393
v 0.306735 0.661946 0.109393
v 0.203234 0.651571 0.105504
v 0.203234 0.647541 0.105504
v 0.203234 0.656153 0.105504
v 0.203234 0.660734 0.105504
v 0.203234 0.664763 0.105504
v 0.203234 0.664763 0.109393
v 0.274901 0.661946 0.109393
v 0.203234 0.660734 0.109393
v 0.273880 0.656153 0.109393
v 0.203234 0.656153 0.109393
v 0.274901 0.650359 0.109393
v 0.203234 0.651571 0.109393
v 0.203234 0.647541 0.109393
v 0.290818 0.656153 0.109393
v 0.196439 0.651770 0.104615
v 0.196439 0.647917 0.104615
v 0.196439 0.656153 0.104615
v 0.196439 0.660535 0.104615
v 0.196439 0.664388 0.104615
v 0.195695 0.664388 0.108432
v 0.195695 0.660535 0.108432
v 0.195695 0.656153 0.108432
v 0.195695 0.651770 0.108432
v 0.195695 0.647917 0.108432
v 0.266787 0.754683 0.080789
v 0.268236 0.762903 0.080789
v 0.272940 0.761191 0.090469
v 0.271792 0.754683 0.090469
v 0.272409 0.770130 0.080789
v 0.276243 0.766913 0.090469
v 0.278803 0.775495 0.080789
v 0.281305 0.771160 0.090469
v 0.286645 0.778349 0.080789
v 0.287514 0.773420 0.090469
v 0.294991 0.778349 0.080789
v 0.294122 0.773420 0.090469
v 0.302834 0.775495 0.080789
v 0.300331 0.771160 0.090469
v 0.309227 0.770130 0.080789
v 0.305393 0.766913 0.090469
v 0.313400 0.762903 0.080789
v 0.308697 0.761191 0.090469
v 0.314849 0.754683 0.080789
v 0.309844 0.754683 0.090469
v 0.313400 0.746464 0.080789
v 0.308697 0.748176 0.090469
v 0.309227 0.739237 0.080789
v 0.305393 0.742454 0.090469
v 0.302834 0.733872 0.080789
v 0.300331 0.738207 0.090469
v 0.294991 0.731018 0.080789
v 0.294122 0.735946 0.090469
v 0.286645 0.731018 0.080789
v 0.287514 0.735946 0.090469
v 0.278803 0.733872 0.080789
v 0.281305 0.738206 0.090469
v 0.272409 0.739237 0.080789
v 0.276243 0.742454 0.090469
v 0.268236 0.746464 0.080789
v 0.272940 0.748176 0.090469
v 0.277065 0.759689 0.090469
v 0.276182 0.754683 0.090469
v 0.279606 0.764091 0.090469
v 0.283500 0.767359 0.090469
v 0.288276 0.769097 0.090469
v 0.293360 0.769097 0.090469
v 0.298136 0.767359 0.090469
v 0.302030 0.764091 0.090469
v 0.304572 0.759689 0.090469
v 0.305454 0.754683 0.090469
v 0.304572 0.749678 0.090469
v 0.302030 0.745275 0.090469
v 0.298136 0.742008 0.090469
v 0.293360 0.740270 0.090469
v 0.288276 0.740270 0.090469
v 0.283500 0.742008 0.090469
v 0.279606 0.745275 0.090469
v 0.277065 0.749678 0.090469
v 0.277065 0.759689 0.088230
v 0.276182 0.754683 0.088230
v 0.279606 0.764091 0.088230
v 0.283500 0.767359 0.088230
v 0.288276 0.769097 0.088230
v 0.293360 0.769097 0.088230
v 0.298136 0.767359 0.088230
v 0.302030 0.764091 0.088230
v 0.304572 0.759689 0.088230
v 0.305454 0.754683 0.088230
v 0.304572 0.749678 0.088230
v 0.302030 0.745275 0.088230
v 0.298136 0.742008 0.088230
v 0.293360 0.740270 0.088230
v 0.288276 0.740270 0.088230
v 0.283500 0.742008 0.088230
v 0.279606 0.745275 0.088230
v 0.277065 0.749678 0.088230
v 0.283345 0.757403 0.088230
v 0.282866 0.754683 0.088230
v 0.284726 0.759795 0.088230
v 0.286842 0.761571 0.088230
v 0.289437 0.762515 0.088230
v 0.292199 0.762515 0.088230
v 0.294794 0.761571 0.088230
v 0.296910 0.759795 0.088230
v 0.298291 0.757403 0.088230
v 0.298771 0.754683 0.088230
v 0.298291 0.751964 0.088230
v 0.296910 0.749572 0.088230
v 0.294794 0.747796 0.088230
v 0.292199 0.746852 0.088230
v 0.289437 0.746852 0.088230
v 0.286842 0.747796 0.088230
v 0.284726 0.749572 0.088230
v 0.283345 0.751964 0.088230
v 0.283345 0.757403 0.089441
v 0.282866 0.754683 0.089441
v 0.284726 0.759795 0.089441
v 0.286842 0.761571 0.089441
v 0.289437 0.762515 0.089441
v 0.292199 0.762515 0.089441
v 0.294794 0.761571 0.089441
v 0.296910 0.759795 0.089441
v 0.298291 0.757403 0.089441
v 0.298771 0.754683 0.089441
v 0.298291 0.751964 0.089441
v 0.296910 0.749572 0.089441
v 0.294794 0.747796 0.089441
v 0.292199 0.746852 0.089441
v 0.289437 0.746852 0.089441
v 0.286842 0.747796 0.089441
v 0.284726 0.749572 0.089441
v 0.283345 0.751964 0.089441
v 0.284249 0.757074 0.089441
v 0.283828 0.754683 0.089441
v 0.285463 0.759177 0.089441
v 0.287323 0.760737 0.089441
v 0.289604 0.761567 0.089441
v 0.292032 0.761567 0.089441
v 0.294313 0.760737 0.089441
v 0.296173 0.759177 0.089441
v 0.297387 0.757074 0.089441
v 0.297808 0.754683 0.089441
v 0.297387 0.752293 0.089441
v 0.296173 0.750190 0.089441
v 0.294313 0.748630 0.089441
v 0.292032 0.747799 0.089441
v 0.289604 0.747799 0.089441
v 0.287323 0.748630 0.089441
v 0.285463 0.750190 0.089441
v 0.284249 0.752293 0.089441
v 0.284249 0.757074 0.088895
v 0.283828 0.754683 0.088895
v 0.285463 0.759177 0.088895
v 0.287323 0.760737 0.088895
v 0.289604 0.761567 0.088895
v 0.292032 0.761567 0.088895
v 0.294313 0.760737 0.088895
v 0.296173 0.759177 0.088895
v 0.297387 0.757074 0.088895
v 0.297808 0.754683 0.088895
v 0.297387 0.752293 0.088895
v 0.296173 0.750190 0.088895
v 0.294313 0.748630 0.088895
v 0.292032 0.747799 0.088895
v 0.289604 0.747799 0.088895
v 0.287323 0.748630 0.088895
v 0.285463 0.750190 0.088895
v 0.284249 0.752293 0.088895
v 0.287054 0.756053 0.088898
v 0.286812 0.754683 0.088898
v 0.287749 0.757258 0.088898
v 0.288815 0.758153 0.088898
v 0.290122 0.758628 0.088898
v 0.291514 0.758628 0.088898
v 0.292821 0.758153 0.088898
v 0.293887 0.757258 0.088898
v 0.294582 0.756053 0.088898
v 0.294824 0.754683 0.088898
v 0.294582 0.753313 0.088898
v 0.293887 0.752109 0.088898
v 0.292821 0.751214 0.088898
v 0.291514 0.750739 0.088898
v 0.290122 0.750739 0.088898
v 0.288815 0.751214 0.088898
v 0.287749 0.752109 0.088898
v 0.287054 0.753313 0.088898
v 0.288451 0.755545 0.088470
v 0.288299 0.754683 0.088470
v 0.288888 0.756303 0.088470
v 0.289559 0.756865 0.088470
v 0.290381 0.757164 0.088470
v 0.291256 0.757164 0.088470
v 0.292078 0.756865 0.088470
v 0.292748 0.756303 0.088470
v 0.293185 0.755545 0.088470
v 0.293337 0.754683 0.088470
v 0.293185 0.753822 0.088470
v 0.292748 0.753064 0.088470
v 0.292078 0.752502 0.088470
v 0.291256 0.752203 0.088470
v 0.290381 0.752203 0.088470
v 0.289559 0.752502 0.088470
v 0.288888 0.753064 0.088470
v 0.288451 0.753822 0.088470
v 0.288451 0.755545 0.086508
v 0.288299 0.754683 0.086508
v 0.288888 0.756303 0.086508
v 0.289559 0.756865 0.086508
v 0.290381 0.757164 0.086508
v 0.291256 0.757164 0.086508
v 0.292078 0.756865 0.086508
v 0.292748 0.756303 0.086508
v 0.293185 0.755545 0.086508
v 0.293337 0.754683 0.086508
v 0.293185 0.753822 0.086508
v 0.292748 0.753064 0.086508
v 0.292078 0.752502 0.086508
v 0.291256 0.752203 0.086508
v 0.290381 0.752203 0.086508
v 0.289559 0.752502 0.086508
v 0.288888 0.753064 0.086508
v 0.288451 0.753822 0.086508
v 0.290818 0.754683 0.086508
v 0.449741 0.000000 0.000000
v 0.449741 0.000000 0.113840
v 0.449741 1.534758 0.113840
v 0.449741 1.534758 0.000000
v -0.449741 1.534758 0.113840
v -0.449741 0.000000 0.113840
v -0.449741 0.000000 -0.000000
v -0.449741 1.534758 -0.000000
v 0.387428 1.472445 0.113840
v 0.387428 0.000000 0.113840
v 0.387428 0.000000 0.000000
v 0.387428 1.472445 0.000000
v -0.387428 0.000000 -0.000000
v -0.387428 0.000000 0.113840
v -0.387428 1.472445 0.113840
v -0.387428 1.472445 -0.000000
v 0.358841 1.443639 0.000000
v 0.358841 0.000000 0.000000
v 0.358841 0.000000 0.080789
v 0.387428 0.000000 0.093946
v 0.358841 0.000000 0.093946
v 0.358841 1.443639 0.093946
v 0.387428 1.472445 0.093946
v -0.358841 1.443639 0.093946
v -0.387428 1.472445 0.093946
v -0.358841 0.000000 0.093946
v -0.387428 0.000000 0.093946
v -0.358841 0.000000 0.080789
v -0.358841 0.000000 -0.000000
v -0.358841 1.443639 -0.000000
v 0.358841 1.443639 0.080789
v -0.358841 1.443639 0.080789
v 0.359443 0.008543 0.031884
v 0.359443 0.008546 0.078436
v 0.359443 1.450494 0.078436
v 0.359443 1.450494 0.031884
v -0.358239 0.008545 0.078436
v -0.358239 0.008545 0.031884
v -0.358239 1.443639 0.031884
v -0.358239 1.443639 0.078436
v 0.090680 1.345215 0.078436
v 0.090680 0.831975 0.078436
v 0.246056 0.831975 0.078436
v 0.246055 1.345215 0.078436
v 0.087360 1.340518 0.093607
v 0.087360 0.830143 0.093607
v 0.087360 0.833470 0.078436
v 0.087360 1.343720 0.078436
v 0.090582 0.827423 0.093607
v 0.246153 0.827423 0.093607
v 0.246153 0.830687 0.078436
v 0.090582 0.830687 0.078436
v 0.249375 0.833470 0.078436
v 0.249375 0.830143 0.093607
v 0.249375 1.340518 0.093607
v 0.249375 1.343720 0.078436
v 0.246153 1.343238 0.093607
v 0.090582 1.343238 0.093607
v 0.090582 1.346502 0.078436
v 0.246153 1.346502 0.078436
v 0.100866 1.328771 0.093662
v 0.100866 0.841889 0.093662
v 0.104479 0.838761 0.093663
v 0.232256 0.838761 0.093663
v 0.235869 0.841889 0.093662
v 0.235869 1.328771 0.093662
v 0.232256 1.331900 0.093663
v 0.104479 1.331900 0.093663
v 0.114990 1.313979 0.085182
v 0.114990 0.856682 0.085182
v 0.111155 0.851595 0.090032
v 0.111155 1.319065 0.090032
v 0.118213 0.853961 0.085182
v 0.218523 0.853961 0.085182
v 0.222454 0.848620 0.090231
v 0.114281 0.848620 0.090231
v 0.221745 0.856682 0.085182
v 0.221745 1.313979 0.085182
v 0.225580 1.319065 0.090032
v 0.225580 0.851595 0.090032
v 0.218523 1.316699 0.085182
v 0.118213 1.316699 0.085182
v 0.114281 1.322040 0.090231
v 0.222454 1.322040 0.090231
v 0.107347 1.323303 0.092713
v 0.107347 0.847358 0.092713
v 0.110569 0.844637 0.092713
v 0.226166 0.844637 0.092713
v 0.229388 0.847358 0.092713
v 0.229388 1.323303 0.092713
v 0.226166 1.326023 0.092713
v 0.110569 1.326023 0.092713
v 0.126889 1.303933 0.085182
v 0.126889 0.866728 0.085182
v 0.130112 0.864007 0.085182
v 0.206624 0.864007 0.085182
v 0.209846 0.866728 0.085182
v 0.209846 1.303933 0.085182
v 0.206624 1.306653 0.085182
v 0.130112 1.306653 0.085182
v 0.126889 1.303933 0.078701
v 0.126889 0.866728 0.078701
v 0.130112 0.864007 0.078701
v 0.206624 0.864007 0.078701
v 0.209846 0.866728 0.078701
v 0.209846 1.303933 0.078701
v 0.206624 1.306653 0.078701
v 0.130112 1.306653 0.078701
v 0.088482 0.828370 0.093607
v 0.088482 0.831656 0.078436
v 0.088482 1.345533 0.078436
v 0.088482 1.342291 0.093607
v 0.248253 0.828370 0.093607
v 0.248253 0.831656 0.078436
v 0.248253 1.342291 0.093607
v 0.248253 1.345533 0.078436
v 0.102339 0.840051 0.093646
v 0.102339 1.330610 0.093646
v 0.234396 0.840051 0.093646
v 0.234396 1.330610 0.093646
v 0.116112 0.854909 0.085182
v 0.112244 0.849733 0.090101
v 0.112244 1.320927 0.090101
v 0.116112 1.315752 0.085182
v 0.220623 0.854909 0.085182
v 0.224491 0.849733 0.090101
v 0.220623 1.315752 0.085182
v 0.224491 1.320927 0.090101
v 0.108469 0.845584 0.092713
v 0.108469 1.325076 0.092713
v 0.228266 0.845584 0.092713
v 0.228266 1.325076 0.092713
v 0.128011 0.864955 0.085182
v 0.128011 1.305706 0.085182
v 0.208724 0.864955 0.085182
v 0.208724 1.305706 0.085182
v 0.128011 0.864955 0.078701
v 0.128011 1.305706 0.078701
v 0.208724 0.864955 0.078701
v 0.208724 1.305706 0.078701
vn -0.0000 -0.0000 -1.0000
vn 0.3420 -0.0000 -0.9397
vn 0.6428 -0.0000 -0.7660
vn 0.8660 -0.0000 -0.5000
vn 0.9848 -0.0000 -0.1737
vn 0.9848 -0.0000 0.1737
vn 0.8660 -0.0000 0.5000
vn 0.6428 -0.0000 0.7660
vn 0.3420 -0.0000 0.9397
vn -0.0000 -0.0000 1.0000
vn -0.3420 -0.0000 0.9397
vn -0.6428 -0.0000 0.7660
vn -0.8660 -0.0000 0.5000
vn -0.9848 -0.0000 0.1737
vn -0.9848 -0.0000 0.1736
vn -0.9848 -0.0000 -0.1736
vn -0.9848 -0.0000 -0.1737
vn -0.8660 -0.0000 -0.5000
vn -0.6428 -0.0000 -0.7660
vn -0.3420 -0.0000 -0.9397
vn -0.0000 -1.0000 -0.0000
vn -0.0000 1.0000 -0.0000
vn -1.0000 -0.0000 -0.0000
vn -0.9397 0.3420 -0.0000
vn -0.7660 0.6428 -0.0000
vn -0.5000 0.8660 -0.0000
vn -0.1736 0.9848 -0.0000
vn -0.1737 0.9848 -0.0000
vn 0.1737 0.9848 -0.0000
vn 0.1736 0.9848 -0.0000
vn 0.5000 0.8660 -0.0000
vn 0.7660 0.6428 -0.0000
vn 0.9397 0.3420 -0.0000
vn 1.0000 -0.0000 -0.0000
vn 0.9397 -0.3420 -0.0000
vn 0.7660 -0.6428 -0.0000
vn 0.5000 -0.8660 -0.0000
vn 0.1736 -0.9848 -0.0000
vn 0.1737 -0.9848 -0.0000
vn -0.1737 -0.9848 -0.0000
vn -0.1736 -0.9848 -0.0000
vn -0.5000 -0.8660 -0.0000
vn -0.7660 -0.6428 -0.0000
vn -0.9397 -0.3420 -0.0000
vn -0.5367 -0.0000 0.8437
vn -0.5044 0.1836 0.8438
vn -0.3423 0.1246 0.9313
vn -0.3643 -0.0000 0.9313
vn -0.4112 0.3450 0.8438
vn -0.2790 0.2341 0.9313
vn -0.2684 0.4648 0.8438
vn -0.1821 0.3155 0.9313
vn -0.0932 0.5286 0.8437
vn -0.0633 0.3587 0.9313
vn 0.0932 0.5286 0.8437
vn 0.0633 0.3587 0.9313
vn 0.2684 0.4648 0.8437
vn 0.1821 0.3155 0.9313
vn 0.4112 0.3450 0.8437
vn 0.2790 0.2341 0.9313
vn 0.5044 0.1836 0.8437
vn 0.3423 0.1246 0.9313
vn 0.5367 -0.0000 0.8437
vn 0.3643 -0.0000 0.9313
vn 0.5044 -0.1836 0.8437
vn 0.3423 -0.1246 0.9313
vn 0.4112 -0.3450 0.8437
vn 0.2790 -0.2341 0.9313
vn 0.2684 -0.4648 0.8438
vn 0.1821 -0.3155 0.9313
vn 0.0932 -0.5286 0.8438
vn 0.0633 -0.3587 0.9313
vn -0.0932 -0.5286 0.8438
vn -0.0633 -0.3587 0.9313
vn -0.2684 -0.4648 0.8438
vn -0.1821 -0.3155 0.9313
vn -0.4112 -0.3450 0.8438
vn -0.2790 -0.2341 0.9313
vn -0.5044 -0.1836 0.8437
vn -0.3423 -0.1246 0.9313
vn -0.1265 0.0460 0.9909
vn -0.1346 -0.0000 0.9909
vn -0.1031 0.0865 0.9909
vn -0.0673 0.1166 0.9909
vn -0.0234 0.1325 0.9909
vn 0.0234 0.1325 0.9909
vn 0.0673 0.1166 0.9909
vn 0.1031 0.0865 0.9909
vn 0.1265 0.0460 0.9909
vn 0.1346 -0.0000 0.9909
vn 0.1265 -0.0460 0.9909
vn 0.1031 -0.0865 0.9909
vn 0.0673 -0.1166 0.9909
vn 0.0234 -0.1326 0.9909
vn -0.0234 -0.1326 0.9909
vn -0.0673 -0.1166 0.9909
vn -0.1031 -0.0865 0.9909
vn -0.1265 -0.0460 0.9909
vn -0.9848 0.1736 -0.0000
vn -0.8660 0.5000 -0.0000
vn -0.6428 0.7661 -0.0000
vn -0.6428 0.7660 -0.0000
vn -0.3420 0.9397 -0.0000
vn 0.3420 0.9397 -0.0000
vn 0.6428 0.7660 -0.0000
vn 0.8660 0.5000 -0.0000
vn 0.9848 0.1737 -0.0000
vn 0.9848 -0.1737 -0.0000
vn 0.8660 -0.5000 -0.0000
vn 0.6428 -0.7660 -0.0000
vn 0.3420 -0.9397 -0.0000
vn -0.3420 -0.9397 -0.0000
vn -0.6428 -0.7660 -0.0000
vn -0.8660 -0.5000 -0.0000
vn -0.9848 -0.1736 -0.0000
vn 0.8534 -0.1505 0.4991
vn 0.7505 -0.4333 0.4991
vn 0.7505 -0.4333 0.4990
vn 0.5570 -0.6638 0.4990
vn 0.2964 -0.8143 0.4991
vn -0.0000 -0.8665 0.4991
vn -0.2964 -0.8143 0.4991
vn -0.2964 -0.8143 0.4990
vn -0.5570 -0.6638 0.4990
vn -0.5570 -0.6638 0.4991
vn -0.7505 -0.4333 0.4990
vn -0.7505 -0.4333 0.4991
vn -0.8534 -0.1505 0.4991
vn -0.8534 0.1505 0.4990
vn -0.8534 0.1505 0.4991
vn -0.7505 0.4333 0.4991
vn -0.5570 0.6638 0.4991
vn -0.2964 0.8143 0.4991
vn -0.2964 0.8143 0.4990
vn -0.2964 0.8144 0.4990
vn -0.0000 0.8666 0.4990
vn 0.2964 0.8144 0.4990
vn 0.2964 0.8143 0.4990
vn 0.5570 0.6638 0.4990
vn 0.5570 0.6638 0.4991
vn 0.7505 0.4333 0.4991
vn 0.8534 0.1505 0.4991
vn 0.8534 0.1505 0.4990
vn 0.9818 -0.0000 -0.1900
vn 0.8898 -0.0000 -0.4563
vn 0.8362 -0.3043 -0.4563
vn 0.9226 -0.3358 -0.1900
vn 0.6817 -0.5720 -0.4563
vn 0.7521 -0.6311 -0.1900
vn 0.4449 -0.7706 -0.4563
vn 0.4909 -0.8503 -0.1900
vn 0.1545 -0.8763 -0.4563
vn 0.1705 -0.9669 -0.1900
vn -0.1545 -0.8763 -0.4563
vn -0.1705 -0.9669 -0.1900
vn -0.4449 -0.7706 -0.4563
vn -0.4909 -0.8503 -0.1900
vn -0.6816 -0.5720 -0.4563
vn -0.7521 -0.6311 -0.1900
vn -0.8362 -0.3044 -0.4563
vn -0.8362 -0.3043 -0.4563
vn -0.9226 -0.3358 -0.1900
vn -0.8898 -0.0000 -0.4563
vn -0.9818 -0.0000 -0.1900
vn -0.8362 0.3043 -0.4563
vn -0.9226 0.3358 -0.1900
vn -0.6817 0.5720 -0.4563
vn -0.7521 0.6311 -0.1900
vn -0.4449 0.7706 -0.4563
vn -0.4909 0.8503 -0.1900
vn -0.1545 0.8763 -0.4563
vn -0.1705 0.9669 -0.1900
vn 0.1545 0.8763 -0.4563
vn 0.1705 0.9669 -0.1900
vn 0.4449 0.7706 -0.4563
vn 0.4909 0.8503 -0.1900
vn 0.6816 0.5720 -0.4563
vn 0.7521 0.6311 -0.1900
vn 0.8362 0.3043 -0.4563
vn 0.9226 0.3358 -0.1900
vn 0.9625 -0.0000 0.2712
vn 0.9045 -0.3292 0.2712
vn 0.7373 -0.6187 0.2712
vn 0.4813 -0.8336 0.2712
vn 0.1671 -0.9479 0.2712
vn -0.1671 -0.9479 0.2712
vn -0.4813 -0.8336 0.2712
vn -0.7373 -0.6187 0.2712
vn -0.9045 -0.3292 0.2712
vn -0.9625 -0.0000 0.2712
vn -0.9045 0.3292 0.2712
vn -0.7373 0.6187 0.2712
vn -0.4812 0.8336 0.2712
vn -0.1671 0.9479 0.2713
vn 0.1671 0.9479 0.2713
vn 0.4812 0.8336 0.2712
vn 0.7373 0.6187 0.2712
vn 0.9045 0.3292 0.2713
vn 0.9697 -0.0000 0.2445
vn 0.9112 -0.3316 0.2445
vn 0.7428 -0.6233 0.2445
vn 0.4848 -0.8397 0.2445
vn 0.1684 -0.9549 0.2445
vn -0.1684 -0.9549 0.2445
vn -0.4848 -0.8397 0.2445
vn -0.5577 -0.7892 0.2571
vn -0.8331 -0.3032 0.4626
vn -0.8866 -0.0000 0.4626
vn -0.8331 0.3032 0.4626
vn -0.5577 0.7892 0.2571
vn -0.4848 0.8398 0.2445
vn -0.1684 0.9549 0.2445
vn 0.1684 0.9549 0.2445
vn 0.4848 0.8397 0.2445
vn 0.7428 0.6233 0.2445
vn 0.9112 0.3316 0.2445
vn -0.3563 -0.9344 -0.0000
vn -0.9672 -0.0000 -0.2541
vn -0.3563 0.9344 -0.0000
vn 0.0650 -0.0000 -0.9979
vn 0.0632 -0.0000 -0.9980
vn -0.0406 0.9992 -0.0024
vn -0.0415 0.9991 -0.0026
vn -0.0633 -0.0000 0.9980
vn -0.0617 -0.0000 0.9981
vn -0.0415 -0.9991 -0.0025
vn -0.0406 -0.9992 -0.0024
vn 0.2281 -0.0000 -0.9736
vn 0.2225 -0.0000 -0.9749
vn -0.0826 0.9965 -0.0154
vn -0.0840 0.9963 -0.0158
vn -0.2245 -0.0000 0.9745
vn -0.2193 -0.0000 0.9757
vn -0.0840 -0.9963 -0.0158
vn -0.0825 -0.9965 -0.0154
vn 0.3242 -0.0000 -0.9460
vn -0.1148 0.9930 -0.0263
vn -0.3204 -0.0000 0.9473
vn -0.1148 -0.9930 -0.0263
vn -0.8883 -0.0000 0.4593
vn -0.8347 0.3038 0.4593
vn -0.6805 0.5710 0.4593
vn -0.4441 0.7693 0.4593
vn -0.1543 0.8748 0.4593
vn 0.1543 0.8748 0.4593
vn 0.4442 0.7693 0.4593
vn 0.4441 0.7693 0.4593
vn 0.6805 0.5710 0.4593
vn 0.8347 0.3038 0.4593
vn 0.8883 -0.0000 0.4593
vn 0.8347 -0.3038 0.4593
vn 0.6805 -0.5710 0.4593
vn 0.4441 -0.7693 0.4593
vn 0.1542 -0.8748 0.4593
vn -0.1542 -0.8748 0.4593
vn -0.1543 -0.8748 0.4593
vn -0.4441 -0.7693 0.4593
vn -0.4442 -0.7693 0.4593
vn -0.6805 -0.5710 0.4593
vn -0.8347 -0.3038 0.4593
vn -0.7661 -0.6428 -0.0000
vn -0.7661 0.6428 -0.0000
vn 0.7661 0.6428 -0.0000
vn 0.7661 -0.6428 -0.0000
vn 0.1239 -0.0000 0.9923
vn -0.0008 -0.0000 1.0000
vn -0.0008 0.0003 1.0000
vn 0.1165 -0.0424 0.9923
vn -0.0006 0.0005 1.0000
vn 0.0949 -0.0797 0.9923
vn -0.0004 0.0007 1.0000
vn 0.0620 -0.1073 0.9923
vn -0.0001 0.0008 1.0000
vn 0.0215 -0.1220 0.9923
vn 0.0001 0.0008 1.0000
vn -0.0215 -0.1220 0.9923
vn 0.0004 0.0007 1.0000
vn -0.0620 -0.1073 0.9923
vn 0.0006 0.0005 1.0000
vn -0.0949 -0.0797 0.9923
vn 0.0008 0.0003 1.0000
vn -0.1165 -0.0424 0.9923
vn 0.0008 -0.0000 1.0000
vn -0.1239 -0.0000 0.9923
vn 0.0008 -0.0003 1.0000
vn -0.1165 0.0424 0.9923
vn 0.0006 -0.0005 1.0000
vn -0.0949 0.0797 0.9923
vn 0.0004 -0.0007 1.0000
vn -0.0620 0.1073 0.9923
vn 0.0001 -0.0008 1.0000
vn -0.0215 0.1220 0.9923
vn -0.0001 -0.0008 1.0000
vn 0.0215 0.1220 0.9923
vn -0.0004 -0.0007 1.0000
vn 0.0620 0.1073 0.9923
vn -0.0006 -0.0005 1.0000
vn 0.0949 0.0797 0.9923
vn -0.0008 -0.0003 1.0000
vn 0.1165 0.0424 0.9923
vn 0.2766 -0.0000 0.9610
vn 0.2599 -0.0946 0.9610
vn 0.2119 -0.1778 0.9610
vn 0.1382 -0.2395 0.9610
vn 0.0480 -0.2724 0.9610
vn -0.0480 -0.2724 0.9610
vn -0.1383 -0.2395 0.9610
vn -0.2119 -0.1778 0.9610
vn -0.2599 -0.0946 0.9610
vn -0.2766 -0.0000 0.9610
vn -0.2599 0.0946 0.9610
vn -0.2119 0.1778 0.9610
vn -0.1383 0.2395 0.9610
vn -0.0480 0.2724 0.9610
vn 0.0480 0.2724 0.9610
vn 0.1382 0.2395 0.9610
vn 0.2119 0.1778 0.9610
vn 0.2599 0.0946 0.9610
vn -0.9397 0.3421 -0.0000
vn -0.7661 0.6427 -0.0000
vn 0.7661 0.6427 -0.0000
vn -0.0096 1.0000 -0.0000
vn -0.9490 0.3084 0.0655
vn -0.9691 0.2413 0.0512
vn -0.9485 -0.3095 -0.0675
vn -0.9694 -0.2398 -0.0523
vn -0.2139 -0.9549 -0.2058
vn -0.2023 -0.9573 -0.2063
vn 0.2022 -0.9574 -0.2063
vn 0.2139 -0.9549 -0.2058
vn 0.9490 0.3084 0.0655
vn 0.9694 -0.2398 -0.0523
vn 0.9485 -0.3094 -0.0674
vn 0.9691 0.2413 0.0513
vn 0.2023 0.9575 0.2057
vn 0.2139 0.9551 0.2052
vn -0.2138 0.9551 0.2052
vn -0.2023 0.9575 0.2057
vn -0.0012 0.0028 1.0000
vn 0.0424 -0.0149 0.9990
vn 0.0428 0.0147 0.9990
vn -0.0012 -0.0028 1.0000
vn -0.0029 -0.0008 1.0000
vn 0.0148 0.0487 0.9987
vn -0.0147 0.0493 0.9987
vn 0.0029 -0.0008 1.0000
vn 0.0012 -0.0028 1.0000
vn -0.0424 0.0149 0.9990
vn -0.0428 -0.0147 0.9990
vn 0.0012 0.0028 1.0000
vn 0.0029 0.0008 1.0000
vn -0.0145 -0.0492 0.9987
vn 0.0144 -0.0489 0.9987
vn -0.0029 0.0008 1.0000
vn 0.5622 -0.1525 0.8128
vn 0.7097 -0.1260 0.6931
vn 0.7099 0.1258 0.6930
vn 0.5621 0.1526 0.8129
vn 0.1044 0.5434 0.8330
vn 0.1036 0.6422 0.7595
vn -0.1038 0.6419 0.7597
vn -0.1045 0.5433 0.8330
vn -0.5621 0.1525 0.8129
vn -0.7101 0.1256 0.6928
vn -0.7099 -0.1259 0.6930
vn -0.5621 -0.1525 0.8129
vn -0.1046 -0.5432 0.8331
vn -0.1040 -0.6419 0.7597
vn 0.1040 -0.6419 0.7597
vn 0.1045 -0.5432 0.8331
vn 0.2579 -0.0843 0.9625
vn 0.2579 0.0842 0.9625
vn 0.0619 0.2790 0.9583
vn -0.0619 0.2790 0.9583
vn -0.2579 0.0843 0.9625
vn -0.2579 -0.0843 0.9625
vn -0.0619 -0.2790 0.9583
vn 0.0622 -0.2790 0.9583
vn 0.9605 -0.2784 -0.0000
vn 0.9605 0.2784 -0.0000
vn 0.2103 0.9776 -0.0000
vn -0.2103 0.9776 -0.0000
vn -0.9605 0.2784 -0.0000
vn -0.9605 -0.2784 -0.0000
vn -0.2103 -0.9776 -0.0000
vn 0.2103 -0.9776 -0.0000
vn -0.8421 -0.5269 -0.1149
vn -0.8421 -0.5269 -0.1148
vn -0.8424 0.5271 0.1120
vn -0.9691 0.2412 0.0512
vn 0.4073 -0.8927 -0.1927
vn -0.4073 -0.8927 -0.1927
vn 0.8423 0.5272 0.1120
vn 0.8424 0.5271 0.1120
vn 0.8421 -0.5269 -0.1148
vn 0.8421 -0.5270 -0.1149
vn 0.9485 -0.3095 -0.0675
vn -0.4074 0.8929 0.1915
vn -0.4074 0.8930 0.1915
vn 0.4075 0.8929 0.1915
vn 0.4074 0.8930 0.1915
vn 0.2138 0.9551 0.2052
vn 0.0320 0.0363 0.9988
vn -0.0017 -0.0020 1.0000
vn -0.0016 0.0021 1.0000
vn 0.0323 -0.0361 0.9988
vn -0.0323 0.0361 0.9988
vn 0.0016 -0.0021 1.0000
vn -0.0321 -0.0361 0.9988
vn 0.0019 0.0017 1.0000
vn 0.4040 0.4530 0.7947
vn 0.3234 0.3859 0.8640
vn 0.3235 -0.3859 0.8640
vn 0.4044 -0.4526 0.7947
vn -0.4040 0.4529 0.7948
vn -0.3235 0.3859 0.8640
vn -0.4042 -0.4527 0.7948
vn -0.3235 -0.3859 0.8640
vn 0.1561 0.1858 0.9701
vn 0.1561 -0.1858 0.9701
vn -0.1561 0.1858 0.9701
vn -0.1561 -0.1858 0.9701
vn 0.8450 0.5348 -0.0000
vn 0.8450 -0.5347 -0.0000
vn -0.4112 0.9116 -0.0000
vn -0.4112 0.9115 -0.0000
vn 0.4112 0.9116 -0.0000
vn 0.4112 0.9115 -0.0000
vn -0.8450 -0.5348 -0.0000
vn -0.8450 -0.5347 -0.0000
vn -0.8450 0.5348 -0.0000
vn -0.8449 0.5349 -0.0000
vn 0.4112 -0.9116 -0.0000
vn -0.4112 -0.9115 -0.0000
vt 0.465689 0.641746
vt 0.465689 0.787194
vt 0.461865 0.787194
vt 0.461865 0.641746
vt 0.458042 0.787194
vt 0.458042 0.641746
vt 0.454222 0.787194
vt 0.454222 0.641746
vt 0.450398 0.787194
vt 0.450398 0.641746
vt 0.446575 0.787194
vt 0.446575 0.641746
vt 0.442754 0.787194
vt 0.442754 0.641746
vt 0.438931 0.787194
vt 0.438931 0.641746
vt 0.435111 0.787194
vt 0.435111 0.641746
vt 0.431287 0.787194
vt 0.431287 0.641746
vt 0.427464 0.787194
vt 0.427464 0.641746
vt 0.423644 0.787194
vt 0.423644 0.641746
vt 0.419820 0.787194
vt 0.419820 0.641746
vt 0.415997 0.787194
vt 0.415997 0.641746
vt 0.412177 0.787194
vt 0.412177 0.641746
vt 0.408353 0.787194
vt 0.408353 0.641746
vt 0.404530 0.787194
vt 0.404530 0.641746
vt 0.473332 0.641746
vt 0.473332 0.787194
vt 0.469509 0.787194
vt 0.469509 0.641746
vt 0.987920 0.575386
vt 0.984155 0.576049
vt 0.984155 0.565043
vt 0.980391 0.575386
vt 0.977081 0.573474
vt 0.974624 0.570546
vt 0.973317 0.566955
vt 0.973317 0.563132
vt 0.974624 0.559541
vt 0.977081 0.556613
vt 0.980391 0.554701
vt 0.984155 0.554038
vt 0.987920 0.554701
vt 0.991230 0.556613
vt 0.993687 0.559541
vt 0.994994 0.563132
vt 0.994994 0.566955
vt 0.993687 0.570546
vt 0.991230 0.573474
vt 0.628043 0.805898
vt 0.624278 0.805234
vt 0.628043 0.794892
vt 0.620971 0.803323
vt 0.618511 0.800395
vt 0.617207 0.796803
vt 0.617207 0.792981
vt 0.618511 0.789389
vt 0.620971 0.786461
vt 0.624278 0.784550
vt 0.628043 0.783886
vt 0.631807 0.784550
vt 0.635117 0.786461
vt 0.637574 0.789389
vt 0.638881 0.792981
vt 0.638881 0.796803
vt 0.637574 0.800395
vt 0.635117 0.803323
vt 0.631807 0.805234
vt 0.548642 0.641746
vt 0.548642 0.787194
vt 0.544821 0.787194
vt 0.544821 0.641746
vt 0.540998 0.787194
vt 0.540998 0.641746
vt 0.537174 0.787194
vt 0.537174 0.641746
vt 0.533354 0.787194
vt 0.533354 0.641746
vt 0.529531 0.787194
vt 0.529531 0.641746
vt 0.525710 0.787194
vt 0.525710 0.641746
vt 0.521887 0.787194
vt 0.521887 0.641746
vt 0.518064 0.787194
vt 0.518064 0.641746
vt 0.514243 0.787194
vt 0.514243 0.641746
vt 0.510420 0.787194
vt 0.510420 0.641746
vt 0.506600 0.787194
vt 0.506600 0.641746
vt 0.502776 0.787194
vt 0.502776 0.641746
vt 0.498953 0.787194
vt 0.498953 0.641746
vt 0.495133 0.787194
vt 0.495133 0.641746
vt 0.491309 0.787194
vt 0.491309 0.641746
vt 0.487486 0.787194
vt 0.487486 0.641746
vt 0.483666 0.787194
vt 0.483666 0.641746
vt 0.552465 0.641746
vt 0.552465 0.787194
vt 0.987920 0.605166
vt 0.984155 0.605830
vt 0.984155 0.594824
vt 0.980391 0.605166
vt 0.977081 0.603255
vt 0.974624 0.600327
vt 0.973317 0.596735
vt 0.973317 0.592913
vt 0.974624 0.589321
vt 0.977081 0.586393
vt 0.980391 0.584481
vt 0.984155 0.583818
vt 0.987920 0.584481
vt 0.991230 0.586393
vt 0.993687 0.589321
vt 0.994994 0.592913
vt 0.994994 0.596735
vt 0.993687 0.600327
vt 0.991230 0.603255
vt 0.984155 0.635610
vt 0.980391 0.634946
vt 0.984155 0.624604
vt 0.977081 0.633035
vt 0.974624 0.630107
vt 0.973317 0.626515
vt 0.973317 0.622693
vt 0.974624 0.619101
vt 0.977081 0.616173
vt 0.980391 0.614262
vt 0.984155 0.613598
vt 0.987920 0.614262
vt 0.991230 0.616173
vt 0.993687 0.619101
vt 0.994994 0.622693
vt 0.994994 0.626515
vt 0.993687 0.630107
vt 0.991230 0.633035
vt 0.987920 0.634946
vt 0.465686 0.794983
vt 0.465686 0.940430
vt 0.461862 0.940430
vt 0.461862 0.794983
vt 0.458042 0.940430
vt 0.458042 0.794983
vt 0.454219 0.940430
vt 0.454219 0.794983
vt 0.450395 0.940430
vt 0.450395 0.794983
vt 0.446575 0.940430
vt 0.446575 0.794983
vt 0.442751 0.940430
vt 0.442751 0.794983
vt 0.438928 0.940430
vt 0.438928 0.794983
vt 0.435108 0.940430
vt 0.435108 0.794983
vt 0.431284 0.940430
vt 0.431284 0.794983
vt 0.427464 0.940430
vt 0.427464 0.794983
vt 0.423641 0.940430
vt 0.423641 0.794983
vt 0.419817 0.940430
vt 0.419817 0.794983
vt 0.415997 0.940430
vt 0.415997 0.794983
vt 0.412174 0.940430
vt 0.412174 0.794983
vt 0.408353 0.940430
vt 0.408353 0.794983
vt 0.404530 0.940430
vt 0.404530 0.794983
vt 0.473329 0.794983
vt 0.473329 0.940430
vt 0.469509 0.940430
vt 0.469509 0.794983
vt 0.987917 0.694506
vt 0.984152 0.695170
vt 0.984152 0.684164
vt 0.980388 0.694506
vt 0.977081 0.692595
vt 0.974621 0.689667
vt 0.973317 0.686075
vt 0.973317 0.682253
vt 0.974621 0.678661
vt 0.977081 0.675733
vt 0.980388 0.673822
vt 0.984152 0.673158
vt 0.987917 0.673822
vt 0.991227 0.675733
vt 0.993684 0.678661
vt 0.994991 0.682253
vt 0.994991 0.686075
vt 0.993684 0.689667
vt 0.991227 0.692595
vt 0.984155 0.665390
vt 0.980391 0.664727
vt 0.984155 0.654384
vt 0.977081 0.662815
vt 0.974624 0.659887
vt 0.973317 0.656295
vt 0.973317 0.652473
vt 0.974624 0.648881
vt 0.977081 0.645953
vt 0.980391 0.644042
vt 0.984155 0.643378
vt 0.987920 0.644042
vt 0.991230 0.645953
vt 0.993687 0.648881
vt 0.994994 0.652473
vt 0.994994 0.656295
vt 0.993687 0.659887
vt 0.991230 0.662815
vt 0.987920 0.664727
vt 0.393388 0.816102
vt 0.389692 0.816102
vt 0.389692 0.802689
vt 0.393388 0.802689
vt 0.389692 0.789279
vt 0.393388 0.789279
vt 0.389692 0.775863
vt 0.393388 0.775863
vt 0.389692 0.762450
vt 0.393388 0.762450
vt 0.389692 0.749042
vt 0.393388 0.749042
vt 0.389692 0.735629
vt 0.393388 0.735629
vt 0.389692 0.722218
vt 0.393388 0.722218
vt 0.389692 0.708805
vt 0.393388 0.708805
vt 0.389692 0.695393
vt 0.393388 0.695393
vt 0.389692 0.681981
vt 0.393388 0.681981
vt 0.389692 0.668568
vt 0.393388 0.668568
vt 0.389692 0.655161
vt 0.393388 0.655161
vt 0.389692 0.641746
vt 0.393388 0.641746
vt 0.393388 0.883159
vt 0.389692 0.883159
vt 0.389692 0.869752
vt 0.393388 0.869752
vt 0.389692 0.856337
vt 0.393388 0.856337
vt 0.389692 0.842925
vt 0.393388 0.842925
vt 0.389692 0.829515
vt 0.393388 0.829515
vt 0.562801 0.779980
vt 0.562801 0.769346
vt 0.568566 0.769346
vt 0.568566 0.779980
vt 0.562801 0.758712
vt 0.568566 0.758712
vt 0.562801 0.748078
vt 0.568566 0.748078
vt 0.562801 0.737444
vt 0.568566 0.737444
vt 0.562801 0.726813
vt 0.568566 0.726813
vt 0.562801 0.716177
vt 0.568566 0.716177
vt 0.562801 0.705545
vt 0.568566 0.705545
vt 0.562801 0.694911
vt 0.568566 0.694911
vt 0.562801 0.684277
vt 0.568566 0.684277
vt 0.562801 0.673645
vt 0.568566 0.673645
vt 0.562801 0.663013
vt 0.568566 0.663013
vt 0.562801 0.652382
vt 0.568566 0.652382
vt 0.562801 0.641746
vt 0.568566 0.641746
vt 0.562801 0.833143
vt 0.562801 0.822512
vt 0.568566 0.822512
vt 0.568566 0.833143
vt 0.562801 0.811877
vt 0.568566 0.811877
vt 0.562801 0.801245
vt 0.568566 0.801245
vt 0.562801 0.790612
vt 0.568566 0.790612
vt 0.581402 0.769346
vt 0.581402 0.779980
vt 0.581402 0.758712
vt 0.581402 0.748078
vt 0.581402 0.737444
vt 0.581402 0.726813
vt 0.581402 0.716177
vt 0.581402 0.705545
vt 0.581402 0.694911
vt 0.581402 0.684277
vt 0.581402 0.673645
vt 0.581402 0.663013
vt 0.581402 0.652382
vt 0.581402 0.641746
vt 0.581402 0.822512
vt 0.581402 0.833143
vt 0.581402 0.811877
vt 0.581402 0.801245
vt 0.581402 0.790612
vt 0.973317 0.039111
vt 0.976242 0.039111
vt 0.976242 0.046156
vt 0.973317 0.046156
vt 0.976242 0.053197
vt 0.973317 0.053197
vt 0.976242 0.060241
vt 0.973317 0.060241
vt 0.976242 0.067279
vt 0.973317 0.067279
vt 0.976242 0.074321
vt 0.973317 0.074321
vt 0.976242 0.081366
vt 0.973317 0.081366
vt 0.976242 0.088409
vt 0.973317 0.088409
vt 0.976242 0.095450
vt 0.973317 0.095450
vt 0.976242 0.102494
vt 0.973317 0.102494
vt 0.976242 0.109531
vt 0.973317 0.109531
vt 0.976242 0.116577
vt 0.973317 0.116577
vt 0.976242 0.123617
vt 0.973317 0.123617
vt 0.976242 0.130661
vt 0.973317 0.130661
vt 0.973317 0.003906
vt 0.976242 0.003906
vt 0.976242 0.010949
vt 0.973317 0.010949
vt 0.976242 0.017987
vt 0.973317 0.017987
vt 0.976242 0.025027
vt 0.973317 0.025027
vt 0.976242 0.032073
vt 0.973317 0.032073
vt 0.974816 0.170499
vt 0.977057 0.170499
vt 0.977057 0.176910
vt 0.974816 0.176910
vt 0.977057 0.183322
vt 0.974816 0.183322
vt 0.977057 0.189732
vt 0.974816 0.189732
vt 0.977057 0.196142
vt 0.974816 0.196142
vt 0.977057 0.202551
vt 0.974816 0.202551
vt 0.977057 0.208963
vt 0.974816 0.208963
vt 0.977057 0.215373
vt 0.974816 0.215373
vt 0.977057 0.221784
vt 0.974816 0.221784
vt 0.977057 0.228195
vt 0.974816 0.228195
vt 0.977057 0.234603
vt 0.974816 0.234603
vt 0.977057 0.241015
vt 0.974816 0.241015
vt 0.977057 0.247424
vt 0.974816 0.247424
vt 0.977057 0.253836
vt 0.974816 0.253836
vt 0.974816 0.138450
vt 0.977057 0.138450
vt 0.977057 0.144859
vt 0.974816 0.144859
vt 0.977057 0.151270
vt 0.974816 0.151270
vt 0.977057 0.157679
vt 0.974816 0.157679
vt 0.977057 0.164091
vt 0.974816 0.164091
vt 0.973317 0.170499
vt 0.973317 0.176910
vt 0.973317 0.183322
vt 0.973317 0.189732
vt 0.973317 0.196142
vt 0.973317 0.202551
vt 0.973317 0.208963
vt 0.973317 0.215373
vt 0.973317 0.221784
vt 0.973317 0.228195
vt 0.973317 0.234603
vt 0.973317 0.241015
vt 0.973317 0.247424
vt 0.973317 0.253836
vt 0.973317 0.138450
vt 0.973317 0.144859
vt 0.973317 0.151270
vt 0.973317 0.157679
vt 0.973317 0.164091
vt 0.972104 0.804294
vt 0.977972 0.804294
vt 0.977972 0.810677
vt 0.972104 0.810677
vt 0.977972 0.817062
vt 0.972104 0.817062
vt 0.977972 0.823447
vt 0.972104 0.823447
vt 0.977972 0.829833
vt 0.972104 0.829833
vt 0.972104 0.714225
vt 0.977972 0.714225
vt 0.977972 0.720609
vt 0.972104 0.720609
vt 0.977972 0.726994
vt 0.972104 0.726994
vt 0.977972 0.733378
vt 0.972104 0.733378
vt 0.977972 0.739934
vt 0.972104 0.739934
vt 0.977972 0.746489
vt 0.972104 0.746489
vt 0.977972 0.753046
vt 0.972104 0.753046
vt 0.977972 0.759601
vt 0.972104 0.759601
vt 0.977972 0.765986
vt 0.972104 0.765986
vt 0.977972 0.772371
vt 0.972104 0.772371
vt 0.977972 0.778754
vt 0.972104 0.778754
vt 0.977972 0.785139
vt 0.972104 0.785139
vt 0.977972 0.791526
vt 0.972104 0.791526
vt 0.977972 0.797909
vt 0.972104 0.797909
vt 0.968209 0.804294
vt 0.968209 0.810677
vt 0.968209 0.817062
vt 0.968209 0.823447
vt 0.968209 0.829833
vt 0.968209 0.714225
vt 0.968209 0.720609
vt 0.968209 0.726994
vt 0.968209 0.733378
vt 0.968209 0.739934
vt 0.968209 0.746489
vt 0.968209 0.753046
vt 0.968209 0.759601
vt 0.968209 0.765986
vt 0.968209 0.772371
vt 0.968209 0.778754
vt 0.968209 0.785139
vt 0.968209 0.791526
vt 0.968209 0.797909
vt 0.962358 0.804294
vt 0.962358 0.810677
vt 0.962358 0.817062
vt 0.962358 0.823447
vt 0.962358 0.829833
vt 0.962358 0.714225
vt 0.962358 0.720609
vt 0.962358 0.726994
vt 0.962358 0.733378
vt 0.962358 0.739934
vt 0.962358 0.746489
vt 0.962358 0.753046
vt 0.962358 0.759601
vt 0.962358 0.765986
vt 0.962358 0.772371
vt 0.962358 0.778754
vt 0.962358 0.785139
vt 0.962358 0.791526
vt 0.962358 0.797909
vt 0.958479 0.804294
vt 0.958479 0.810677
vt 0.958479 0.817062
vt 0.958479 0.823447
vt 0.958479 0.829833
vt 0.958479 0.714225
vt 0.958479 0.720609
vt 0.958479 0.726994
vt 0.958479 0.733378
vt 0.215517 0.404218
vt 0.211637 0.404218
vt 0.211637 0.400721
vt 0.215517 0.400721
vt 0.211637 0.396752
vt 0.215517 0.396752
vt 0.211637 0.392777
vt 0.215517 0.392777
vt 0.211637 0.389280
vt 0.215517 0.389280
vt 0.958479 0.759601
vt 0.958479 0.765986
vt 0.958479 0.772371
vt 0.958479 0.778754
vt 0.958479 0.785139
vt 0.958479 0.791526
vt 0.958479 0.797909
vt 0.996094 0.451194
vt 0.990880 0.448674
vt 0.992137 0.378261
vt 0.996094 0.378406
vt 0.984828 0.447628
vt 0.987650 0.378081
vt 0.978711 0.448173
vt 0.983145 0.377883
vt 0.973317 0.450270
vt 0.979167 0.377692
vt 0.973317 0.458029
vt 0.977196 0.458029
vt 0.977196 0.532587
vt 0.973317 0.532587
vt 0.697182 0.845966
vt 0.702265 0.848903
vt 0.703471 0.920457
vt 0.699452 0.920457
vt 0.708050 0.849923
vt 0.708050 0.920457
vt 0.713832 0.848903
vt 0.712623 0.920457
vt 0.718921 0.845966
vt 0.716648 0.920457
vt 0.215517 0.492406
vt 0.211637 0.492406
vt 0.211637 0.417884
vt 0.215517 0.417884
vt 0.708050 0.816096
vt 0.713832 0.817117
vt 0.708050 0.833013
vt 0.718921 0.820053
vt 0.722697 0.824558
vt 0.724707 0.830076
vt 0.724707 0.835949
vt 0.722697 0.841468
vt 0.693406 0.841468
vt 0.691396 0.835949
vt 0.691396 0.830076
vt 0.693406 0.824558
vt 0.697182 0.820053
vt 0.702265 0.817117
vt 0.992247 0.371476
vt 0.996049 0.371640
vt 0.987925 0.371294
vt 0.983598 0.371110
vt 0.979796 0.370950
vt 0.977196 0.539817
vt 0.973317 0.539817
vt 0.703673 0.928046
vt 0.699825 0.928046
vt 0.708050 0.928046
vt 0.712425 0.928046
vt 0.716269 0.928046
vt 0.211637 0.410657
vt 0.215517 0.410657
vt 0.992113 0.365256
vt 0.995575 0.365405
vt 0.988189 0.365089
vt 0.984259 0.364923
vt 0.980800 0.364776
vt 0.977196 0.546259
vt 0.973317 0.546259
vt 0.704076 0.934568
vt 0.700578 0.934568
vt 0.708050 0.934568
vt 0.712022 0.934568
vt 0.715516 0.934568
vt 0.628054 0.746250
vt 0.617207 0.746250
vt 0.617207 0.738784
vt 0.628054 0.738784
vt 0.617207 0.731320
vt 0.628054 0.731320
vt 0.617207 0.723853
vt 0.628054 0.723853
vt 0.617207 0.716389
vt 0.628054 0.716389
vt 0.617207 0.708924
vt 0.628054 0.708924
vt 0.617207 0.701460
vt 0.628054 0.701460
vt 0.617207 0.693996
vt 0.628054 0.693996
vt 0.617207 0.686533
vt 0.628054 0.686533
vt 0.617207 0.679066
vt 0.628054 0.679066
vt 0.617207 0.671602
vt 0.628054 0.671602
vt 0.617207 0.664139
vt 0.628054 0.664139
vt 0.617207 0.656677
vt 0.628054 0.656677
vt 0.617207 0.649211
vt 0.628054 0.649211
vt 0.617207 0.641746
vt 0.628054 0.641746
vt 0.628054 0.776108
vt 0.617207 0.776108
vt 0.617207 0.768642
vt 0.628054 0.768642
vt 0.617207 0.761177
vt 0.628054 0.761177
vt 0.617207 0.753713
vt 0.628054 0.753713
vt 0.242997 0.562056
vt 0.246797 0.564250
vt 0.242553 0.569308
vt 0.239737 0.565950
vt 0.236841 0.572605
vt 0.235342 0.568485
vt 0.230342 0.573751
vt 0.230345 0.569364
vt 0.223848 0.572603
vt 0.225351 0.568484
vt 0.218131 0.569303
vt 0.220952 0.565946
vt 0.213890 0.564254
vt 0.217689 0.562057
vt 0.211637 0.558053
vt 0.215949 0.557289
vt 0.211637 0.551458
vt 0.215955 0.552219
vt 0.213893 0.545252
vt 0.217689 0.547445
vt 0.218137 0.540203
vt 0.220952 0.543560
vt 0.223848 0.536905
vt 0.225342 0.541022
vt 0.230345 0.535756
vt 0.230342 0.540138
vt 0.236839 0.536899
vt 0.235345 0.541021
vt 0.242556 0.540199
vt 0.239740 0.543559
vt 0.246794 0.545254
vt 0.243000 0.547445
vt 0.249052 0.551457
vt 0.244734 0.552218
vt 0.249052 0.558052
vt 0.244737 0.557291
vt 0.990392 0.484293
vt 0.988155 0.484293
vt 0.988155 0.479214
vt 0.990392 0.479214
vt 0.988155 0.474141
vt 0.990392 0.474141
vt 0.988155 0.469067
vt 0.990392 0.469067
vt 0.988155 0.463995
vt 0.990392 0.463995
vt 0.988155 0.458918
vt 0.990392 0.458918
vt 0.990389 0.256786
vt 0.988155 0.256786
vt 0.988155 0.251708
vt 0.990389 0.251708
vt 0.988155 0.246634
vt 0.990389 0.246634
vt 0.988155 0.241564
vt 0.990389 0.241564
vt 0.988155 0.236484
vt 0.990389 0.236484
vt 0.988155 0.231411
vt 0.990389 0.231411
vt 0.988155 0.226341
vt 0.990389 0.226341
vt 0.988155 0.221263
vt 0.990389 0.221263
vt 0.988155 0.216185
vt 0.990389 0.216185
vt 0.988155 0.211108
vt 0.990389 0.211108
vt 0.990392 0.504589
vt 0.988155 0.504589
vt 0.988155 0.499517
vt 0.990392 0.499517
vt 0.988155 0.494438
vt 0.990392 0.494438
vt 0.988155 0.489365
vt 0.990392 0.489365
vt 0.018296 0.954374
vt 0.018296 0.961044
vt 0.013293 0.960167
vt 0.015578 0.953895
vt 0.008900 0.957628
vt 0.013189 0.952514
vt 0.005640 0.953740
vt 0.011414 0.950405
vt 0.003906 0.948974
vt 0.010474 0.947810
vt 0.003906 0.943897
vt 0.010474 0.945054
vt 0.005640 0.939125
vt 0.011414 0.942466
vt 0.008900 0.935237
vt 0.013189 0.940351
vt 0.013293 0.932705
vt 0.015578 0.938970
vt 0.018296 0.931821
vt 0.018296 0.938491
vt 0.023293 0.932705
vt 0.021008 0.938970
vt 0.027685 0.935237
vt 0.023396 0.940351
vt 0.030951 0.939125
vt 0.025172 0.942466
vt 0.032685 0.943897
vt 0.026111 0.945054
vt 0.032685 0.948974
vt 0.026111 0.947810
vt 0.030951 0.953740
vt 0.025172 0.950405
vt 0.027685 0.957628
vt 0.023396 0.952514
vt 0.023293 0.960167
vt 0.021008 0.953895
vt 0.211253 0.376665
vt 0.210724 0.376665
vt 0.210724 0.375457
vt 0.211253 0.375457
vt 0.210724 0.374249
vt 0.211253 0.374249
vt 0.210724 0.373044
vt 0.211253 0.373044
vt 0.210724 0.371836
vt 0.211253 0.371836
vt 0.210724 0.370630
vt 0.211253 0.370630
vt 0.212846 0.525013
vt 0.211637 0.525013
vt 0.211637 0.522259
vt 0.212846 0.522259
vt 0.211637 0.519499
vt 0.212846 0.519499
vt 0.211637 0.516740
vt 0.212846 0.516740
vt 0.211637 0.513979
vt 0.212846 0.513979
vt 0.211637 0.511224
vt 0.212846 0.511224
vt 0.211637 0.508465
vt 0.212846 0.508465
vt 0.211637 0.505704
vt 0.212846 0.505704
vt 0.211637 0.502951
vt 0.212846 0.502951
vt 0.211637 0.500195
vt 0.212846 0.500195
vt 0.211253 0.381492
vt 0.210724 0.381492
vt 0.210724 0.380284
vt 0.211253 0.380284
vt 0.210724 0.379078
vt 0.211253 0.379078
vt 0.210724 0.377871
vt 0.211253 0.377871
vt 0.600295 0.822086
vt 0.600295 0.823051
vt 0.597578 0.822572
vt 0.597907 0.821670
vt 0.595189 0.821191
vt 0.595811 0.820457
vt 0.593416 0.819081
vt 0.594249 0.818602
vt 0.592477 0.816487
vt 0.593422 0.816319
vt 0.592477 0.813731
vt 0.593422 0.813899
vt 0.593416 0.811143
vt 0.594249 0.811622
vt 0.595189 0.809027
vt 0.595811 0.809762
vt 0.597578 0.807646
vt 0.597907 0.808554
vt 0.600295 0.807167
vt 0.600295 0.808131
vt 0.603010 0.807646
vt 0.602678 0.808554
vt 0.605399 0.809027
vt 0.604783 0.809762
vt 0.607172 0.811143
vt 0.606339 0.811622
vt 0.608111 0.813731
vt 0.607166 0.813899
vt 0.608111 0.816487
vt 0.607166 0.816319
vt 0.607172 0.819081
vt 0.606339 0.818602
vt 0.605399 0.821191
vt 0.604783 0.820457
vt 0.603010 0.822572
vt 0.602678 0.821670
vt 0.694239 0.804171
vt 0.693877 0.804599
vt 0.692253 0.802641
vt 0.692730 0.802371
vt 0.691396 0.800250
vt 0.691939 0.800158
vt 0.691396 0.797712
vt 0.691930 0.797804
vt 0.692250 0.795315
vt 0.692736 0.795591
vt 0.693865 0.793363
vt 0.694215 0.793773
vt 0.696052 0.792071
vt 0.696245 0.792596
vt 0.698557 0.791633
vt 0.698557 0.792172
vt 0.701050 0.792075
vt 0.700863 0.792590
vt 0.703246 0.793348
vt 0.702896 0.793769
vt 0.704876 0.795291
vt 0.704390 0.795570
vt 0.705735 0.797678
vt 0.705205 0.797772
vt 0.705741 0.800215
vt 0.705202 0.800123
vt 0.704888 0.802605
vt 0.704402 0.802329
vt 0.703269 0.804554
vt 0.702920 0.804145
vt 0.701079 0.805849
vt 0.700886 0.805337
vt 0.698584 0.806306
vt 0.698581 0.805757
vt 0.696076 0.805868
vt 0.696260 0.805352
vt 0.519682 0.965976
vt 0.519682 0.979789
vt 0.508577 0.977852
vt 0.513305 0.964873
vt 0.498832 0.972217
vt 0.507683 0.961632
vt 0.491575 0.963602
vt 0.503546 0.956677
vt 0.487726 0.952995
vt 0.501347 0.950595
vt 0.487726 0.941751
vt 0.501333 0.944137
vt 0.491561 0.931168
vt 0.503532 0.938050
vt 0.498818 0.922519
vt 0.507669 0.933096
vt 0.508549 0.916901
vt 0.513291 0.929873
vt 0.519655 0.914930
vt 0.519668 0.928745
vt 0.530732 0.916891
vt 0.526046 0.929869
vt 0.540518 0.922500
vt 0.531640 0.933087
vt 0.547748 0.931146
vt 0.535777 0.938039
vt 0.551596 0.941730
vt 0.538017 0.944125
vt 0.551596 0.952980
vt 0.538003 0.950586
vt 0.547748 0.963592
vt 0.535790 0.956672
vt 0.540518 0.972210
vt 0.531640 0.961627
vt 0.530746 0.977848
vt 0.526046 0.964870
vt 0.519682 0.958844
vt 0.515723 0.958177
vt 0.512301 0.956148
vt 0.509731 0.953116
vt 0.508357 0.949367
vt 0.508370 0.945359
vt 0.509745 0.941640
vt 0.512287 0.938562
vt 0.515723 0.936584
vt 0.519668 0.935859
vt 0.523585 0.936582
vt 0.527062 0.938557
vt 0.529605 0.941633
vt 0.530980 0.945350
vt 0.530980 0.949357
vt 0.529605 0.953104
vt 0.527062 0.956149
vt 0.523599 0.958177
vt 0.735910 0.831685
vt 0.737869 0.831685
vt 0.737869 0.832562
vt 0.735910 0.832562
vt 0.737869 0.833435
vt 0.735910 0.833435
vt 0.737869 0.834305
vt 0.735910 0.834305
vt 0.737869 0.835179
vt 0.735910 0.835179
vt 0.737869 0.836056
vt 0.735910 0.836056
vt 0.735910 0.843845
vt 0.737869 0.843845
vt 0.737869 0.844713
vt 0.735910 0.844713
vt 0.737869 0.845588
vt 0.735910 0.845588
vt 0.737869 0.846457
vt 0.735910 0.846457
vt 0.737869 0.847336
vt 0.735910 0.847336
vt 0.737869 0.848208
vt 0.735910 0.848208
vt 0.737869 0.849084
vt 0.735910 0.849084
vt 0.737869 0.849958
vt 0.735910 0.849958
vt 0.737869 0.850826
vt 0.735910 0.850826
vt 0.737869 0.851703
vt 0.735910 0.851703
vt 0.735910 0.828191
vt 0.737869 0.828191
vt 0.737869 0.829065
vt 0.735910 0.829065
vt 0.737869 0.829935
vt 0.735910 0.829935
vt 0.737869 0.830813
vt 0.735910 0.830813
vt 0.738385 0.820415
vt 0.737519 0.820266
vt 0.738385 0.817902
vt 0.736767 0.819824
vt 0.736206 0.819159
vt 0.735910 0.818337
vt 0.735910 0.817460
vt 0.736206 0.816645
vt 0.736767 0.815973
vt 0.737519 0.815538
vt 0.738385 0.815382
vt 0.739244 0.815538
vt 0.740003 0.815973
vt 0.740563 0.816645
vt 0.740863 0.817460
vt 0.740863 0.818337
vt 0.740563 0.819159
vt 0.740003 0.819824
vt 0.739244 0.820266
vt 0.691318 0.003906
vt 0.691318 0.491381
vt 0.655162 0.491381
vt 0.655162 0.003906
vt 0.739723 0.491378
vt 0.703567 0.491378
vt 0.703567 0.003906
vt 0.739723 0.003906
vt 0.003906 0.638358
vt 0.040063 0.638358
vt 0.040063 0.924043
vt 0.003906 0.924043
vt 0.923586 0.003906
vt 0.959743 0.003906
vt 0.959743 0.471572
vt 0.923586 0.471572
vt 0.911338 0.003906
vt 0.911338 0.471575
vt 0.875181 0.471575
vt 0.875181 0.003906
vt 0.119270 0.639114
vt 0.119270 0.885217
vt 0.083113 0.885217
vt 0.083113 0.639114
vt 0.545882 0.908644
vt 0.483666 0.908644
vt 0.483666 0.794983
vt 0.545882 0.794983
vt 0.833368 0.471572
vt 0.813576 0.491363
vt 0.813576 0.003906
vt 0.833368 0.003906
vt 0.844379 0.003906
vt 0.864170 0.003906
vt 0.864170 0.491363
vt 0.844379 0.471572
vt 0.771762 0.491363
vt 0.751971 0.491363
vt 0.751971 0.003906
vt 0.771762 0.023698
vt 0.620072 0.954593
vt 0.557855 0.954593
vt 0.557855 0.840932
vt 0.620072 0.840932
vt 0.802565 0.471572
vt 0.782773 0.491363
vt 0.782773 0.003906
vt 0.802565 0.003906
vt 0.052310 0.658385
vt 0.072102 0.638593
vt 0.072102 0.924278
vt 0.052310 0.904487
vt 0.690365 0.518040
vt 0.710157 0.498249
vt 0.710157 0.783934
vt 0.690365 0.764143
vt 0.800375 0.493720
vt 0.809453 0.502868
vt 0.809453 0.961393
vt 0.800375 0.961393
vt 0.152285 0.875394
vt 0.180824 0.875394
vt 0.180824 0.956056
vt 0.152285 0.969192
vt 0.664241 0.965898
vt 0.655162 0.965898
vt 0.655162 0.507387
vt 0.664241 0.498239
vt 0.783120 0.744329
vt 0.773973 0.735250
vt 0.773973 0.507300
vt 0.783120 0.498221
vt 0.761049 0.965951
vt 0.751971 0.956804
vt 0.751971 0.498293
vt 0.761049 0.498293
vt 0.083042 0.892970
vt 0.111581 0.906106
vt 0.111581 0.986768
vt 0.083042 0.986768
vt 0.840256 0.954834
vt 0.831178 0.954834
vt 0.831178 0.496309
vt 0.840256 0.487161
vt 0.140665 0.885429
vt 0.131517 0.876350
vt 0.131517 0.648400
vt 0.140665 0.639321
vt 0.310557 0.922039
vt 0.322489 0.927531
vt 0.310557 0.953455
vt 0.677164 0.498311
vt 0.681343 0.498311
vt 0.681343 0.956836
vt 0.677164 0.956836
vt 0.958789 0.478502
vt 0.962968 0.478502
vt 0.962968 0.706436
vt 0.958789 0.706436
vt 0.945587 0.478502
vt 0.949766 0.478502
vt 0.949766 0.937027
vt 0.945587 0.937027
vt 0.643977 0.812791
vt 0.643977 0.844207
vt 0.632045 0.818283
vt 0.910384 0.478505
vt 0.936044 0.478505
vt 0.936044 0.937023
vt 0.910384 0.937023
vt 0.179179 0.639660
vt 0.179179 0.867605
vt 0.153519 0.867605
vt 0.153519 0.639660
vt 0.900841 0.478505
vt 0.900841 0.937023
vt 0.875181 0.937023
vt 0.875181 0.478505
vt 0.261097 0.641446
vt 0.261097 0.955849
vt 0.272220 0.955849
vt 0.272220 0.641446
vt 0.592477 0.798229
vt 0.603600 0.798229
vt 0.603600 0.641746
vt 0.592477 0.641746
vt 0.329534 0.633957
vt 0.643124 0.633957
vt 0.643124 0.003906
vt 0.329534 0.006899
vt 0.003906 0.003906
vt 0.003906 0.630966
vt 0.200059 0.587958
vt 0.200059 0.363700
vt 0.317495 0.003906
vt 0.267955 0.363700
vt 0.317495 0.633960
vt 0.267955 0.587958
vt 0.296950 0.641682
vt 0.285827 0.641682
vt 0.285827 0.954591
vt 0.296950 0.954591
vt 0.237598 0.371489
vt 0.226475 0.371489
vt 0.226475 0.527980
vt 0.237598 0.527980
vt 0.721073 0.807608
vt 0.728622 0.805694
vt 0.728657 0.500409
vt 0.721107 0.502398
vt 0.995877 0.005285
vt 0.988155 0.005285
vt 0.988155 0.098341
vt 0.995877 0.098341
vt 0.377492 0.950190
vt 0.377457 0.644979
vt 0.369908 0.642989
vt 0.369943 0.948275
vt 0.995975 0.108887
vt 0.988254 0.108887
vt 0.988254 0.201942
vt 0.995975 0.201942
vt 0.191853 0.946977
vt 0.198575 0.939978
vt 0.198573 0.648732
vt 0.191853 0.641727
vt 0.958479 0.931831
vt 0.964126 0.923551
vt 0.964121 0.847064
vt 0.958479 0.838776
vt 0.226475 0.947309
vt 0.233196 0.940310
vt 0.233195 0.649064
vt 0.226475 0.642059
vt 0.973317 0.355834
vt 0.978963 0.347554
vt 0.978959 0.271066
vt 0.973317 0.262778
vt 0.204152 0.934178
vt 0.207227 0.931077
vt 0.207227 0.657624
vt 0.204151 0.654535
vt 0.969424 0.917675
vt 0.973071 0.915231
vt 0.973076 0.855365
vt 0.969419 0.852937
vt 0.238775 0.934510
vt 0.241848 0.931409
vt 0.241848 0.657956
vt 0.238772 0.654867
vt 0.984261 0.341678
vt 0.987909 0.339233
vt 0.987913 0.279367
vt 0.984256 0.276939
vt 0.201834 0.936725
vt 0.201833 0.651990
vt 0.967090 0.919924
vt 0.967083 0.850694
vt 0.236456 0.937057
vt 0.236454 0.652321
vt 0.981927 0.343927
vt 0.981921 0.274697
vt 0.213151 0.925141
vt 0.213147 0.663563
vt 0.978079 0.908197
vt 0.978072 0.862407
vt 0.247772 0.925473
vt 0.247769 0.663895
vt 0.992917 0.332199
vt 0.992909 0.286410
vt 0.310557 0.908903
vt 0.313778 0.908791
vt 0.313780 0.647255
vt 0.310557 0.647131
vt 0.315217 0.641777
vt 0.315347 0.645628
vt 0.353476 0.645618
vt 0.353601 0.641746
vt 0.358275 0.647128
vt 0.355055 0.647240
vt 0.355052 0.908776
vt 0.358275 0.908901
vt 0.353615 0.914255
vt 0.353485 0.910403
vt 0.315357 0.910413
vt 0.315233 0.914285
vt 0.728621 0.499153
vt 0.721072 0.501123
vt 0.721106 0.808884
vt 0.728657 0.806951
vt 0.988254 0.099714
vt 0.995978 0.099720
vt 0.995978 0.003906
vt 0.988254 0.003912
vt 0.369908 0.949532
vt 0.377458 0.951465
vt 0.377492 0.643704
vt 0.369943 0.641735
vt 0.988155 0.203315
vt 0.995873 0.203319
vt 0.995873 0.107509
vt 0.988155 0.107514
vt 0.199300 0.647625
vt 0.192409 0.640663
vt 0.192407 0.948043
vt 0.199298 0.941086
vt 0.964758 0.845779
vt 0.958948 0.837520
vt 0.958948 0.933088
vt 0.964761 0.924836
vt 0.233921 0.647958
vt 0.227030 0.640995
vt 0.227029 0.948374
vt 0.233919 0.941417
vt 0.979596 0.269782
vt 0.973786 0.261523
vt 0.973785 0.357091
vt 0.979599 0.348839
vt 0.207718 0.656526
vt 0.204585 0.653357
vt 0.204597 0.935355
vt 0.207722 0.932175
vt 0.973509 0.854089
vt 0.969937 0.851689
vt 0.969948 0.918922
vt 0.973507 0.916505
vt 0.242339 0.656858
vt 0.239207 0.653689
vt 0.239218 0.935687
vt 0.242343 0.932508
vt 0.988345 0.278092
vt 0.984774 0.275692
vt 0.984785 0.342925
vt 0.988344 0.340508
vt 0.202361 0.650902
vt 0.202359 0.937814
vt 0.967531 0.849422
vt 0.967538 0.921197
vt 0.236984 0.651234
vt 0.236980 0.938147
vt 0.982368 0.273425
vt 0.982375 0.345199
vt 0.213694 0.662482
vt 0.213692 0.926219
vt 0.978539 0.861144
vt 0.978539 0.909463
vt 0.248315 0.662814
vt 0.248313 0.926552
vt 0.993376 0.285145
vt 0.993377 0.333465
vt 0.314294 0.646185
vt 0.310769 0.645857
vt 0.310746 0.910230
vt 0.314293 0.909856
vt 0.354539 0.646175
vt 0.354764 0.641986
vt 0.314014 0.642017
vt 0.354538 0.909845
vt 0.358064 0.910174
vt 0.358086 0.645800
vt 0.314067 0.914045
vt 0.354819 0.914015
s 1
usemtl Metal_Door
f 4/1/1 2/3/2 1/2/1
f 2/3/2 4/1/1 3/4/2
f 3/4/2 5/5/3 2/3/2
f 5/5/3 3/4/2 6/6/3
f 6/6/3 7/7/4 5/5/3
f 7/7/4 6/6/3 8/8/4
f 8/8/4 9/9/5 7/7/4
f 9/9/5 8/8/4 10/10/5
f 10/10/5 11/11/6 9/9/5
f 11/11/6 10/10/5 12/12/6
f 12/12/6 13/13/7 11/11/6
f 13/13/7 12/12/6 14/14/7
f 14/14/7 15/15/8 13/13/7
f 15/15/8 14/14/7 16/16/8
f 16/16/8 17/17/9 15/15/8
f 17/17/9 16/16/8 18/18/9
f 18/18/9 19/19/10 17/17/9
f 19/19/10 18/18/9 20/20/10
f 20/20/10 21/21/11 19/19/10
f 21/21/11 20/20/10 22/22/11
f 22/22/11 23/23/12 21/21/11
f 23/23/12 22/22/11 24/24/12
f 24/24/12 25/25/13 23/23/12
f 25/25/13 24/24/12 26/26/13
f 26/26/13 27/27/14 25/25/13
f 27/27/14 26/26/13 28/28/15
f 28/28/15 29/29/16 27/27/14
f 29/29/16 28/28/15 30/30/17
f 30/30/17 31/31/18 29/29/16
f 31/31/18 30/30/17 32/32/18
f 32/32/18 33/33/19 31/31/18
f 33/33/19 32/32/18 34/34/19
f 34/35/19 35/37/20 33/36/19
f 35/37/20 34/35/19 36/38/20
f 36/38/20 1/2/1 35/37/20
f 1/2/1 36/38/20 4/1/1
f 2/39/21 37/41/21 1/40/21
f 1/40/21 37/41/21 35/42/21
f 35/42/21 37/41/21 33/43/21
f 33/43/21 37/41/21 31/44/21
f 31/44/21 37/41/21 29/45/21
f 29/45/21 37/41/21 27/46/21
f 27/46/21 37/41/21 25/47/21
f 25/47/21 37/41/21 23/48/21
f 23/48/21 37/41/21 21/49/21
f 21/49/21 37/41/21 19/50/21
f 19/50/21 37/41/21 17/51/21
f 17/51/21 37/41/21 15/52/21
f 15/52/21 37/41/21 13/53/21
f 13/53/21 37/41/21 11/54/21
f 11/54/21 37/41/21 9/55/21
f 9/55/21 37/41/21 7/56/21
f 7/56/21 37/41/21 5/57/21
f 5/57/21 37/41/21 2/39/21
f 4/58/22 38/60/22 3/59/22
f 3/59/22 38/60/22 6/61/22
f 6/61/22 38/60/22 8/62/22
f 8/62/22 38/60/22 10/63/22
f 10/63/22 38/60/22 12/64/22
f 12/64/22 38/60/22 14/65/22
f 14/65/22 38/60/22 16/66/22
f 16/66/22 38/60/22 18/67/22
f 18/67/22 38/60/22 20/68/22
f 20/68/22 38/60/22 22/69/22
f 22/69/22 38/60/22 24/70/22
f 24/70/22 38/60/22 26/71/22
f 26/71/22 38/60/22 28/72/22
f 28/72/22 38/60/22 30/73/22
f 30/73/22 38/60/22 32/74/22
f 32/74/22 38/60/22 34/75/22
f 34/75/22 38/60/22 36/76/22
f 36/76/22 38/60/22 4/58/22
f 42/77/1 40/79/2 39/78/1
f 40/79/2 42/77/1 41/80/2
f 41/80/2 43/81/3 40/79/2
f 43/81/3 41/80/2 44/82/3
f 44/82/3 45/83/4 43/81/3
f 45/83/4 44/82/3 46/84/4
f 46/84/4 47/85/5 45/83/4
f 47/85/5 46/84/4 48/86/5
f 48/86/5 49/87/6 47/85/5
f 49/87/6 48/86/5 50/88/6
f 50/88/6 51/89/7 49/87/6
f 51/89/7 50/88/6 52/90/7
f 52/90/7 53/91/8 51/89/7
f 53/91/8 52/90/7 54/92/8
f 54/92/8 55/93/9 53/91/8
f 55/93/9 54/92/8 56/94/9
f 56/94/9 57/95/10 55/93/9
f 57/95/10 56/94/9 58/96/10
f 58/96/10 59/97/11 57/95/10
f 59/97/11 58/96/10 60/98/11
f 60/98/11 61/99/12 59/97/11
f 61/99/12 60/98/11 62/100/12
f 62/100/12 63/101/13 61/99/12
f 63/101/13 62/100/12 64/102/13
f 64/102/13 65/103/14 63/101/13
f 65/103/14 64/102/13 66/104/14
f 66/104/14 67/105/17 65/103/14
f 67/105/17 66/104/14 68/106/17
f 68/106/17 69/107/18 67/105/17
f 69/107/18 68/106/17 70/108/18
f 70/108/18 71/109/19 69/107/18
f 71/109/19 70/108/18 72/110/19
f 72/110/19 73/111/20 71/109/19
f 73/111/20 72/110/19 74/112/20
f 74/113/20 39/78/1 73/114/20
f 39/78/1 74/113/20 42/77/1
f 40/115/21 75/117/21 39/116/21
f 39/116/21 75/117/21 73/118/21
f 73/118/21 75/117/21 71/119/21
f 71/119/21 75/117/21 69/120/21
f 69/120/21 75/117/21 67/121/21
f 67/121/21 75/117/21 65/122/21
f 65/122/21 75/117/21 63/123/21
f 63/123/21 75/117/21 61/124/21
f 61/124/21 75/117/21 59/125/21
f 59/125/21 75/117/21 57/126/21
f 57/126/21 75/117/21 55/127/21
f 55/127/21 75/117/21 53/128/21
f 53/128/21 75/117/21 51/129/21
f 51/129/21 75/117/21 49/130/21
f 49/130/21 75/117/21 47/131/21
f 47/131/21 75/117/21 45/132/21
f 45/132/21 75/117/21 43/133/21
f 43/133/21 75/117/21 40/115/21
f 42/134/22 76/136/22 41/135/22
f 41/135/22 76/136/22 44/137/22
f 44/137/22 76/136/22 46/138/22
f 46/138/22 76/136/22 48/139/22
f 48/139/22 76/136/22 50/140/22
f 50/140/22 76/136/22 52/141/22
f 52/141/22 76/136/22 54/142/22
f 54/142/22 76/136/22 56/143/22
f 56/143/22 76/136/22 58/144/22
f 58/144/22 76/136/22 60/145/22
f 60/145/22 76/136/22 62/146/22
f 62/146/22 76/136/22 64/147/22
f 64/147/22 76/136/22 66/148/22
f 66/148/22 76/136/22 68/149/22
f 68/149/22 76/136/22 70/150/22
f 70/150/22 76/136/22 72/151/22
f 72/151/22 76/136/22 74/152/22
f 74/152/22 76/136/22 42/134/22
f 80/153/1 78/155/2 77/154/1
f 78/155/2 80/153/1 79/156/2
f 79/156/2 81/157/3 78/155/2
f 81/157/3 79/156/2 82/158/3
f 82/158/3 83/159/4 81/157/3
f 83/159/4 82/158/3 84/160/4
f 84/160/4 85/161/5 83/159/4
f 85/161/5 84/160/4 86/162/5
f 86/162/5 87/163/6 85/161/5
f 87/163/6 86/162/5 88/164/6
f 88/164/6 89/165/7 87/163/6
f 89/165/7 88/164/6 90/166/7
f 90/166/7 91/167/8 89/165/7
f 91/167/8 90/166/7 92/168/8
f 92/168/8 93/169/9 91/167/8
f 93/169/9 92/168/8 94/170/9
f 94/170/9 95/171/10 93/169/9
f 95/171/10 94/170/9 96/172/10
f 96/172/10 97/173/11 95/171/10
f 97/173/11 96/172/10 98/174/11
f 98/174/11 99/175/12 97/173/11
f 99/175/12 98/174/11 100/176/12
f 100/176/12 101/177/13 99/175/12
f 101/177/13 100/176/12 102/178/13
f 102/178/13 103/179/14 101/177/13
f 103/179/14 102/178/13 104/180/15
f 104/180/15 105/181/17 103/179/14
f 105/181/17 104/180/15 106/182/16
f 106/182/16 107/183/18 105/181/17
f 107/183/18 106/182/16 108/184/18
f 108/184/18 109/185/19 107/183/18
f 109/185/19 108/184/18 110/186/19
f 110/187/19 111/189/20 109/188/19
f 111/189/20 110/187/19 112/190/20
f 112/190/20 77/154/1 111/189/20
f 77/154/1 112/190/20 80/153/1
f 78/191/21 113/193/21 77/192/21
f 77/192/21 113/193/21 111/194/21
f 111/194/21 113/193/21 109/195/21
f 109/195/21 113/193/21 107/196/21
f 107/196/21 113/193/21 105/197/21
f 105/197/21 113/193/21 103/198/21
f 103/198/21 113/193/21 101/199/21
f 101/199/21 113/193/21 99/200/21
f 99/200/21 113/193/21 97/201/21
f 97/201/21 113/193/21 95/202/21
f 95/202/21 113/193/21 93/203/21
f 93/203/21 113/193/21 91/204/21
f 91/204/21 113/193/21 89/205/21
f 89/205/21 113/193/21 87/206/21
f 87/206/21 113/193/21 85/207/21
f 85/207/21 113/193/21 83/208/21
f 83/208/21 113/193/21 81/209/21
f 81/209/21 113/193/21 78/191/21
f 80/210/22 114/212/22 79/211/22
f 79/211/22 114/212/22 82/213/22
f 82/213/22 114/212/22 84/214/22
f 84/214/22 114/212/22 86/215/22
f 86/215/22 114/212/22 88/216/22
f 88/216/22 114/212/22 90/217/22
f 90/217/22 114/212/22 92/218/22
f 92/218/22 114/212/22 94/219/22
f 94/219/22 114/212/22 96/220/22
f 96/220/22 114/212/22 98/221/22
f 98/221/22 114/212/22 100/222/22
f 100/222/22 114/212/22 102/223/22
f 102/223/22 114/212/22 104/224/22
f 104/224/22 114/212/22 106/225/22
f 106/225/22 114/212/22 108/226/22
f 108/226/22 114/212/22 110/227/22
f 110/227/22 114/212/22 112/228/22
f 112/228/22 114/212/22 80/210/22
f 118/229/23 116/231/24 115/230/23
f 116/231/24 118/229/23 117/232/24
f 117/232/24 119/233/25 116/231/24
f 119/233/25 117/232/24 120/234/25
f 120/234/25 121/235/26 119/233/25
f 121/235/26 120/234/25 122/236/26
f 122/236/26 123/237/27 121/235/26
f 123/237/27 122/236/26 124/238/28
f 124/238/28 125/239/29 123/237/27
f 125/239/29 124/238/28 126/240/30
f 126/240/30 127/241/31 125/239/29
f 127/241/31 126/240/30 128/242/31
f 128/242/31 129/243/32 127/241/31
f 129/243/32 128/242/31 130/244/32
f 130/244/32 131/245/33 129/243/32
f 131/245/33 130/244/32 132/246/33
f 132/246/33 133/247/34 131/245/33
f 133/247/34 132/246/33 134/248/34
f 134/248/34 135/249/35 133/247/34
f 135/249/35 134/248/34 136/250/35
f 136/250/35 137/251/36 135/249/35
f 137/251/36 136/250/35 138/252/36
f 138/252/36 139/253/37 137/251/36
f 139/253/37 138/252/36 140/254/37
f 140/254/37 141/255/38 139/253/37
f 141/255/38 140/254/37 142/256/39
f 142/257/39 143/259/40 141/258/38
f 143/259/40 142/257/39 144/260/41
f 144/260/41 145/261/42 143/259/40
f 145/261/42 144/260/41 146/262/42
f 146/262/42 147/263/43 145/261/42
f 147/263/43 146/262/42 148/264/43
f 148/264/43 149/265/44 147/263/43
f 149/265/44 148/264/43 150/266/44
f 150/266/44 115/230/23 149/265/44
f 115/230/23 150/266/44 118/229/23
f 118/267/45 151/269/47 117/268/46
f 151/269/47 118/267/45 152/270/48
f 117/268/46 153/272/50 120/271/49
f 153/272/50 117/268/46 151/269/47
f 120/271/49 154/274/52 122/273/51
f 154/274/52 120/271/49 153/272/50
f 122/273/51 155/276/54 124/275/53
f 155/276/54 122/273/51 154/274/52
f 124/275/53 156/278/56 126/277/55
f 156/278/56 124/275/53 155/276/54
f 126/277/55 157/280/58 128/279/57
f 157/280/58 126/277/55 156/278/56
f 128/279/57 158/282/60 130/281/59
f 158/282/60 128/279/57 157/280/58
f 130/281/59 159/284/62 132/283/61
f 159/284/62 130/281/59 158/282/60
f 132/283/61 160/286/64 134/285/63
f 160/286/64 132/283/61 159/284/62
f 134/285/63 161/288/66 136/287/65
f 161/288/66 134/285/63 160/286/64
f 136/287/65 162/290/68 138/289/67
f 162/290/68 136/287/65 161/288/66
f 138/289/67 163/292/70 140/291/69
f 163/292/70 138/289/67 162/290/68
f 140/291/69 164/294/72 142/293/71
f 164/294/72 140/291/69 163/292/70
f 142/295/71 165/297/74 144/296/73
f 165/297/74 142/295/71 164/298/72
f 144/296/73 166/300/76 146/299/75
f 166/300/76 144/296/73 165/297/74
f 146/299/75 167/302/78 148/301/77
f 167/302/78 146/299/75 166/300/76
f 148/301/77 168/304/80 150/303/79
f 168/304/80 148/301/77 167/302/78
f 150/303/79 152/270/48 118/267/45
f 152/270/48 150/303/79 168/304/80
f 151/269/47 170/306/82 169/305/81
f 170/306/82 151/269/47 152/270/48
f 153/272/50 169/305/81 171/307/83
f 169/305/81 153/272/50 151/269/47
f 154/274/52 171/307/83 172/308/84
f 171/307/83 154/274/52 153/272/50
f 155/276/54 172/308/84 173/309/85
f 172/308/84 155/276/54 154/274/52
f 156/278/56 173/309/85 174/310/86
f 173/309/85 156/278/56 155/276/54
f 157/280/58 174/310/86 175/311/87
f 174/310/86 157/280/58 156/278/56
f 158/282/60 175/311/87 176/312/88
f 175/311/87 158/282/60 157/280/58
f 159/284/62 176/312/88 177/313/89
f 176/312/88 159/284/62 158/282/60
f 160/286/64 177/313/89 178/314/90
f 177/313/89 160/286/64 159/284/62
f 161/288/66 178/314/90 179/315/91
f 178/314/90 161/288/66 160/286/64
f 162/290/68 179/315/91 180/316/92
f 179/315/91 162/290/68 161/288/66
f 163/292/70 180/316/92 181/317/93
f 180/316/92 163/292/70 162/290/68
f 164/294/72 181/317/93 182/318/94
f 181/317/93 164/294/72 163/292/70
f 165/297/74 182/320/94 183/319/95
f 182/320/94 165/297/74 164/298/72
f 166/300/76 183/319/95 184/321/96
f 183/319/95 166/300/76 165/297/74
f 167/302/78 184/321/96 185/322/97
f 184/321/96 167/302/78 166/300/76
f 168/304/80 185/322/97 186/323/98
f 185/322/97 168/304/80 167/302/78
f 152/270/48 186/323/98 170/306/82
f 186/323/98 152/270/48 168/304/80
f 188/324/99 169/326/99 170/325/99
f 169/326/99 188/324/99 187/327/99
f 187/327/100 171/328/100 169/326/100
f 171/328/100 187/327/100 189/329/100
f 189/329/101 172/330/102 171/328/101
f 172/330/102 189/329/101 190/331/102
f 190/331/103 173/332/103 172/330/103
f 173/332/103 190/331/103 191/333/103
f 191/333/22 174/334/22 173/332/22
f 174/334/22 191/333/22 192/335/22
f 192/335/104 175/336/104 174/334/104
f 175/336/104 192/335/104 193/337/104
f 193/337/105 176/338/105 175/336/105
f 176/338/105 193/337/105 194/339/105
f 194/339/106 177/340/106 176/338/106
f 177/340/106 194/339/106 195/341/106
f 195/341/107 178/342/107 177/340/107
f 178/342/107 195/341/107 196/343/107
f 196/343/108 179/344/108 178/342/108
f 179/344/108 196/343/108 197/345/108
f 197/345/109 180/346/109 179/344/109
f 180/346/109 197/345/109 198/347/109
f 198/347/110 181/348/110 180/346/110
f 181/348/110 198/347/110 199/349/110
f 199/349/111 182/350/111 181/348/111
f 182/350/111 199/349/111 200/351/111
f 200/352/21 183/354/21 182/353/21
f 183/354/21 200/352/21 201/355/21
f 201/355/112 184/356/112 183/354/112
f 184/356/112 201/355/112 202/357/112
f 202/357/113 185/358/113 184/356/113
f 185/358/113 202/357/113 203/359/113
f 203/359/114 186/360/114 185/358/114
f 186/360/114 203/359/114 204/361/114
f 204/361/115 170/325/115 186/360/115
f 170/325/115 204/361/115 188/324/115
f 206/362/10 187/364/10 188/363/10
f 187/364/10 206/362/10 205/365/10
f 205/365/10 189/366/10 187/364/10
f 189/366/10 205/365/10 207/367/10
f 207/367/10 190/368/10 189/366/10
f 190/368/10 207/367/10 208/369/10
f 208/369/10 191/370/10 190/368/10
f 191/370/10 208/369/10 209/371/10
f 209/371/10 192/372/10 191/370/10
f 192/372/10 209/371/10 210/373/10
f 210/373/10 193/374/10 192/372/10
f 193/374/10 210/373/10 211/375/10
f 211/375/10 194/376/10 193/374/10
f 194/376/10 211/375/10 212/377/10
f 212/377/10 195/378/10 194/376/10
f 195/378/10 212/377/10 213/379/10
f 213/379/10 196/380/10 195/378/10
f 196/380/10 213/379/10 214/381/10
f 214/381/10 197/382/10 196/380/10
f 197/382/10 214/381/10 215/383/10
f 215/383/10 198/384/10 197/382/10
f 198/384/10 215/383/10 216/385/10
f 216/385/10 199/386/10 198/384/10
f 199/386/10 216/385/10 217/387/10
f 217/387/10 200/388/10 199/386/10
f 200/388/10 217/387/10 218/389/10
f 218/390/10 201/392/10 200/391/10
f 201/392/10 218/390/10 219/393/10
f 219/393/10 202/394/10 201/392/10
f 202/394/10 219/393/10 220/395/10
f 220/395/10 203/396/10 202/394/10
f 203/396/10 220/395/10 221/397/10
f 221/397/10 204/398/10 203/396/10
f 204/398/10 221/397/10 222/399/10
f 222/399/10 188/363/10 204/398/10
f 188/363/10 222/399/10 206/362/10
f 224/400/116 205/365/116 206/362/116
f 205/365/116 224/400/116 223/401/116
f 223/401/117 207/367/117 205/365/117
f 207/367/117 223/401/117 225/402/118
f 225/402/119 208/369/119 207/367/119
f 208/369/119 225/402/119 226/403/119
f 226/403/120 209/371/120 208/369/120
f 209/371/120 226/403/120 227/404/120
f 227/404/121 210/373/121 209/371/121
f 210/373/121 227/404/121 228/405/121
f 228/405/122 211/375/122 210/373/122
f 211/375/123 228/405/123 229/406/123
f 229/406/124 212/377/124 211/375/124
f 212/377/125 229/406/125 230/407/125
f 230/407/126 213/379/126 212/377/126
f 213/379/127 230/407/127 231/408/127
f 231/408/128 214/381/128 213/379/128
f 214/381/128 231/408/128 232/409/128
f 232/409/129 215/383/130 214/381/129
f 215/383/130 232/409/129 233/410/130
f 233/410/131 216/385/131 215/383/131
f 216/385/131 233/410/131 234/411/131
f 234/411/132 217/387/132 216/385/132
f 217/387/132 234/411/132 235/412/132
f 235/412/133 218/389/134 217/387/133
f 218/389/134 235/412/133 236/413/135
f 236/414/136 219/393/136 218/390/136
f 219/393/136 236/414/136 237/415/136
f 237/415/137 220/395/137 219/393/137
f 220/395/138 237/415/138 238/416/138
f 238/416/139 221/397/139 220/395/139
f 221/397/140 238/416/140 239/417/140
f 239/417/141 222/399/141 221/397/141
f 222/399/141 239/417/141 240/418/141
f 240/418/142 206/362/143 222/399/142
f 206/362/143 240/418/142 224/400/143
f 242/419/144 233/421/146 232/420/145
f 233/421/146 242/419/144 241/422/147
f 241/422/147 234/423/148 233/421/146
f 234/423/148 241/422/147 243/424/149
f 243/424/149 235/425/150 234/423/148
f 235/425/150 243/424/149 244/426/151
f 244/426/151 236/427/152 235/425/150
f 236/427/152 244/426/151 245/428/153
f 245/429/153 246/431/154 236/430/152
f 246/431/154 245/429/153 247/432/155
f 247/432/155 238/433/156 246/431/154
f 238/433/156 247/432/155 248/434/157
f 248/434/157 249/435/158 238/433/156
f 249/435/158 248/434/157 250/436/159
f 250/436/159 240/437/160 249/435/158
f 240/437/161 250/436/159 251/438/162
f 251/438/162 224/439/163 240/437/161
f 224/439/163 251/438/162 252/440/164
f 252/440/164 223/441/165 224/439/163
f 223/441/165 252/440/164 253/442/166
f 253/442/166 225/443/167 223/441/165
f 225/443/167 253/442/166 254/444/168
f 254/444/168 226/445/169 225/443/167
f 226/445/169 254/444/168 255/446/170
f 255/446/170 256/447/171 226/445/169
f 256/447/171 255/446/170 257/448/172
f 257/448/172 258/449/173 256/447/171
f 258/449/173 257/448/172 259/450/174
f 259/450/174 229/451/175 258/449/173
f 229/451/175 259/450/174 260/452/176
f 260/452/176 261/453/177 229/451/175
f 261/453/177 260/452/176 262/454/178
f 262/454/178 263/455/179 261/453/177
f 263/455/179 262/454/178 264/456/180
f 264/456/180 232/420/145 263/455/179
f 232/420/145 264/456/180 242/419/144
f 266/457/181 241/422/147 242/419/144
f 241/422/147 266/457/181 265/458/182
f 265/458/182 243/424/149 241/422/147
f 243/424/149 265/458/182 267/459/183
f 267/459/183 244/426/151 243/424/149
f 244/426/151 267/459/183 268/460/184
f 268/460/184 245/428/153 244/426/151
f 245/428/153 268/460/184 269/461/185
f 269/462/185 247/432/155 245/429/153
f 247/432/155 269/462/185 270/463/186
f 270/463/186 248/434/157 247/432/155
f 248/434/157 270/463/186 271/464/187
f 271/464/187 250/436/159 248/434/157
f 250/436/159 271/464/187 272/465/188
f 272/465/188 251/438/162 250/436/159
f 251/438/162 272/465/188 273/466/189
f 273/466/189 252/440/164 251/438/162
f 252/440/164 273/466/189 274/467/190
f 274/467/190 253/442/166 252/440/164
f 253/442/166 274/467/190 275/468/191
f 275/468/191 254/444/168 253/442/166
f 254/444/168 275/468/191 276/469/192
f 276/469/192 255/446/170 254/444/168
f 255/446/170 276/469/192 277/470/193
f 277/470/193 257/448/172 255/446/170
f 257/448/172 277/470/193 278/471/194
f 278/471/194 259/450/174 257/448/172
f 259/450/174 278/471/194 279/472/195
f 279/472/195 260/452/176 259/450/174
f 260/452/176 279/472/195 280/473/196
f 280/473/196 262/454/178 260/452/176
f 262/454/178 280/473/196 281/474/197
f 281/474/197 264/456/180 262/454/178
f 264/456/180 281/474/197 282/475/198
f 282/475/198 242/419/144 264/456/180
f 242/419/144 282/475/198 266/457/181
f 284/476/199 265/458/182 266/457/181
f 265/458/182 284/476/199 283/477/200
f 283/477/200 267/459/183 265/458/182
f 267/459/183 283/477/200 285/478/201
f 285/478/201 268/460/184 267/459/183
f 268/460/184 285/478/201 286/479/202
f 286/479/202 269/461/185 268/460/184
f 269/461/185 286/479/202 287/480/203
f 287/481/203 270/463/186 269/462/185
f 270/463/186 287/481/203 288/482/204
f 288/482/204 271/464/187 270/463/186
f 271/464/187 288/482/204 289/483/205
f 289/483/205 272/465/188 271/464/187
f 272/465/188 289/483/205 290/484/206
f 290/484/206 273/466/189 272/465/188
f 273/466/189 290/484/206 291/485/207
f 291/485/207 274/467/190 273/466/189
f 274/467/190 291/485/207 292/486/208
f 292/486/208 275/468/191 274/467/190
f 275/468/191 292/486/208 293/487/209
f 293/487/209 276/469/192 275/468/191
f 276/469/192 293/487/209 294/488/210
f 294/488/210 277/470/193 276/469/192
f 277/470/193 294/488/210 295/489/211
f 295/489/211 278/471/194 277/470/193
f 278/471/194 295/489/211 296/490/212
f 296/490/212 279/472/195 278/471/194
f 279/472/195 296/490/212 297/491/213
f 297/491/213 280/473/196 279/472/195
f 280/473/196 297/491/213 298/492/214
f 298/492/214 281/474/197 280/473/196
f 281/474/197 298/492/214 299/493/215
f 299/493/215 282/475/198 281/474/197
f 282/475/198 299/493/215 300/494/216
f 300/494/216 266/457/181 282/475/198
f 266/457/181 300/494/216 284/476/199
f 302/495/34 283/477/200 284/476/199
f 283/477/200 302/495/34 301/496/35
f 301/496/35 285/478/201 283/477/200
f 285/478/201 301/496/35 303/497/36
f 303/497/36 286/479/202 285/478/201
f 286/479/202 303/497/36 304/498/37
f 304/498/37 287/480/203 286/479/202
f 287/480/203 304/498/37 305/499/38
f 305/500/38 288/482/204 287/481/203
f 288/482/204 305/500/38 306/501/40
f 306/501/40 289/483/205 288/482/204
f 289/483/205 306/501/40 307/502/42
f 307/502/42 290/484/206 289/483/205
f 290/484/206 307/502/42 308/503/217
f 312/504/218 310/506/218 309/505/218
f 310/506/218 312/504/218 311/507/218
f 311/507/218 313/508/218 310/506/218
f 313/508/218 311/507/218 314/509/218
f 314/509/218 315/510/218 313/508/218
f 315/510/218 314/509/218 316/511/218
f 316/511/218 317/512/218 315/510/218
f 317/512/218 316/511/218 318/513/218
f 320/514/219 295/489/211 294/488/210
f 295/489/211 320/514/219 319/515/26
f 319/515/26 296/490/212 295/489/211
f 296/490/212 319/515/26 321/516/28
f 321/516/28 297/491/213 296/490/212
f 297/491/213 321/516/28 322/517/29
f 322/517/29 298/492/214 297/491/213
f 298/492/214 322/517/29 323/518/31
f 323/518/31 299/493/215 298/492/214
f 299/493/215 323/518/31 324/519/32
f 324/519/32 300/494/216 299/493/215
f 300/494/216 324/519/32 325/520/33
f 325/520/33 284/476/199 300/494/216
f 284/476/199 325/520/33 302/495/34
f 290/521/1 326/523/220 291/522/1
f 326/523/220 290/521/1 327/524/221
f 291/522/1 328/526/220 292/525/1
f 328/526/220 291/522/1 326/523/220
f 328/526/220 293/527/1 292/525/1
f 293/527/1 328/526/220 329/528/220
f 329/528/220 294/529/1 293/527/1
f 294/529/1 329/528/220 330/530/221
f 294/531/210 331/533/222 320/532/219
f 331/533/222 294/531/210 330/534/223
f 320/535/10 333/537/224 332/536/10
f 333/537/224 320/535/10 331/538/225
f 332/536/10 335/540/224 334/539/10
f 335/540/224 332/536/10 333/537/224
f 335/540/224 336/541/10 334/539/10
f 336/541/10 335/540/224 337/542/224
f 337/542/224 308/543/10 336/541/10
f 308/543/10 337/542/224 338/544/225
f 308/545/217 327/547/226 290/546/206
f 327/547/226 308/545/217 338/548/227
f 302/549/10 339/551/10 301/550/10
f 301/550/10 339/551/10 303/552/10
f 303/552/10 339/551/10 304/553/10
f 304/553/10 339/551/10 305/554/10
f 305/554/10 339/551/10 306/555/10
f 306/555/10 339/551/10 307/556/10
f 307/556/10 339/551/10 308/543/10
f 308/543/10 339/551/10 336/541/10
f 336/541/10 339/551/10 334/539/10
f 334/539/10 339/551/10 332/536/10
f 332/536/10 339/551/10 320/535/10
f 320/535/10 339/551/10 319/557/10
f 319/557/10 339/551/10 321/558/10
f 321/558/10 339/551/10 322/559/10
f 322/559/10 339/551/10 323/560/10
f 323/560/10 339/551/10 324/561/10
f 324/561/10 339/551/10 325/562/10
f 325/562/10 339/551/10 302/549/10
f 327/524/221 340/563/228 326/523/220
f 340/563/228 327/524/221 341/564/229
f 326/523/220 342/565/228 328/526/220
f 342/565/228 326/523/220 340/563/228
f 329/528/220 342/565/228 343/566/228
f 342/565/228 329/528/220 328/526/220
f 330/530/221 343/566/228 344/567/229
f 343/566/228 330/530/221 329/528/220
f 331/533/222 344/569/231 345/568/230
f 344/569/231 331/533/222 330/534/223
f 331/538/225 346/570/232 333/537/224
f 346/570/232 331/538/225 345/571/233
f 333/537/224 347/572/232 335/540/224
f 347/572/232 333/537/224 346/570/232
f 337/542/224 347/572/232 348/573/232
f 347/572/232 337/542/224 335/540/224
f 338/544/225 348/573/232 349/574/233
f 348/573/232 338/544/225 337/542/224
f 338/548/227 341/575/234 327/547/226
f 341/575/234 338/548/227 349/576/235
f 341/564/229 310/577/236 340/563/228
f 310/577/236 341/564/229 309/578/236
f 340/563/228 313/579/236 342/565/228
f 313/579/236 340/563/228 310/577/236
f 343/566/228 313/579/236 315/580/236
f 313/579/236 343/566/228 342/565/228
f 344/567/229 315/580/236 317/581/236
f 315/580/236 344/567/229 343/566/228
f 345/568/230 317/583/237 318/582/237
f 317/583/237 345/568/230 344/569/231
f 345/571/233 316/584/238 346/570/232
f 316/584/238 345/571/233 318/585/238
f 346/570/232 314/586/238 347/572/232
f 314/586/238 346/570/232 316/584/238
f 348/573/232 314/586/238 311/587/238
f 314/586/238 348/573/232 347/572/232
f 349/574/233 311/587/238 312/588/238
f 311/587/238 349/574/233 348/573/232
f 349/576/235 309/505/239 341/575/234
f 309/505/239 349/576/235 312/504/239
f 353/589/240 351/591/241 350/590/240
f 351/591/241 353/589/240 352/592/241
f 352/592/241 354/593/242 351/591/241
f 354/593/242 352/592/241 355/594/242
f 355/594/242 356/595/243 354/593/242
f 356/595/243 355/594/242 357/596/243
f 357/596/243 358/597/244 356/595/243
f 358/597/244 357/596/243 359/598/244
f 359/598/244 360/599/245 358/597/244
f 360/599/245 359/598/244 361/600/245
f 361/600/245 362/601/246 360/599/245
f 362/601/246 361/600/245 363/602/247
f 363/602/247 364/603/248 362/601/246
f 364/603/248 363/602/247 365/604/248
f 365/604/248 366/605/249 364/603/248
f 366/605/249 365/604/248 367/606/249
f 367/606/249 368/607/250 366/605/249
f 368/607/250 367/606/249 369/608/250
f 369/608/250 370/609/251 368/607/250
f 370/609/251 369/608/250 371/610/251
f 371/610/251 372/611/252 370/609/251
f 372/611/252 371/610/251 373/612/252
f 373/612/252 374/613/253 372/611/252
f 374/613/253 373/612/252 375/614/253
f 375/614/253 376/615/254 374/613/253
f 376/615/254 375/614/253 377/616/254
f 377/616/254 378/617/255 376/615/254
f 378/617/255 377/616/254 379/618/256
f 379/619/256 380/621/257 378/620/255
f 380/621/257 379/619/256 381/622/258
f 381/622/258 382/623/259 380/621/257
f 382/623/259 381/622/258 383/624/259
f 383/624/259 384/625/260 382/623/259
f 384/625/260 383/624/259 385/626/260
f 385/626/260 350/590/240 384/625/260
f 350/590/240 385/626/260 353/589/240
f 387/627/10 352/629/10 353/628/10
f 352/629/10 387/627/10 386/630/10
f 386/630/10 355/631/10 352/629/10
f 355/631/10 386/630/10 388/632/10
f 388/632/10 357/633/10 355/631/10
f 357/633/10 388/632/10 389/634/10
f 389/634/10 359/635/10 357/633/10
f 359/635/10 389/634/10 390/636/10
f 390/636/10 361/637/10 359/635/10
f 361/637/10 390/636/10 391/638/10
f 391/638/10 363/639/10 361/637/10
f 363/639/10 391/638/10 392/640/10
f 392/640/10 365/641/10 363/639/10
f 365/641/10 392/640/10 393/642/10
f 393/642/10 367/643/10 365/641/10
f 367/643/10 393/642/10 394/644/10
f 394/644/10 369/645/10 367/643/10
f 369/645/10 394/644/10 395/646/10
f 395/646/10 371/647/10 369/645/10
f 371/647/10 395/646/10 396/648/10
f 396/648/10 373/649/10 371/647/10
f 373/649/10 396/648/10 397/650/10
f 397/650/10 375/651/10 373/649/10
f 375/651/10 397/650/10 398/652/10
f 398/652/10 377/653/10 375/651/10
f 377/653/10 398/652/10 399/654/10
f 399/654/10 379/655/10 377/653/10
f 379/655/10 399/654/10 400/656/10
f 400/656/10 381/657/10 379/655/10
f 381/657/10 400/656/10 401/658/10
f 401/658/10 383/659/10 381/657/10
f 383/659/10 401/658/10 402/660/10
f 402/660/10 385/661/10 383/659/10
f 385/661/10 402/660/10 403/662/10
f 403/662/10 353/628/10 385/661/10
f 353/628/10 403/662/10 387/627/10
f 405/663/34 386/665/35 387/664/34
f 386/665/35 405/663/34 404/666/35
f 404/666/35 388/667/36 386/665/35
f 388/667/36 404/666/35 406/668/36
f 406/668/36 389/669/37 388/667/36
f 389/669/37 406/668/36 407/670/37
f 407/670/37 390/671/38 389/669/37
f 390/671/38 407/670/37 408/672/38
f 408/672/38 391/673/41 390/671/38
f 391/673/41 408/672/38 409/674/41
f 409/675/41 392/677/42 391/676/41
f 392/677/42 409/675/41 410/678/42
f 410/678/42 393/679/261 392/677/42
f 393/679/261 410/678/42 411/680/43
f 411/680/43 394/681/44 393/679/261
f 394/681/44 411/680/43 412/682/44
f 412/682/44 395/683/23 394/681/44
f 395/683/23 412/682/44 413/684/23
f 413/684/23 396/685/24 395/683/23
f 396/685/24 413/684/23 414/686/24
f 414/686/24 397/687/25 396/685/24
f 397/687/25 414/686/24 415/688/25
f 415/688/25 398/689/26 397/687/25
f 398/689/26 415/688/25 416/690/26
f 416/690/26 399/691/27 398/689/26
f 399/691/27 416/690/26 417/692/27
f 417/692/27 400/693/30 399/691/27
f 400/693/30 417/692/27 418/694/30
f 418/695/30 401/697/31 400/696/30
f 401/697/31 418/695/30 419/698/31
f 419/698/31 402/699/32 401/697/31
f 402/699/32 419/698/31 420/700/32
f 420/700/32 403/701/33 402/699/32
f 403/701/33 420/700/32 421/702/33
f 421/702/33 387/664/34 403/701/33
f 387/664/34 421/702/33 405/663/34
f 423/703/10 404/705/10 405/704/10
f 404/705/10 423/703/10 422/706/10
f 422/706/10 406/707/10 404/705/10
f 406/707/10 422/706/10 424/708/10
f 424/708/10 407/709/10 406/707/10
f 407/709/10 424/708/10 425/710/10
f 425/710/10 408/711/10 407/709/10
f 408/711/10 425/710/10 426/712/10
f 426/712/10 409/713/10 408/711/10
f 409/713/10 426/712/10 427/714/10
f 427/714/10 410/715/10 409/713/10
f 410/715/10 427/714/10 428/716/10
f 428/716/10 411/717/10 410/715/10
f 411/717/10 428/716/10 429/718/10
f 429/718/10 412/719/10 411/717/10
f 412/719/10 429/718/10 430/720/10
f 430/720/10 413/721/10 412/719/10
f 413/721/10 430/720/10 431/722/10
f 431/722/10 414/723/10 413/721/10
f 414/723/10 431/722/10 432/724/10
f 432/724/10 415/725/10 414/723/10
f 415/725/10 432/724/10 433/726/10
f 433/726/10 416/727/10 415/725/10
f 416/727/10 433/726/10 434/728/10
f 434/728/10 417/729/10 416/727/10
f 417/729/10 434/728/10 435/730/10
f 435/730/10 418/731/10 417/729/10
f 418/731/10 435/730/10 436/732/10
f 436/732/10 419/733/10 418/731/10
f 419/733/10 436/732/10 437/734/10
f 437/734/10 420/735/10 419/733/10
f 420/735/10 437/734/10 438/736/10
f 438/736/10 421/737/10 420/735/10
f 421/737/10 438/736/10 439/738/10
f 439/738/10 405/704/10 421/737/10
f 405/704/10 439/738/10 423/703/10
f 441/739/23 422/741/24 423/740/23
f 422/741/24 441/739/23 440/742/24
f 440/742/24 424/743/262 422/741/24
f 424/743/262 440/742/24 442/744/262
f 442/744/262 425/745/26 424/743/262
f 425/745/26 442/744/262 443/746/26
f 443/746/26 426/747/27 425/745/26
f 426/747/27 443/746/26 444/748/28
f 444/748/28 427/749/30 426/747/27
f 427/749/30 444/748/28 445/750/30
f 445/751/30 428/753/31 427/752/30
f 428/753/31 445/751/30 446/754/31
f 446/754/31 429/755/263 428/753/31
f 429/755/263 446/754/31 447/756/263
f 447/756/263 430/757/33 429/755/263
f 430/757/33 447/756/263 448/758/33
f 448/758/33 431/759/34 430/757/33
f 431/759/34 448/758/33 449/760/34
f 449/760/34 432/761/35 431/759/34
f 432/761/35 449/760/34 450/762/35
f 450/762/35 433/763/264 432/761/35
f 433/763/264 450/762/35 451/764/264
f 451/764/264 434/765/37 433/763/264
f 434/765/37 451/764/264 452/766/37
f 452/766/37 435/767/38 434/765/37
f 435/767/38 452/766/37 453/768/38
f 453/768/38 436/769/40 435/767/38
f 436/769/40 453/768/38 454/770/40
f 454/771/40 437/773/42 436/772/40
f 437/773/42 454/771/40 455/774/42
f 455/774/42 438/775/43 437/773/42
f 438/775/43 455/774/42 456/776/43
f 456/776/43 439/777/44 438/775/43
f 439/777/44 456/776/43 457/778/44
f 457/778/44 423/740/23 439/777/44
f 423/740/23 457/778/44 441/739/23
f 459/779/10 440/781/10 441/780/10
f 440/781/10 459/779/10 458/782/10
f 458/782/10 442/783/10 440/781/10
f 442/783/10 458/782/10 460/784/10
f 460/784/10 443/785/10 442/783/10
f 443/785/10 460/784/10 461/786/10
f 461/786/10 444/787/10 443/785/10
f 444/787/10 461/786/10 462/788/10
f 462/788/10 445/789/10 444/787/10
f 445/789/10 462/788/10 463/790/10
f 463/790/10 446/791/10 445/789/10
f 446/791/10 463/790/10 464/792/10
f 464/792/10 447/793/10 446/791/10
f 447/793/10 464/792/10 465/794/10
f 465/794/10 448/795/10 447/793/10
f 448/795/10 465/794/10 466/796/10
f 466/796/10 449/797/10 448/795/10
f 449/797/10 466/796/10 467/798/10
f 467/798/10 450/799/10 449/797/10
f 450/799/10 467/798/10 468/800/10
f 468/800/10 451/801/10 450/799/10
f 451/801/10 468/800/10 469/802/10
f 469/802/10 452/803/10 451/801/10
f 452/803/10 469/802/10 470/804/10
f 470/804/10 453/805/10 452/803/10
f 453/805/10 470/804/10 471/806/10
f 471/806/10 454/807/10 453/805/10
f 454/807/10 471/806/10 472/808/10
f 472/808/10 455/809/10 454/807/10
f 455/809/10 472/808/10 473/810/10
f 473/810/10 456/811/10 455/809/10
f 456/811/10 473/810/10 474/812/10
f 474/812/10 457/813/10 456/811/10
f 457/813/10 474/812/10 475/814/10
f 475/814/10 441/780/10 457/813/10
f 441/780/10 475/814/10 459/779/10
f 477/815/34 458/817/35 459/816/34
f 458/817/35 477/815/34 476/818/35
f 476/818/35 460/819/36 458/817/35
f 460/819/36 476/818/35 478/820/36
f 478/820/36 461/821/37 460/819/36
f 461/821/37 478/820/36 479/822/37
f 479/822/37 462/823/38 461/821/37
f 462/823/38 479/822/37 480/824/38
f 480/824/38 463/825/40 462/823/38
f 463/825/40 480/824/38 481/826/40
f 481/826/40 464/827/42 463/825/40
f 464/827/42 481/826/40 482/828/42
f 482/828/42 465/829/43 464/827/42
f 465/829/43 482/828/42 483/830/43
f 483/830/43 466/831/44 465/829/43
f 466/831/44 483/830/43 484/832/44
f 484/832/44 467/833/23 466/831/44
f 467/833/23 484/832/44 485/834/23
f 485/834/23 468/835/24 467/833/23
f 468/835/24 485/834/23 486/836/24
f 486/836/24 469/837/25 468/835/24
f 469/837/25 486/836/24 487/838/25
f 487/838/25 470/839/26 469/837/25
f 470/839/26 487/838/25 488/840/26
f 488/840/26 471/841/28 470/839/26
f 471/841/28 488/840/26 489/842/28
f 489/842/28 472/843/29 471/841/28
f 472/843/29 489/842/28 490/844/29
f 490/844/29 473/845/31 472/843/29
f 473/845/31 490/844/29 491/846/31
f 491/846/31 474/847/32 473/845/31
f 474/847/32 491/846/31 492/848/32
f 492/848/32 475/849/33 474/847/32
f 475/849/33 492/848/32 493/850/33
f 493/850/33 459/816/34 475/849/33
f 459/816/34 493/850/33 477/815/34
f 495/851/265 476/853/267 477/852/266
f 476/853/267 495/851/265 494/854/268
f 494/854/268 478/855/269 476/853/267
f 478/855/269 494/854/268 496/856/270
f 496/856/270 479/857/271 478/855/269
f 479/857/271 496/856/270 497/858/272
f 497/858/272 480/859/273 479/857/271
f 480/859/273 497/858/272 498/860/274
f 498/860/274 481/861/275 480/859/273
f 481/861/275 498/860/274 499/862/276
f 499/862/276 482/863/277 481/861/275
f 482/863/277 499/862/276 500/864/278
f 500/864/278 483/865/279 482/863/277
f 483/865/279 500/864/278 501/866/280
f 501/866/280 484/867/281 483/865/279
f 484/867/281 501/866/280 502/868/282
f 502/868/282 485/869/283 484/867/281
f 485/869/283 502/868/282 503/870/284
f 503/870/284 486/871/285 485/869/283
f 486/871/285 503/870/284 504/872/286
f 504/872/286 487/873/287 486/871/285
f 487/873/287 504/872/286 505/874/288
f 505/874/288 488/875/289 487/873/287
f 488/875/289 505/874/288 506/876/290
f 506/876/290 489/877/291 488/875/289
f 489/877/291 506/876/290 507/878/292
f 507/878/292 490/879/293 489/877/291
f 490/879/293 507/878/292 508/880/294
f 508/880/294 491/881/295 490/879/293
f 491/881/295 508/880/294 509/882/296
f 509/882/296 492/883/297 491/881/295
f 492/883/297 509/882/296 510/884/298
f 510/884/298 493/885/299 492/883/297
f 493/885/299 510/884/298 511/886/300
f 511/886/300 477/852/266 493/885/299
f 477/852/266 511/886/300 495/851/265
f 513/887/301 494/854/268 495/851/265
f 494/854/268 513/887/301 512/888/302
f 512/888/302 496/856/270 494/854/268
f 496/856/270 512/888/302 514/889/303
f 514/889/303 497/858/272 496/856/270
f 497/858/272 514/889/303 515/890/304
f 515/890/304 498/860/274 497/858/272
f 498/860/274 515/890/304 516/891/305
f 516/891/305 499/862/276 498/860/274
f 499/862/276 516/891/305 517/892/306
f 517/892/306 500/864/278 499/862/276
f 500/864/278 517/892/306 518/893/307
f 518/893/307 501/866/280 500/864/278
f 501/866/280 518/893/307 519/894/308
f 519/894/308 502/868/282 501/866/280
f 502/868/282 519/894/308 520/895/309
f 520/895/309 503/870/284 502/868/282
f 503/870/284 520/895/309 521/896/310
f 521/896/310 504/872/286 503/870/284
f 504/872/286 521/896/310 522/897/311
f 522/897/311 505/874/288 504/872/286
f 505/874/288 522/897/311 523/898/312
f 523/898/312 506/876/290 505/874/288
f 506/876/290 523/898/312 524/899/313
f 524/899/313 507/878/292 506/876/290
f 507/878/292 524/899/313 525/900/314
f 525/900/314 508/880/294 507/878/292
f 508/880/294 525/900/314 526/901/315
f 526/901/315 509/882/296 508/880/294
f 509/882/296 526/901/315 527/902/316
f 527/902/316 510/884/298 509/882/296
f 510/884/298 527/902/316 528/903/317
f 528/903/317 511/886/300 510/884/298
f 511/886/300 528/903/317 529/904/318
f 529/904/318 495/851/265 511/886/300
f 495/851/265 529/904/318 513/887/301
f 531/905/34 512/907/35 513/906/34
f 512/907/35 531/905/34 530/908/35
f 530/908/35 514/909/264 512/907/35
f 514/909/264 530/908/35 532/910/36
f 532/910/36 515/911/37 514/909/264
f 515/911/37 532/910/36 533/912/37
f 533/912/37 516/913/38 515/911/37
f 516/913/38 533/912/37 534/914/39
f 534/914/39 517/915/40 516/913/38
f 517/915/40 534/914/39 535/916/41
f 535/917/41 518/919/42 517/918/40
f 518/919/42 535/917/41 536/920/42
f 536/920/42 519/921/43 518/919/42
f 519/921/43 536/920/42 537/922/43
f 537/922/43 520/923/44 519/921/43
f 520/923/44 537/922/43 538/924/44
f 538/924/44 521/925/23 520/923/44
f 521/925/23 538/924/44 539/926/23
f 539/926/23 522/927/319 521/925/23
f 522/927/319 539/926/23 540/928/24
f 540/928/24 523/929/25 522/927/319
f 523/929/25 540/928/24 541/930/320
f 541/930/320 524/931/26 523/929/25
f 524/931/26 541/930/320 542/932/26
f 542/932/26 525/933/27 524/931/26
f 525/933/27 542/932/26 543/934/27
f 543/934/27 526/935/30 525/933/27
f 526/935/30 543/934/27 544/936/30
f 544/937/30 527/939/31 526/938/30
f 527/939/31 544/937/30 545/940/31
f 545/940/31 528/941/321 527/939/31
f 528/941/321 545/940/31 546/942/263
f 546/942/263 529/943/33 528/941/321
f 529/943/33 546/942/263 547/944/33
f 547/944/33 513/906/34 529/943/33
f 513/906/34 547/944/33 531/905/34
f 531/945/10 548/947/10 530/946/10
f 530/946/10 548/947/10 532/948/10
f 532/948/10 548/947/10 533/949/10
f 533/949/10 548/947/10 534/950/10
f 534/950/10 548/947/10 535/951/10
f 535/951/10 548/947/10 536/952/10
f 536/952/10 548/947/10 537/953/10
f 537/953/10 548/947/10 538/954/10
f 538/954/10 548/947/10 539/955/10
f 539/955/10 548/947/10 540/956/10
f 540/956/10 548/947/10 541/957/10
f 541/957/10 548/947/10 542/958/10
f 542/958/10 548/947/10 543/959/10
f 543/959/10 548/947/10 544/960/10
f 544/960/10 548/947/10 545/961/10
f 545/961/10 548/947/10 546/962/10
f 546/962/10 548/947/10 547/963/10
f 547/963/10 548/947/10 531/945/10
f 552/964/34 550/966/34 549/965/34
f 550/966/34 552/964/34 551/967/34
f 556/968/23 554/970/23 553/969/23
f 554/970/23 556/968/23 555/971/23
f 552/972/22 553/974/22 551/973/22
f 553/974/22 552/972/22 556/975/22
f 560/976/23 558/978/23 557/977/23
f 558/978/23 560/976/23 559/979/23
f 564/980/34 562/982/34 561/981/34
f 562/982/34 564/980/34 563/983/34
f 560/984/21 563/986/21 564/985/21
f 563/986/21 560/984/21 557/987/21
f 558/988/21 549/990/21 550/989/21
f 549/990/21 558/988/21 559/991/21
f 557/992/10 550/994/10 551/993/10
f 550/994/10 557/992/10 558/995/10
f 559/996/1 552/998/1 549/997/1
f 552/998/1 559/996/1 560/999/1
f 562/1000/10 553/1002/10 554/1001/10
f 553/1002/10 562/1000/10 563/1003/10
f 561/1004/21 554/1006/21 555/1005/21
f 554/1006/21 561/1004/21 562/1007/21
f 564/1008/1 555/1010/1 556/1009/1
f 555/1010/1 564/1008/1 561/1011/1
f 563/1012/10 551/1014/10 553/1013/10
f 551/1014/10 563/1012/10 557/1015/10
f 560/1016/1 556/1018/1 552/1017/1
f 556/1018/1 560/1016/1 564/1019/1
f 560/1020/1 566/1022/1 565/1021/1
f 566/1022/1 560/1020/1 559/1023/1
f 559/1024/21 567/1026/21 566/1025/21
f 567/1026/21 559/1024/21 568/1027/21
f 568/1028/10 570/1030/10 569/1029/10
f 570/1030/10 568/1028/10 571/1031/10
f 571/1032/10 572/1034/10 570/1033/10
f 572/1034/10 571/1032/10 573/1035/10
f 573/1036/10 574/1038/10 572/1037/10
f 574/1038/10 573/1036/10 575/1039/10
f 575/1040/21 577/1042/21 576/1041/21
f 577/1042/21 575/1040/21 561/1043/21
f 561/1044/1 578/1046/1 577/1045/1
f 578/1046/1 561/1044/1 564/1047/1
f 564/1048/1 565/1050/1 578/1049/1
f 565/1050/1 564/1048/1 560/1051/1
f 567/1052/21 568/1054/21 569/1053/21
f 569/1055/23 579/1057/23 567/1056/23
f 579/1057/23 569/1055/23 570/1058/23
f 570/1059/21 580/1061/21 579/1060/21
f 580/1061/21 570/1059/21 572/1062/21
f 572/1063/34 576/1065/34 580/1064/34
f 576/1065/34 572/1063/34 574/1066/34
f 576/1067/21 574/1069/21 575/1068/21
f 565/1070/23 567/1072/23 579/1071/23
f 567/1072/23 565/1070/23 566/1073/23
f 565/1074/21 580/1076/21 578/1075/21
f 580/1076/21 565/1074/21 579/1077/21
f 578/1078/34 576/1080/34 577/1079/34
f 576/1080/34 578/1078/34 580/1081/34
f 584/1082/34 582/1084/34 581/1083/34
f 582/1084/34 584/1082/34 583/1085/34
f 586/1086/21 582/1088/21 585/1087/21
f 582/1088/21 586/1086/21 581/1089/21
f 586/1090/1 584/1092/1 581/1091/1
f 584/1092/1 586/1090/1 587/1093/1
f 585/1094/10 589/1096/10 588/1095/10
f 589/1096/10 585/1094/10 590/1097/10
f 582/1098/10 590/1097/10 585/1094/10
f 590/1097/10 582/1098/10 591/1099/10
f 583/1100/10 591/1099/10 582/1098/10
f 591/1099/10 583/1100/10 592/1101/10
f 588/1095/10 592/1101/10 583/1100/10
f 592/1101/10 588/1095/10 589/1096/10
f 585/1102/23 587/1104/23 586/1103/23
f 587/1104/23 585/1102/23 588/1105/23
f 588/1106/322 584/1108/322 587/1107/322
f 584/1108/322 588/1106/322 583/1109/322
f 596/1110/323 594/1112/325 593/1111/324
f 594/1112/325 596/1110/323 595/1113/326
f 600/1114/327 598/1116/329 597/1115/328
f 598/1116/329 600/1114/327 599/1117/330
f 604/1118/331 602/1120/333 601/1119/332
f 602/1120/333 604/1118/331 603/1121/334
f 608/1122/335 606/1124/337 605/1123/336
f 606/1124/337 608/1122/335 607/1125/338
f 593/1126/339 610/1128/341 609/1127/340
f 610/1128/341 593/1126/339 594/1129/342
f 597/1130/343 612/1132/345 611/1131/344
f 612/1132/345 597/1130/343 598/1133/346
f 602/1134/347 614/1136/349 613/1135/348
f 614/1136/349 602/1134/347 603/1137/350
f 605/1138/351 616/1140/353 615/1139/352
f 616/1140/353 605/1138/351 606/1141/354
f 620/1142/355 618/1144/357 617/1143/356
f 618/1144/357 620/1142/355 619/1145/358
f 624/1146/359 622/1148/361 621/1147/360
f 622/1148/361 624/1146/359 623/1149/362
f 628/1150/363 626/1152/365 625/1151/364
f 626/1152/365 628/1150/363 627/1153/366
f 632/1154/367 630/1156/369 629/1155/368
f 630/1156/369 632/1154/367 631/1157/370
f 609/1127/340 634/1159/372 633/1158/371
f 634/1159/372 609/1127/340 610/1128/341
f 611/1131/344 636/1161/374 635/1160/373
f 636/1161/374 611/1131/344 612/1132/345
f 613/1135/348 638/1163/376 637/1162/375
f 638/1163/376 613/1135/348 614/1136/349
f 615/1139/352 640/1165/378 639/1164/377
f 640/1165/378 615/1139/352 616/1140/353
f 619/1145/358 633/1158/371 634/1159/372
f 633/1158/371 619/1145/358 620/1142/355
f 623/1149/362 635/1160/373 636/1161/374
f 635/1160/373 623/1149/362 624/1146/359
f 627/1153/366 637/1162/375 638/1163/376
f 637/1162/375 627/1153/366 628/1150/363
f 631/1157/370 639/1164/377 640/1165/378
f 639/1164/377 631/1157/370 632/1154/367
f 617/1143/10 642/1167/10 641/1166/10
f 642/1167/10 617/1143/10 618/1144/10
f 621/1147/10 644/1169/10 643/1168/10
f 644/1169/10 621/1147/10 622/1148/10
f 625/1151/10 646/1171/10 645/1170/10
f 646/1171/10 625/1151/10 626/1152/10
f 629/1155/10 648/1173/10 647/1172/10
f 648/1173/10 629/1155/10 630/1156/10
f 641/1174/379 650/1176/380 649/1175/379
f 650/1176/380 641/1174/379 642/1177/380
f 643/1178/381 652/1180/382 651/1179/381
f 652/1180/382 643/1178/381 644/1181/382
f 645/1182/383 654/1184/384 653/1183/383
f 654/1184/384 645/1182/383 646/1185/384
f 647/1186/385 656/1188/386 655/1187/385
f 656/1188/386 647/1186/385 648/1189/386
f 595/1113/326 657/1190/387 594/1112/325
f 657/1190/387 595/1113/326 658/1191/388
f 593/1111/324 659/1192/389 596/1110/323
f 659/1192/389 593/1111/390 660/1193/389
f 599/1117/330 661/1194/391 598/1116/329
f 661/1194/391 599/1117/330 662/1195/391
f 597/1115/328 658/1196/392 600/1114/327
f 658/1196/392 597/1115/328 657/1197/392
f 604/1118/331 663/1198/393 603/1121/334
f 663/1198/393 604/1118/331 664/1199/394
f 602/1120/333 662/1200/395 601/1119/332
f 662/1200/396 602/1120/397 661/1201/396
f 607/1125/338 660/1202/398 606/1124/337
f 660/1202/398 607/1125/338 659/1203/399
f 605/1123/336 664/1204/400 608/1122/335
f 664/1204/401 605/1123/402 663/1205/401
f 594/1129/342 665/1206/403 610/1128/341
f 665/1206/403 594/1129/342 657/1207/404
f 609/1127/340 660/1208/405 593/1126/339
f 660/1208/405 609/1127/340 666/1209/406
f 598/1133/346 667/1210/407 612/1132/345
f 667/1210/407 598/1133/346 661/1211/408
f 611/1131/344 657/1212/404 597/1130/343
f 657/1212/404 611/1131/344 665/1213/403
f 603/1137/350 668/1214/409 614/1136/349
f 668/1214/409 603/1137/350 663/1215/410
f 613/1135/348 661/1216/408 602/1134/347
f 661/1216/408 613/1135/348 667/1217/407
f 606/1141/354 666/1218/406 616/1140/353
f 666/1218/406 606/1141/354 660/1219/405
f 615/1139/352 663/1220/410 605/1138/351
f 663/1220/410 615/1139/352 668/1221/409
f 619/1145/358 669/1222/411 618/1144/357
f 669/1222/411 619/1145/358 670/1223/412
f 617/1143/356 671/1224/413 620/1142/355
f 671/1224/413 617/1143/356 672/1225/414
f 623/1149/362 673/1226/415 622/1148/361
f 673/1226/415 623/1149/362 674/1227/416
f 621/1147/360 670/1228/412 624/1146/359
f 670/1228/412 621/1147/360 669/1229/411
f 627/1153/366 675/1230/417 626/1152/365
f 675/1230/417 627/1153/366 676/1231/418
f 625/1151/364 674/1232/416 628/1150/363
f 674/1232/416 625/1151/364 673/1233/415
f 631/1157/370 672/1234/414 630/1156/369
f 672/1234/414 631/1157/370 671/1235/413
f 629/1155/368 676/1236/418 632/1154/367
f 676/1236/418 629/1155/368 675/1237/417
f 610/1128/341 677/1238/419 634/1159/372
f 677/1238/419 610/1128/341 665/1206/403
f 633/1158/371 666/1209/406 609/1127/340
f 666/1209/406 633/1158/371 678/1239/420
f 612/1132/345 679/1240/421 636/1161/374
f 679/1240/421 612/1132/345 667/1210/407
f 635/1160/373 665/1213/403 611/1131/344
f 665/1213/403 635/1160/373 677/1241/419
f 614/1136/349 680/1242/422 638/1163/376
f 680/1242/422 614/1136/349 668/1214/409
f 637/1162/375 667/1217/407 613/1135/348
f 667/1217/407 637/1162/375 679/1243/421
f 616/1140/353 678/1244/420 640/1165/378
f 678/1244/420 616/1140/353 666/1218/406
f 639/1164/377 668/1221/409 615/1139/352
f 668/1221/409 639/1164/377 680/1245/422
f 620/1142/355 678/1239/420 633/1158/371
f 678/1239/420 620/1142/355 671/1224/413
f 634/1159/372 670/1223/412 619/1145/358
f 670/1223/412 634/1159/372 677/1238/419
f 624/1146/359 677/1241/419 635/1160/373
f 677/1241/419 624/1146/359 670/1228/412
f 636/1161/374 674/1227/416 623/1149/362
f 674/1227/416 636/1161/374 679/1240/421
f 628/1150/363 679/1243/421 637/1162/375
f 679/1243/421 628/1150/363 674/1232/416
f 638/1163/376 676/1231/418 627/1153/366
f 676/1231/418 638/1163/376 680/1242/422
f 632/1154/367 680/1245/422 639/1164/377
f 680/1245/422 632/1154/367 676/1236/418
f 640/1165/378 671/1235/413 631/1157/370
f 671/1235/413 640/1165/378 678/1244/420
f 618/1144/10 681/1246/10 642/1167/10
f 681/1246/10 618/1144/10 669/1222/10
f 641/1166/10 672/1225/10 617/1143/10
f 672/1225/10 641/1166/10 682/1247/10
f 622/1148/10 683/1248/10 644/1169/10
f 683/1248/10 622/1148/10 673/1226/10
f 643/1168/10 669/1229/10 621/1147/10
f 669/1229/10 643/1168/10 681/1249/10
f 626/1152/10 684/1250/10 646/1171/10
f 684/1250/10 626/1152/10 675/1230/10
f 645/1170/10 673/1233/10 625/1151/10
f 673/1233/10 645/1170/10 683/1251/10
f 630/1156/10 682/1252/10 648/1173/10
f 682/1252/10 630/1156/10 672/1234/10
f 647/1172/10 675/1237/10 629/1155/10
f 675/1237/10 647/1172/10 684/1253/10
f 642/1177/380 685/1254/423 650/1176/380
f 685/1254/423 642/1177/380 681/1255/423
f 649/1175/379 682/1256/424 641/1174/379
f 682/1256/424 649/1175/379 686/1257/424
f 644/1181/382 687/1258/425 652/1180/382
f 687/1258/425 644/1181/382 683/1259/426
f 651/1179/381 681/1260/427 643/1178/381
f 681/1260/427 651/1179/381 685/1254/428
f 646/1185/384 688/1261/429 654/1184/384
f 688/1261/429 646/1185/384 684/1262/430
f 653/1183/383 683/1263/431 645/1182/383
f 683/1263/431 653/1183/383 687/1258/432
f 648/1189/386 686/1257/433 656/1188/386
f 686/1257/433 648/1189/386 682/1264/433
f 655/1187/385 684/1265/434 647/1186/385
f 684/1265/434 655/1187/385 688/1261/434
f 688/1261/10 656/1188/10 686/1257/10
f 656/1188/10 688/1261/10 655/1187/10
f 654/1184/10 686/1257/10 649/1175/10
f 686/1257/10 654/1184/10 688/1261/10
f 653/1183/10 649/1175/10 650/1176/10
f 649/1175/10 653/1183/10 654/1184/10
f 687/1258/10 650/1176/10 685/1254/10
f 650/1176/10 687/1258/10 653/1183/10
f 652/1180/10 685/1254/10 651/1179/10
f 685/1254/10 652/1180/10 687/1258/10
