# Blender 5.1.1
# www.blender.org
mtllib puertadere.mtl
o Metal_Door.001
v 1.267816 0.680809 0.073828
v 1.264046 0.680809 0.074493
v 1.264046 0.826484 0.074493
v 1.267816 0.826484 0.073828
v 1.260731 0.680809 0.076407
v 1.260731 0.826484 0.076407
v 1.258270 0.680809 0.079340
v 1.258270 0.826484 0.079340
v 1.256961 0.680809 0.082938
v 1.256961 0.826484 0.082938
v 1.256961 0.680809 0.086766
v 1.256961 0.826484 0.086766
v 1.258270 0.680809 0.090363
v 1.258270 0.826484 0.090363
v 1.260731 0.680809 0.093296
v 1.260731 0.826484 0.093296
v 1.264046 0.680809 0.095210
v 1.264046 0.826484 0.095210
v 1.267816 0.680809 0.095875
v 1.267816 0.826484 0.095875
v 1.271586 0.680809 0.095210
v 1.271586 0.826484 0.095210
v 1.274902 0.680809 0.093296
v 1.274902 0.826484 0.093296
v 1.277363 0.680809 0.090363
v 1.277363 0.826484 0.090363
v 1.278672 0.680809 0.086766
v 1.278672 0.826484 0.086766
v 1.278672 0.680809 0.082938
v 1.278672 0.826484 0.082938
v 1.277363 0.680809 0.079340
v 1.277363 0.826484 0.079340
v 1.274902 0.680809 0.076407
v 1.274902 0.826484 0.076407
v 1.271586 0.680809 0.074493
v 1.271586 0.826484 0.074493
v 1.267816 0.680809 0.084852
v 1.267816 0.826484 0.084852
v 1.267816 1.203418 0.073828
v 1.264046 1.203418 0.074493
v 1.264046 1.349093 0.074493
v 1.267816 1.349093 0.073828
v 1.260731 1.203418 0.076407
v 1.260731 1.349093 0.076407
v 1.258270 1.203418 0.079340
v 1.258270 1.349093 0.079340
v 1.256961 1.203418 0.082938
v 1.256961 1.349093 0.082938
v 1.256961 1.203418 0.086766
v 1.256961 1.349093 0.086766
v 1.258270 1.203418 0.090363
v 1.258270 1.349093 0.090363
v 1.260731 1.203418 0.093296
v 1.260731 1.349093 0.093296
v 1.264046 1.203418 0.095210
v 1.264046 1.349093 0.095210
v 1.267816 1.203418 0.095875
v 1.267816 1.349093 0.095875
v 1.271586 1.203418 0.095210
v 1.271586 1.349093 0.095210
v 1.274902 1.203418 0.093296
v 1.274902 1.349093 0.093296
v 1.277363 1.203418 0.090363
v 1.277363 1.349093 0.090363
v 1.278672 1.203418 0.086766
v 1.278672 1.349093 0.086766
v 1.278672 1.203418 0.082938
v 1.278672 1.349093 0.082938
v 1.277363 1.203418 0.079340
v 1.277363 1.349093 0.079340
v 1.274902 1.203418 0.076407
v 1.274902 1.349093 0.076407
v 1.271586 1.203418 0.074493
v 1.271586 1.349093 0.074493
v 1.267816 1.203418 0.084852
v 1.267816 1.349093 0.084852
v 1.267816 0.158200 0.073828
v 1.264046 0.158200 0.074493
v 1.264046 0.303876 0.074493
v 1.267816 0.303876 0.073828
v 1.260731 0.158200 0.076407
v 1.260731 0.303876 0.076407
v 1.258270 0.158200 0.079340
v 1.258270 0.303876 0.079340
v 1.256961 0.158200 0.082938
v 1.256961 0.303876 0.082938
v 1.256961 0.158200 0.086766
v 1.256961 0.303876 0.086766
v 1.258270 0.158200 0.090363
v 1.258270 0.303876 0.090363
v 1.260731 0.158200 0.093296
v 1.260731 0.303876 0.093296
v 1.264046 0.158200 0.095210
v 1.264046 0.303876 0.095210
v 1.267816 0.158200 0.095875
v 1.267816 0.303876 0.095875
v 1.271586 0.158200 0.095210
v 1.271586 0.303876 0.095210
v 1.274902 0.158200 0.093296
v 1.274902 0.303876 0.093296
v 1.277363 0.158200 0.090363
v 1.277363 0.303876 0.090363
v 1.278672 0.158200 0.086766
v 1.278672 0.303876 0.086766
v 1.278672 0.158200 0.082938
v 1.278672 0.303876 0.082938
v 1.277363 0.158200 0.079340
v 1.277363 0.303876 0.079340
v 1.274902 0.158200 0.076407
v 1.274902 0.303876 0.076407
v 1.271586 0.158200 0.074493
v 1.271586 0.303876 0.074493
v 1.267816 0.158200 0.084852
v 1.267816 0.303876 0.084852
v 0.656836 0.649000 0.084852
v 0.654504 0.662228 0.084852
v 0.654504 0.662228 0.088554
v 0.656836 0.649000 0.088554
v 0.647787 0.673862 0.084852
v 0.647787 0.673862 0.088554
v 0.637497 0.682496 0.084852
v 0.637497 0.682496 0.088554
v 0.624874 0.687090 0.084852
v 0.624874 0.687090 0.088554
v 0.611441 0.687090 0.084852
v 0.611441 0.687090 0.088554
v 0.598819 0.682496 0.084852
v 0.598819 0.682496 0.088554
v 0.588528 0.673862 0.084852
v 0.588528 0.673862 0.088554
v 0.581812 0.662228 0.084852
v 0.581812 0.662228 0.088554
v 0.579479 0.649000 0.084852
v 0.579479 0.649000 0.088554
v 0.581812 0.635771 0.084852
v 0.581812 0.635771 0.088554
v 0.588528 0.624137 0.084852
v 0.588528 0.624137 0.088554
v 0.598818 0.615503 0.084852
v 0.598818 0.615503 0.088554
v 0.611441 0.610909 0.084852
v 0.611441 0.610909 0.088554
v 0.624874 0.610909 0.084852
v 0.624874 0.610909 0.088554
v 0.637497 0.615503 0.084852
v 0.637497 0.615503 0.088554
v 0.647787 0.624137 0.084852
v 0.647787 0.624137 0.088554
v 0.654504 0.635771 0.084852
v 0.654504 0.635771 0.088554
v 0.649744 0.660496 0.091776
v 0.651772 0.649000 0.091776
v 0.643907 0.670606 0.091776
v 0.634965 0.678110 0.091776
v 0.623995 0.682103 0.091776
v 0.612321 0.682103 0.091776
v 0.601351 0.678110 0.091776
v 0.592408 0.670606 0.091776
v 0.586571 0.660496 0.091776
v 0.584544 0.649000 0.091776
v 0.586571 0.637503 0.091776
v 0.592408 0.627393 0.091776
v 0.601351 0.619889 0.091776
v 0.612321 0.615896 0.091776
v 0.623995 0.615896 0.091776
v 0.634965 0.619889 0.091776
v 0.643907 0.627393 0.091776
v 0.649744 0.637503 0.091776
v 0.637241 0.655945 0.093583
v 0.638466 0.649000 0.093583
v 0.633715 0.662053 0.093583
v 0.628312 0.666587 0.093583
v 0.621684 0.668999 0.093583
v 0.614631 0.668999 0.093583
v 0.608004 0.666587 0.093583
v 0.602601 0.662053 0.093583
v 0.599075 0.655945 0.093583
v 0.597850 0.649000 0.093583
v 0.599075 0.642054 0.093583
v 0.602601 0.635946 0.093583
v 0.608004 0.631412 0.093583
v 0.614631 0.629000 0.093583
v 0.621684 0.629000 0.093583
v 0.628312 0.631412 0.093583
v 0.633715 0.635946 0.093583
v 0.637241 0.642054 0.093583
v 0.637241 0.655945 0.096511
v 0.638466 0.649000 0.096511
v 0.633715 0.662053 0.096511
v 0.628312 0.666587 0.096511
v 0.621684 0.668999 0.096511
v 0.614631 0.668999 0.096511
v 0.608004 0.666587 0.096511
v 0.602601 0.662053 0.096511
v 0.599075 0.655945 0.096511
v 0.597850 0.649000 0.096511
v 0.599075 0.642054 0.096511
v 0.602601 0.635946 0.096511
v 0.608004 0.631412 0.096511
v 0.614631 0.629000 0.096511
v 0.621684 0.629000 0.096511
v 0.628312 0.631412 0.096511
v 0.633715 0.635946 0.096511
v 0.637241 0.642054 0.096511
v 0.635109 0.655169 0.096511
v 0.636197 0.649000 0.096511
v 0.631976 0.660595 0.096511
v 0.627177 0.664622 0.096511
v 0.621290 0.666764 0.096511
v 0.615025 0.666764 0.096511
v 0.609138 0.664622 0.096511
v 0.604339 0.660595 0.096511
v 0.601207 0.655169 0.096511
v 0.600119 0.649000 0.096511
v 0.601207 0.642830 0.096511
v 0.604339 0.637404 0.096511
v 0.609138 0.633377 0.096511
v 0.615025 0.631235 0.096511
v 0.621290 0.631235 0.096511
v 0.627177 0.633377 0.096511
v 0.631976 0.637404 0.096511
v 0.635109 0.642830 0.096511
v 0.634396 0.654910 0.095215
v 0.635439 0.649000 0.095215
v 0.631396 0.660107 0.095215
v 0.626798 0.663965 0.095215
v 0.621159 0.666018 0.095215
v 0.615157 0.666018 0.095215
v 0.609517 0.663965 0.095215
v 0.604920 0.660107 0.095215
v 0.601919 0.654910 0.095215
v 0.600877 0.649000 0.095215
v 0.601919 0.643089 0.095215
v 0.604920 0.637892 0.095215
v 0.609517 0.634034 0.095215
v 0.615157 0.631981 0.095215
v 0.621159 0.631981 0.095215
v 0.626798 0.634034 0.095215
v 0.631396 0.637892 0.095215
v 0.634396 0.643089 0.095215
v 0.599390 0.642169 0.100463
v 0.598186 0.649000 0.100463
v 0.602858 0.636162 0.100463
v 0.608172 0.631703 0.100463
v 0.614690 0.629331 0.100463
v 0.621159 0.631981 0.095215
v 0.621626 0.629331 0.100463
v 0.628144 0.631703 0.100463
v 0.631396 0.637892 0.095215
v 0.633457 0.636162 0.100463
v 0.636925 0.642169 0.100463
v 0.638130 0.649000 0.100463
v 0.636925 0.655830 0.100463
v 0.633457 0.661837 0.100463
v 0.628144 0.666296 0.100463
v 0.621159 0.666018 0.095215
v 0.621626 0.668668 0.100463
v 0.615157 0.666018 0.095215
v 0.614690 0.668668 0.100463
v 0.608172 0.666296 0.100463
v 0.604920 0.660107 0.095215
v 0.602858 0.661837 0.100463
v 0.601919 0.654910 0.095215
v 0.599390 0.655830 0.100463
v 0.599684 0.642276 0.104352
v 0.598498 0.649000 0.104352
v 0.603098 0.636363 0.104352
v 0.608328 0.631974 0.104352
v 0.614744 0.629639 0.104352
v 0.621572 0.629639 0.104352
v 0.627988 0.631974 0.104352
v 0.633218 0.636363 0.104352
v 0.636631 0.642275 0.104352
v 0.637817 0.649000 0.104352
v 0.636631 0.655723 0.104352
v 0.633218 0.661636 0.104352
v 0.627988 0.666025 0.104352
v 0.621572 0.668360 0.104352
v 0.614744 0.668360 0.104352
v 0.608328 0.666025 0.104352
v 0.603098 0.661636 0.104352
v 0.599684 0.655723 0.104352
v 0.602241 0.643206 0.109567
v 0.601220 0.649000 0.109567
v 0.605182 0.638112 0.109567
v 0.609689 0.634331 0.109567
v 0.615216 0.632319 0.109567
v 0.621099 0.632319 0.109567
v 0.626627 0.634331 0.109567
v 0.631133 0.638112 0.109567
v 0.634074 0.643206 0.109567
v 0.635096 0.649000 0.109567
v 0.634074 0.654793 0.109567
v 0.631133 0.659887 0.109567
v 0.626627 0.663668 0.109567
v 0.621099 0.665680 0.109567
v 0.615216 0.665680 0.109567
v 0.609689 0.663668 0.109567
v 0.605182 0.659887 0.109567
v 0.602241 0.654793 0.109567
v 0.602241 0.643206 0.113455
v 0.601220 0.649000 0.113455
v 0.605182 0.638112 0.113455
v 0.609689 0.634331 0.113455
v 0.615216 0.632319 0.113455
v 0.621099 0.632319 0.113455
v 0.626627 0.634331 0.113455
v 0.631133 0.638112 0.113455
v 0.718481 0.641520 0.106641
v 0.718481 0.645020 0.106641
v 0.719470 0.645020 0.110402
v 0.719470 0.641520 0.110402
v 0.718481 0.649000 0.106641
v 0.719470 0.649000 0.110402
v 0.718481 0.652979 0.106641
v 0.719470 0.652979 0.110402
v 0.718482 0.656479 0.106641
v 0.719470 0.656479 0.110402
v 0.626627 0.663668 0.113455
v 0.631133 0.659887 0.113455
v 0.621099 0.665680 0.113455
v 0.615216 0.665680 0.113455
v 0.609689 0.663668 0.113455
v 0.605182 0.659887 0.113455
v 0.602241 0.654793 0.113455
v 0.705742 0.644418 0.109567
v 0.705742 0.640388 0.109567
v 0.705742 0.649000 0.109567
v 0.705742 0.653581 0.109567
v 0.705742 0.657610 0.109567
v 0.705742 0.657610 0.113455
v 0.634074 0.654793 0.113455
v 0.705742 0.653581 0.113455
v 0.635096 0.649000 0.113455
v 0.705742 0.649000 0.113455
v 0.634074 0.643206 0.113455
v 0.705742 0.644418 0.113455
v 0.705742 0.640388 0.113455
v 0.618158 0.649000 0.113455
v 0.712537 0.644617 0.108678
v 0.712537 0.640764 0.108678
v 0.712537 0.649000 0.108678
v 0.712537 0.653382 0.108678
v 0.712537 0.657235 0.108678
v 0.713281 0.657235 0.112495
v 0.713281 0.653382 0.112495
v 0.713281 0.649000 0.112495
v 0.713281 0.644617 0.112495
v 0.713281 0.640764 0.112495
v 0.642189 0.747530 0.084852
v 0.640740 0.755750 0.084852
v 0.636036 0.754038 0.094532
v 0.637184 0.747530 0.094532
v 0.636567 0.762977 0.084852
v 0.632733 0.759760 0.094532
v 0.630173 0.768342 0.084852
v 0.627671 0.764007 0.094532
v 0.622331 0.771196 0.084852
v 0.621462 0.766267 0.094532
v 0.613985 0.771196 0.084852
v 0.614854 0.766267 0.094532
v 0.606142 0.768342 0.084852
v 0.608645 0.764007 0.094532
v 0.599749 0.762977 0.084852
v 0.603583 0.759760 0.094532
v 0.595576 0.755750 0.084852
v 0.600279 0.754038 0.094532
v 0.594127 0.747530 0.084852
v 0.599132 0.747530 0.094532
v 0.595576 0.739311 0.084852
v 0.600279 0.741023 0.094532
v 0.599749 0.732084 0.084852
v 0.603583 0.735301 0.094532
v 0.606142 0.726719 0.084852
v 0.608645 0.731054 0.094532
v 0.613985 0.723865 0.084852
v 0.614854 0.728793 0.094532
v 0.622331 0.723865 0.084852
v 0.621462 0.728793 0.094532
v 0.630173 0.726719 0.084852
v 0.627671 0.731053 0.094532
v 0.636567 0.732084 0.084852
v 0.632733 0.735301 0.094532
v 0.640740 0.739311 0.084852
v 0.636036 0.741023 0.094532
v 0.631911 0.752536 0.094532
v 0.632794 0.747530 0.094532
v 0.629370 0.756938 0.094532
v 0.625476 0.760206 0.094532
v 0.620699 0.761944 0.094532
v 0.615616 0.761944 0.094532
v 0.610840 0.760206 0.094532
v 0.606946 0.756938 0.094532
v 0.604404 0.752536 0.094532
v 0.603522 0.747530 0.094532
v 0.604404 0.742525 0.094532
v 0.606946 0.738122 0.094532
v 0.610840 0.734855 0.094532
v 0.615616 0.733117 0.094532
v 0.620699 0.733117 0.094532
v 0.625476 0.734855 0.094532
v 0.629370 0.738122 0.094532
v 0.631911 0.742525 0.094532
v 0.631911 0.752536 0.092292
v 0.632794 0.747530 0.092292
v 0.629370 0.756938 0.092292
v 0.625476 0.760206 0.092292
v 0.620699 0.761944 0.092292
v 0.615616 0.761944 0.092292
v 0.610840 0.760206 0.092292
v 0.606946 0.756938 0.092292
v 0.604404 0.752536 0.092292
v 0.603522 0.747530 0.092292
v 0.604404 0.742525 0.092292
v 0.606946 0.738122 0.092292
v 0.610840 0.734855 0.092292
v 0.615616 0.733117 0.092292
v 0.620699 0.733117 0.092292
v 0.625476 0.734855 0.092292
v 0.629370 0.738122 0.092292
v 0.631911 0.742525 0.092292
v 0.625631 0.750250 0.092292
v 0.626110 0.747530 0.092292
v 0.624250 0.752642 0.092292
v 0.622134 0.754418 0.092292
v 0.619539 0.755362 0.092292
v 0.616777 0.755362 0.092292
v 0.614181 0.754418 0.092292
v 0.612066 0.752642 0.092292
v 0.610685 0.750250 0.092292
v 0.610205 0.747530 0.092292
v 0.610685 0.744811 0.092292
v 0.612066 0.742419 0.092292
v 0.614181 0.740643 0.092292
v 0.616777 0.739699 0.092292
v 0.619539 0.739699 0.092292
v 0.622134 0.740643 0.092292
v 0.624250 0.742419 0.092292
v 0.625631 0.744811 0.092292
v 0.625631 0.750250 0.093504
v 0.626110 0.747530 0.093504
v 0.624250 0.752642 0.093504
v 0.622134 0.754418 0.093504
v 0.619539 0.755362 0.093504
v 0.616777 0.755362 0.093504
v 0.614181 0.754418 0.093504
v 0.612066 0.752642 0.093504
v 0.610685 0.750250 0.093504
v 0.610205 0.747530 0.093504
v 0.610685 0.744811 0.093504
v 0.612066 0.742419 0.093504
v 0.614181 0.740643 0.093504
v 0.616777 0.739699 0.093504
v 0.619539 0.739699 0.093504
v 0.622134 0.740643 0.093504
v 0.624250 0.742419 0.093504
v 0.625631 0.744811 0.093504
v 0.624726 0.749921 0.093504
v 0.625148 0.747530 0.093504
v 0.623512 0.752024 0.093504
v 0.621653 0.753584 0.093504
v 0.619372 0.754414 0.093504
v 0.616944 0.754414 0.093504
v 0.614663 0.753584 0.093504
v 0.612803 0.752024 0.093504
v 0.611589 0.749921 0.093504
v 0.611168 0.747530 0.093504
v 0.611589 0.745140 0.093504
v 0.612803 0.743037 0.093504
v 0.614663 0.741477 0.093504
v 0.616944 0.740646 0.093504
v 0.619372 0.740646 0.093504
v 0.621653 0.741477 0.093504
v 0.623512 0.743037 0.093504
v 0.624726 0.745140 0.093504
v 0.624726 0.749921 0.092958
v 0.625148 0.747530 0.092958
v 0.623512 0.752024 0.092958
v 0.621653 0.753584 0.092958
v 0.619372 0.754414 0.092958
v 0.616944 0.754414 0.092958
v 0.614663 0.753584 0.092958
v 0.612803 0.752024 0.092958
v 0.611589 0.749921 0.092958
v 0.611168 0.747530 0.092958
v 0.611589 0.745140 0.092958
v 0.612803 0.743037 0.092958
v 0.614663 0.741477 0.092958
v 0.616944 0.740646 0.092958
v 0.619372 0.740646 0.092958
v 0.621653 0.741477 0.092958
v 0.623512 0.743037 0.092958
v 0.624726 0.745140 0.092958
v 0.621922 0.748900 0.092960
v 0.622164 0.747530 0.092960
v 0.621226 0.750105 0.092960
v 0.620161 0.751000 0.092960
v 0.618853 0.751475 0.092960
v 0.617462 0.751475 0.092960
v 0.616155 0.751000 0.092960
v 0.615089 0.750105 0.092960
v 0.614394 0.748900 0.092960
v 0.614152 0.747530 0.092960
v 0.614394 0.746160 0.092960
v 0.615089 0.744955 0.092960
v 0.616155 0.744061 0.092960
v 0.617462 0.743586 0.092960
v 0.618853 0.743586 0.092960
v 0.620161 0.744061 0.092960
v 0.621226 0.744955 0.092960
v 0.621922 0.746160 0.092960
v 0.620525 0.748392 0.092533
v 0.620677 0.747530 0.092533
v 0.620088 0.749150 0.092533
v 0.619417 0.749712 0.092533
v 0.618595 0.750011 0.092533
v 0.617720 0.750011 0.092533
v 0.616898 0.749712 0.092533
v 0.616228 0.749150 0.092533
v 0.615791 0.748392 0.092533
v 0.615639 0.747530 0.092533
v 0.615791 0.746669 0.092533
v 0.616228 0.745911 0.092533
v 0.616898 0.745349 0.092533
v 0.617720 0.745050 0.092533
v 0.618595 0.745050 0.092533
v 0.619417 0.745349 0.092533
v 0.620088 0.745911 0.092533
v 0.620525 0.746669 0.092533
v 0.620525 0.748392 0.090570
v 0.620677 0.747530 0.090570
v 0.620088 0.749150 0.090570
v 0.619417 0.749712 0.090570
v 0.618595 0.750011 0.090570
v 0.617720 0.750011 0.090570
v 0.616898 0.749712 0.090570
v 0.616228 0.749150 0.090570
v 0.615791 0.748392 0.090570
v 0.615639 0.747530 0.090570
v 0.615791 0.746669 0.090570
v 0.616228 0.745911 0.090570
v 0.616898 0.745349 0.090570
v 0.617720 0.745050 0.090570
v 0.618595 0.745050 0.090570
v 0.619417 0.745349 0.090570
v 0.620088 0.745911 0.090570
v 0.620525 0.746669 0.090570
v 0.618158 0.747530 0.090570
v 0.459234 -0.007153 0.004063
v 0.459234 -0.007153 0.117902
v 0.459234 1.527605 0.117902
v 0.459234 1.527605 0.004063
v 1.358717 1.527605 0.117902
v 1.358717 -0.007153 0.117902
v 1.358717 -0.007153 0.004063
v 1.358717 1.527605 0.004063
v 0.521548 1.465292 0.117902
v 0.521548 -0.007153 0.117902
v 0.521548 -0.007153 0.004063
v 0.521548 1.465292 0.004063
v 1.296404 -0.007153 0.004063
v 1.296404 -0.007153 0.117902
v 1.296403 1.465292 0.117902
v 1.296403 1.465292 0.004063
v 0.550135 1.436486 0.004063
v 0.550135 -0.007153 0.004063
v 0.550135 -0.007153 0.084852
v 0.521548 -0.007153 0.098008
v 0.550135 -0.007153 0.098008
v 0.550135 1.436486 0.098008
v 0.521548 1.465292 0.098008
v 1.267817 1.436486 0.098008
v 1.296403 1.465292 0.098008
v 1.267817 -0.007153 0.098008
v 1.296404 -0.007153 0.098008
v 1.267817 -0.007153 0.084852
v 1.267817 -0.007153 0.004063
v 1.267817 1.436486 0.004063
v 0.550135 1.436486 0.084852
v 1.267817 1.436486 0.084852
v 0.549533 0.001390 0.035946
v 0.549533 0.001392 0.082499
v 0.549533 1.443341 0.082499
v 0.549533 1.443341 0.035946
v 1.267215 0.001392 0.082499
v 1.267215 0.001392 0.035946
v 1.267215 1.436486 0.035946
v 1.267215 1.436486 0.082499
v 0.818296 1.338062 0.082499
v 0.818296 0.824822 0.082499
v 0.662920 0.824822 0.082499
v 0.662920 1.338062 0.082499
v 0.821616 1.333365 0.097670
v 0.821616 0.822990 0.097670
v 0.821616 0.826317 0.082499
v 0.821616 1.336567 0.082499
v 0.818393 0.820270 0.097670
v 0.662823 0.820270 0.097670
v 0.662823 0.823534 0.082499
v 0.818393 0.823534 0.082499
v 0.659601 0.826317 0.082499
v 0.659601 0.822990 0.097670
v 0.659601 1.333365 0.097670
v 0.659601 1.336567 0.082499
v 0.662823 1.336085 0.097670
v 0.818394 1.336085 0.097670
v 0.818394 1.339349 0.082499
v 0.662823 1.339349 0.082499
v 0.808110 1.321618 0.097724
v 0.808110 0.834736 0.097724
v 0.804497 0.831608 0.097726
v 0.676719 0.831608 0.097726
v 0.673107 0.834736 0.097724
v 0.673107 1.321618 0.097724
v 0.676720 1.324747 0.097726
v 0.804497 1.324747 0.097726
v 0.793986 1.306826 0.089244
v 0.793986 0.849529 0.089244
v 0.797821 0.844442 0.094095
v 0.797820 1.311912 0.094095
v 0.790763 0.846808 0.089244
v 0.690453 0.846808 0.089244
v 0.686522 0.841467 0.094294
v 0.794695 0.841467 0.094294
v 0.687231 0.849529 0.089244
v 0.687231 1.306826 0.089244
v 0.683396 1.311912 0.094095
v 0.683396 0.844442 0.094095
v 0.690453 1.309546 0.089244
v 0.790763 1.309546 0.089244
v 0.794695 1.314887 0.094294
v 0.686522 1.314887 0.094294
v 0.801629 1.316150 0.096776
v 0.801629 0.840204 0.096776
v 0.798407 0.837484 0.096776
v 0.682810 0.837484 0.096776
v 0.679587 0.840204 0.096776
v 0.679587 1.316150 0.096776
v 0.682810 1.318870 0.096776
v 0.798407 1.318870 0.096776
v 0.782087 1.296780 0.089244
v 0.782087 0.859574 0.089244
v 0.778864 0.856854 0.089244
v 0.702352 0.856854 0.089244
v 0.699130 0.859574 0.089244
v 0.699130 1.296780 0.089244
v 0.702352 1.299500 0.089244
v 0.778864 1.299500 0.089244
v 0.782087 1.296780 0.082763
v 0.782087 0.859574 0.082763
v 0.778864 0.856854 0.082763
v 0.702352 0.856854 0.082763
v 0.699130 0.859574 0.082763
v 0.699130 1.296780 0.082763
v 0.702352 1.299500 0.082763
v 0.778864 1.299500 0.082763
v 0.820494 0.821217 0.097670
v 0.820494 0.824503 0.082499
v 0.820494 1.338380 0.082499
v 0.820494 1.335138 0.097670
v 0.660723 0.821217 0.097670
v 0.660723 0.824503 0.082499
v 0.660723 1.335138 0.097670
v 0.660723 1.338380 0.082499
v 0.806637 0.832898 0.097708
v 0.806637 1.323457 0.097708
v 0.674580 0.832898 0.097708
v 0.674580 1.323457 0.097708
v 0.792863 0.847756 0.089244
v 0.796732 0.842580 0.094164
v 0.796732 1.313774 0.094164
v 0.792863 1.308599 0.089244
v 0.688353 0.847756 0.089244
v 0.684485 0.842580 0.094164
v 0.688353 1.308599 0.089244
v 0.684485 1.313774 0.094164
v 0.800507 0.838431 0.096776
v 0.800507 1.317923 0.096776
v 0.680710 0.838431 0.096776
v 0.680710 1.317923 0.096776
v 0.780964 0.857802 0.089244
v 0.780964 1.298553 0.089244
v 0.700252 0.857802 0.089244
v 0.700252 1.298553 0.089244
v 0.780964 0.857802 0.082763
v 0.780964 1.298553 0.082763
v 0.700252 0.857802 0.082763
v 0.700252 1.298553 0.082763
vn -0.0000 -0.0000 -1.0000
vn -0.3420 -0.0000 -0.9397
vn -0.6428 -0.0000 -0.7660
vn -0.8660 -0.0000 -0.5000
vn -0.9848 -0.0000 -0.1737
vn -0.9848 -0.0000 0.1737
vn -0.8660 -0.0000 0.5000
vn -0.6428 -0.0000 0.7660
vn -0.3420 -0.0000 0.9397
vn -0.0000 -0.0000 1.0000
vn 0.3420 -0.0000 0.9397
vn 0.6428 -0.0000 0.7660
vn 0.8660 -0.0000 0.5000
vn 0.9848 -0.0000 0.1737
vn 0.9848 -0.0000 0.1736
vn 0.9848 -0.0000 -0.1736
vn 0.9848 -0.0000 -0.1737
vn 0.8660 -0.0000 -0.5000
vn 0.6428 -0.0000 -0.7660
vn 0.3420 -0.0000 -0.9397
vn -0.0000 -1.0000 -0.0000
vn -0.0000 1.0000 -0.0000
vn 1.0000 -0.0000 -0.0000
vn 0.9397 0.3420 -0.0000
vn 0.7660 0.6428 -0.0000
vn 0.5000 0.8660 -0.0000
vn 0.1736 0.9848 -0.0000
vn 0.1737 0.9848 -0.0000
vn -0.1737 0.9848 -0.0000
vn -0.1736 0.9848 -0.0000
vn -0.5000 0.8660 -0.0000
vn -0.7660 0.6428 -0.0000
vn -0.9397 0.3420 -0.0000
vn -1.0000 -0.0000 -0.0000
vn -0.9397 -0.3420 -0.0000
vn -0.7660 -0.6428 -0.0000
vn -0.5000 -0.8660 -0.0000
vn -0.1736 -0.9848 -0.0000
vn -0.1737 -0.9848 -0.0000
vn 0.1737 -0.9848 -0.0000
vn 0.1736 -0.9848 -0.0000
vn 0.5000 -0.8660 -0.0000
vn 0.7660 -0.6428 -0.0000
vn 0.9397 -0.3420 -0.0000
vn 0.5367 -0.0000 0.8437
vn 0.5044 0.1836 0.8438
vn 0.3423 0.1246 0.9313
vn 0.3643 -0.0000 0.9313
vn 0.4112 0.3450 0.8438
vn 0.2790 0.2341 0.9313
vn 0.2684 0.4648 0.8438
vn 0.1821 0.3155 0.9313
vn 0.0932 0.5286 0.8437
vn 0.0633 0.3587 0.9313
vn -0.0932 0.5286 0.8437
vn -0.0633 0.3587 0.9313
vn -0.2684 0.4648 0.8437
vn -0.1821 0.3155 0.9313
vn -0.4112 0.3450 0.8437
vn -0.2790 0.2341 0.9313
vn -0.5044 0.1836 0.8437
vn -0.3423 0.1246 0.9313
vn -0.5367 -0.0000 0.8437
vn -0.3643 -0.0000 0.9313
vn -0.5044 -0.1836 0.8437
vn -0.3423 -0.1246 0.9313
vn -0.4112 -0.3450 0.8437
vn -0.2790 -0.2341 0.9313
vn -0.2684 -0.4648 0.8438
vn -0.1821 -0.3155 0.9313
vn -0.0932 -0.5286 0.8438
vn -0.0633 -0.3587 0.9313
vn 0.0932 -0.5286 0.8438
vn 0.0633 -0.3587 0.9313
vn 0.2684 -0.4648 0.8438
vn 0.1821 -0.3155 0.9313
vn 0.4112 -0.3450 0.8438
vn 0.2790 -0.2341 0.9313
vn 0.5044 -0.1836 0.8437
vn 0.3423 -0.1246 0.9313
vn 0.1265 0.0460 0.9909
vn 0.1346 -0.0000 0.9909
vn 0.1031 0.0865 0.9909
vn 0.0673 0.1166 0.9909
vn 0.0234 0.1325 0.9909
vn -0.0234 0.1325 0.9909
vn -0.0673 0.1166 0.9909
vn -0.1031 0.0865 0.9909
vn -0.1265 0.0460 0.9909
vn -0.1346 -0.0000 0.9909
vn -0.1265 -0.0460 0.9909
vn -0.1031 -0.0865 0.9909
vn -0.0673 -0.1166 0.9909
vn -0.0234 -0.1326 0.9909
vn 0.0234 -0.1326 0.9909
vn 0.0673 -0.1166 0.9909
vn 0.1031 -0.0865 0.9909
vn 0.1265 -0.0460 0.9909
vn 0.9848 0.1736 -0.0000
vn 0.8660 0.5000 -0.0000
vn 0.6428 0.7661 -0.0000
vn 0.6428 0.7660 -0.0000
vn 0.3420 0.9397 -0.0000
vn -0.3420 0.9397 -0.0000
vn -0.6428 0.7660 -0.0000
vn -0.8660 0.5000 -0.0000
vn -0.9848 0.1737 -0.0000
vn -0.9848 -0.1737 -0.0000
vn -0.8660 -0.5000 -0.0000
vn -0.6428 -0.7660 -0.0000
vn -0.3420 -0.9397 -0.0000
vn 0.3420 -0.9397 -0.0000
vn 0.6428 -0.7660 -0.0000
vn 0.8660 -0.5000 -0.0000
vn 0.9848 -0.1736 -0.0000
vn -0.8534 -0.1505 0.4991
vn -0.7505 -0.4333 0.4991
vn -0.7505 -0.4333 0.4990
vn -0.5570 -0.6638 0.4990
vn -0.2964 -0.8143 0.4991
vn -0.0000 -0.8665 0.4991
vn 0.2964 -0.8143 0.4991
vn 0.2964 -0.8143 0.4990
vn 0.5570 -0.6638 0.4990
vn 0.5570 -0.6638 0.4991
vn 0.7505 -0.4333 0.4990
vn 0.7505 -0.4333 0.4991
vn 0.8534 -0.1505 0.4991
vn 0.8534 0.1505 0.4990
vn 0.8534 0.1505 0.4991
vn 0.7505 0.4333 0.4991
vn 0.5570 0.6638 0.4991
vn 0.2964 0.8143 0.4991
vn 0.2964 0.8143 0.4990
vn 0.2964 0.8144 0.4990
vn -0.0000 0.8666 0.4990
vn -0.2964 0.8144 0.4990
vn -0.2964 0.8143 0.4990
vn -0.5570 0.6638 0.4990
vn -0.5570 0.6638 0.4991
vn -0.7505 0.4333 0.4991
vn -0.8534 0.1505 0.4991
vn -0.8534 0.1505 0.4990
vn -0.9818 -0.0000 -0.1900
vn -0.8898 -0.0000 -0.4563
vn -0.8362 -0.3043 -0.4563
vn -0.9226 -0.3358 -0.1900
vn -0.6817 -0.5720 -0.4563
vn -0.7521 -0.6311 -0.1900
vn -0.4449 -0.7706 -0.4563
vn -0.4909 -0.8503 -0.1900
vn -0.1545 -0.8763 -0.4563
vn -0.1705 -0.9669 -0.1900
vn 0.1545 -0.8763 -0.4563
vn 0.1705 -0.9669 -0.1900
vn 0.4449 -0.7706 -0.4563
vn 0.4909 -0.8503 -0.1900
vn 0.6816 -0.5720 -0.4563
vn 0.7521 -0.6311 -0.1900
vn 0.8362 -0.3044 -0.4563
vn 0.8362 -0.3043 -0.4563
vn 0.9226 -0.3358 -0.1900
vn 0.8898 -0.0000 -0.4563
vn 0.9818 -0.0000 -0.1900
vn 0.8362 0.3043 -0.4563
vn 0.9226 0.3358 -0.1900
vn 0.6817 0.5720 -0.4563
vn 0.7521 0.6311 -0.1900
vn 0.4449 0.7706 -0.4563
vn 0.4909 0.8503 -0.1900
vn 0.1545 0.8763 -0.4563
vn 0.1705 0.9669 -0.1900
vn -0.1545 0.8763 -0.4563
vn -0.1705 0.9669 -0.1900
vn -0.4449 0.7706 -0.4563
vn -0.4909 0.8503 -0.1900
vn -0.6816 0.5720 -0.4563
vn -0.7521 0.6311 -0.1900
vn -0.8362 0.3043 -0.4563
vn -0.9226 0.3358 -0.1900
vn -0.9625 -0.0000 0.2712
vn -0.9045 -0.3292 0.2712
vn -0.7373 -0.6187 0.2712
vn -0.4813 -0.8336 0.2712
vn -0.1671 -0.9479 0.2712
vn 0.1671 -0.9479 0.2712
vn 0.4813 -0.8336 0.2712
vn 0.7373 -0.6187 0.2712
vn 0.9045 -0.3292 0.2712
vn 0.9625 -0.0000 0.2712
vn 0.9045 0.3292 0.2712
vn 0.7373 0.6187 0.2712
vn 0.4812 0.8336 0.2712
vn 0.1671 0.9479 0.2713
vn -0.1671 0.9479 0.2713
vn -0.4812 0.8336 0.2712
vn -0.7373 0.6187 0.2712
vn -0.9045 0.3292 0.2713
vn -0.9697 -0.0000 0.2445
vn -0.9112 -0.3316 0.2445
vn -0.7428 -0.6233 0.2445
vn -0.4848 -0.8397 0.2445
vn -0.1684 -0.9549 0.2445
vn 0.1684 -0.9549 0.2445
vn 0.4848 -0.8397 0.2445
vn 0.5577 -0.7892 0.2571
vn 0.8331 -0.3032 0.4626
vn 0.8866 -0.0000 0.4626
vn 0.8331 0.3032 0.4626
vn 0.5577 0.7892 0.2571
vn 0.4848 0.8398 0.2445
vn 0.1684 0.9549 0.2445
vn -0.1684 0.9549 0.2445
vn -0.4848 0.8397 0.2445
vn -0.7428 0.6233 0.2445
vn -0.9112 0.3316 0.2445
vn 0.3563 -0.9344 -0.0000
vn 0.9672 -0.0000 -0.2541
vn 0.3563 0.9344 -0.0000
vn -0.0650 -0.0000 -0.9979
vn -0.0632 -0.0000 -0.9980
vn 0.0406 0.9992 -0.0024
vn 0.0415 0.9991 -0.0026
vn 0.0633 -0.0000 0.9980
vn 0.0617 -0.0000 0.9981
vn 0.0415 -0.9991 -0.0025
vn 0.0406 -0.9992 -0.0024
vn -0.2281 -0.0000 -0.9736
vn -0.2225 -0.0000 -0.9749
vn 0.0826 0.9965 -0.0154
vn 0.0840 0.9963 -0.0158
vn 0.2245 -0.0000 0.9745
vn 0.2193 -0.0000 0.9757
vn 0.0840 -0.9963 -0.0158
vn 0.0825 -0.9965 -0.0154
vn -0.3242 -0.0000 -0.9460
vn 0.1148 0.9930 -0.0263
vn 0.3204 -0.0000 0.9473
vn 0.1148 -0.9930 -0.0263
vn 0.8883 -0.0000 0.4593
vn 0.8347 0.3038 0.4593
vn 0.6805 0.5710 0.4593
vn 0.4441 0.7693 0.4593
vn 0.1543 0.8748 0.4593
vn -0.1543 0.8748 0.4593
vn -0.4442 0.7693 0.4593
vn -0.4441 0.7693 0.4593
vn -0.6805 0.5710 0.4593
vn -0.8347 0.3038 0.4593
vn -0.8883 -0.0000 0.4593
vn -0.8347 -0.3038 0.4593
vn -0.6805 -0.5710 0.4593
vn -0.4441 -0.7693 0.4593
vn -0.1542 -0.8748 0.4593
vn 0.1542 -0.8748 0.4593
vn 0.1543 -0.8748 0.4593
vn 0.4441 -0.7693 0.4593
vn 0.4442 -0.7693 0.4593
vn 0.6805 -0.5710 0.4593
vn 0.8347 -0.3038 0.4593
vn 0.7661 -0.6428 -0.0000
vn 0.7661 0.6428 -0.0000
vn -0.7661 0.6428 -0.0000
vn -0.7661 -0.6428 -0.0000
vn -0.1239 -0.0000 0.9923
vn 0.0008 -0.0000 1.0000
vn 0.0008 0.0003 1.0000
vn -0.1165 -0.0424 0.9923
vn 0.0006 0.0005 1.0000
vn -0.0949 -0.0797 0.9923
vn 0.0004 0.0007 1.0000
vn -0.0620 -0.1073 0.9923
vn 0.0001 0.0008 1.0000
vn -0.0215 -0.1220 0.9923
vn -0.0001 0.0008 1.0000
vn 0.0215 -0.1220 0.9923
vn -0.0004 0.0007 1.0000
vn 0.0620 -0.1073 0.9923
vn -0.0006 0.0005 1.0000
vn 0.0949 -0.0797 0.9923
vn -0.0008 0.0003 1.0000
vn 0.1165 -0.0424 0.9923
vn -0.0008 -0.0000 1.0000
vn 0.1239 -0.0000 0.9923
vn -0.0008 -0.0003 1.0000
vn 0.1165 0.0424 0.9923
vn -0.0006 -0.0005 1.0000
vn 0.0949 0.0797 0.9923
vn -0.0004 -0.0007 1.0000
vn 0.0620 0.1073 0.9923
vn -0.0001 -0.0008 1.0000
vn 0.0215 0.1220 0.9923
vn 0.0001 -0.0008 1.0000
vn -0.0215 0.1220 0.9923
vn 0.0004 -0.0007 1.0000
vn -0.0620 0.1073 0.9923
vn 0.0006 -0.0005 1.0000
vn -0.0949 0.0797 0.9923
vn 0.0008 -0.0003 1.0000
vn -0.1165 0.0424 0.9923
vn -0.2766 -0.0000 0.9610
vn -0.2599 -0.0946 0.9610
vn -0.2119 -0.1778 0.9610
vn -0.1382 -0.2395 0.9610
vn -0.0480 -0.2724 0.9610
vn 0.0480 -0.2724 0.9610
vn 0.1383 -0.2395 0.9610
vn 0.2119 -0.1778 0.9610
vn 0.2599 -0.0946 0.9610
vn 0.2766 -0.0000 0.9610
vn 0.2599 0.0946 0.9610
vn 0.2119 0.1778 0.9610
vn 0.1383 0.2395 0.9610
vn 0.0480 0.2724 0.9610
vn -0.0480 0.2724 0.9610
vn -0.1382 0.2395 0.9610
vn -0.2119 0.1778 0.9610
vn -0.2599 0.0946 0.9610
vn 0.9397 0.3421 -0.0000
vn 0.7661 0.6427 -0.0000
vn -0.7661 0.6427 -0.0000
vn 0.0096 1.0000 -0.0000
vn 0.9490 0.3084 0.0655
vn 0.9691 0.2413 0.0512
vn 0.9485 -0.3095 -0.0675
vn 0.9694 -0.2398 -0.0523
vn 0.2139 -0.9549 -0.2058
vn 0.2023 -0.9573 -0.2063
vn -0.2022 -0.9574 -0.2063
vn -0.2139 -0.9549 -0.2058
vn -0.9490 0.3084 0.0655
vn -0.9694 -0.2398 -0.0523
vn -0.9485 -0.3094 -0.0674
vn -0.9691 0.2413 0.0513
vn -0.2023 0.9575 0.2057
vn -0.2139 0.9551 0.2052
vn 0.2138 0.9551 0.2052
vn 0.2023 0.9575 0.2057
vn 0.0012 0.0028 1.0000
vn -0.0424 -0.0149 0.9990
vn -0.0428 0.0147 0.9990
vn 0.0012 -0.0028 1.0000
vn 0.0029 -0.0008 1.0000
vn -0.0148 0.0487 0.9987
vn 0.0147 0.0493 0.9987
vn -0.0029 -0.0008 1.0000
vn -0.0012 -0.0028 1.0000
vn 0.0424 0.0149 0.9990
vn 0.0428 -0.0147 0.9990
vn -0.0012 0.0028 1.0000
vn -0.0029 0.0008 1.0000
vn 0.0145 -0.0492 0.9987
vn -0.0144 -0.0489 0.9987
vn 0.0029 0.0008 1.0000
vn -0.5622 -0.1525 0.8128
vn -0.7097 -0.1260 0.6931
vn -0.7099 0.1258 0.6930
vn -0.5621 0.1526 0.8129
vn -0.1044 0.5434 0.8330
vn -0.1036 0.6422 0.7595
vn 0.1038 0.6419 0.7597
vn 0.1045 0.5433 0.8330
vn 0.5621 0.1525 0.8129
vn 0.7101 0.1256 0.6928
vn 0.7099 -0.1259 0.6930
vn 0.5621 -0.1525 0.8129
vn 0.1046 -0.5432 0.8331
vn 0.1040 -0.6419 0.7597
vn -0.1040 -0.6419 0.7597
vn -0.1045 -0.5432 0.8331
vn -0.2579 -0.0843 0.9625
vn -0.2579 0.0842 0.9625
vn -0.0619 0.2790 0.9583
vn 0.0619 0.2790 0.9583
vn 0.2579 0.0843 0.9625
vn 0.2579 -0.0843 0.9625
vn 0.0619 -0.2790 0.9583
vn -0.0622 -0.2790 0.9583
vn -0.9605 -0.2784 -0.0000
vn -0.9605 0.2784 -0.0000
vn -0.2103 0.9776 -0.0000
vn 0.2103 0.9776 -0.0000
vn 0.9605 0.2784 -0.0000
vn 0.9605 -0.2784 -0.0000
vn 0.2103 -0.9776 -0.0000
vn -0.2103 -0.9776 -0.0000
vn 0.8421 -0.5269 -0.1149
vn 0.8421 -0.5269 -0.1148
vn 0.8424 0.5271 0.1120
vn 0.9691 0.2412 0.0512
vn -0.4073 -0.8927 -0.1927
vn 0.4073 -0.8927 -0.1927
vn -0.8423 0.5272 0.1120
vn -0.8424 0.5271 0.1120
vn -0.8421 -0.5269 -0.1148
vn -0.8421 -0.5270 -0.1149
vn -0.9485 -0.3095 -0.0675
vn 0.4074 0.8929 0.1915
vn 0.4074 0.8930 0.1915
vn -0.4075 0.8929 0.1915
vn -0.4074 0.8930 0.1915
vn -0.2138 0.9551 0.2052
vn -0.0320 0.0363 0.9988
vn 0.0017 -0.0020 1.0000
vn 0.0016 0.0021 1.0000
vn -0.0323 -0.0361 0.9988
vn 0.0323 0.0361 0.9988
vn -0.0016 -0.0021 1.0000
vn 0.0321 -0.0361 0.9988
vn -0.0019 0.0017 1.0000
vn -0.4040 0.4530 0.7947
vn -0.3234 0.3859 0.8640
vn -0.3235 -0.3859 0.8640
vn -0.4044 -0.4526 0.7947
vn 0.4040 0.4529 0.7948
vn 0.3235 0.3859 0.8640
vn 0.4042 -0.4527 0.7948
vn 0.3235 -0.3859 0.8640
vn -0.1561 0.1858 0.9701
vn -0.1561 -0.1858 0.9701
vn 0.1561 0.1858 0.9701
vn 0.1561 -0.1858 0.9701
vn -0.8450 0.5348 -0.0000
vn -0.8450 -0.5347 -0.0000
vn 0.4112 0.9116 -0.0000
vn 0.4112 0.9115 -0.0000
vn -0.4112 0.9116 -0.0000
vn -0.4112 0.9115 -0.0000
vn 0.8450 -0.5348 -0.0000
vn 0.8450 -0.5347 -0.0000
vn 0.8450 0.5348 -0.0000
vn 0.8449 0.5349 -0.0000
vn -0.4112 -0.9116 -0.0000
vn 0.4112 -0.9115 -0.0000
vt 0.465689 0.641746
vt 0.465689 0.787194
vt 0.461865 0.787194
vt 0.461865 0.641746
vt 0.458042 0.787194
vt 0.458042 0.641746
vt 0.454222 0.787194
vt 0.454222 0.641746
vt 0.450398 0.787194
vt 0.450398 0.641746
vt 0.446575 0.787194
vt 0.446575 0.641746
vt 0.442754 0.787194
vt 0.442754 0.641746
vt 0.438931 0.787194
vt 0.438931 0.641746
vt 0.435111 0.787194
vt 0.435111 0.641746
vt 0.431287 0.787194
vt 0.431287 0.641746
vt 0.427464 0.787194
vt 0.427464 0.641746
vt 0.423644 0.787194
vt 0.423644 0.641746
vt 0.419820 0.787194
vt 0.419820 0.641746
vt 0.415997 0.787194
vt 0.415997 0.641746
vt 0.412177 0.787194
vt 0.412177 0.641746
vt 0.408353 0.787194
vt 0.408353 0.641746
vt 0.404530 0.787194
vt 0.404530 0.641746
vt 0.473332 0.641746
vt 0.473332 0.787194
vt 0.469509 0.787194
vt 0.469509 0.641746
vt 0.987920 0.575386
vt 0.984155 0.576049
vt 0.984155 0.565043
vt 0.980391 0.575386
vt 0.977081 0.573474
vt 0.974624 0.570546
vt 0.973317 0.566955
vt 0.973317 0.563132
vt 0.974624 0.559541
vt 0.977081 0.556613
vt 0.980391 0.554701
vt 0.984155 0.554038
vt 0.987920 0.554701
vt 0.991230 0.556613
vt 0.993687 0.559541
vt 0.994994 0.563132
vt 0.994994 0.566955
vt 0.993687 0.570546
vt 0.991230 0.573474
vt 0.628043 0.805898
vt 0.624278 0.805234
vt 0.628043 0.794892
vt 0.620971 0.803323
vt 0.618511 0.800395
vt 0.617207 0.796803
vt 0.617207 0.792981
vt 0.618511 0.789389
vt 0.620971 0.786461
vt 0.624278 0.784550
vt 0.628043 0.783886
vt 0.631807 0.784550
vt 0.635117 0.786461
vt 0.637574 0.789389
vt 0.638881 0.792981
vt 0.638881 0.796803
vt 0.637574 0.800395
vt 0.635117 0.803323
vt 0.631807 0.805234
vt 0.548642 0.641746
vt 0.548642 0.787194
vt 0.544821 0.787194
vt 0.544821 0.641746
vt 0.540998 0.787194
vt 0.540998 0.641746
vt 0.537174 0.787194
vt 0.537174 0.641746
vt 0.533354 0.787194
vt 0.533354 0.641746
vt 0.529531 0.787194
vt 0.529531 0.641746
vt 0.525710 0.787194
vt 0.525710 0.641746
vt 0.521887 0.787194
vt 0.521887 0.641746
vt 0.518064 0.787194
vt 0.518064 0.641746
vt 0.514243 0.787194
vt 0.514243 0.641746
vt 0.510420 0.787194
vt 0.510420 0.641746
vt 0.506600 0.787194
vt 0.506600 0.641746
vt 0.502776 0.787194
vt 0.502776 0.641746
vt 0.498953 0.787194
vt 0.498953 0.641746
vt 0.495133 0.787194
vt 0.495133 0.641746
vt 0.491309 0.787194
vt 0.491309 0.641746
vt 0.487486 0.787194
vt 0.487486 0.641746
vt 0.483666 0.787194
vt 0.483666 0.641746
vt 0.552465 0.641746
vt 0.552465 0.787194
vt 0.987920 0.605166
vt 0.984155 0.605830
vt 0.984155 0.594824
vt 0.980391 0.605166
vt 0.977081 0.603255
vt 0.974624 0.600327
vt 0.973317 0.596735
vt 0.973317 0.592913
vt 0.974624 0.589321
vt 0.977081 0.586393
vt 0.980391 0.584481
vt 0.984155 0.583818
vt 0.987920 0.584481
vt 0.991230 0.586393
vt 0.993687 0.589321
vt 0.994994 0.592913
vt 0.994994 0.596735
vt 0.993687 0.600327
vt 0.991230 0.603255
vt 0.984155 0.635610
vt 0.980391 0.634946
vt 0.984155 0.624604
vt 0.977081 0.633035
vt 0.974624 0.630107
vt 0.973317 0.626515
vt 0.973317 0.622693
vt 0.974624 0.619101
vt 0.977081 0.616173
vt 0.980391 0.614262
vt 0.984155 0.613598
vt 0.987920 0.614262
vt 0.991230 0.616173
vt 0.993687 0.619101
vt 0.994994 0.622693
vt 0.994994 0.626515
vt 0.993687 0.630107
vt 0.991230 0.633035
vt 0.987920 0.634946
vt 0.465686 0.794983
vt 0.465686 0.940430
vt 0.461862 0.940430
vt 0.461862 0.794983
vt 0.458042 0.940430
vt 0.458042 0.794983
vt 0.454219 0.940430
vt 0.454219 0.794983
vt 0.450395 0.940430
vt 0.450395 0.794983
vt 0.446575 0.940430
vt 0.446575 0.794983
vt 0.442751 0.940430
vt 0.442751 0.794983
vt 0.438928 0.940430
vt 0.438928 0.794983
vt 0.435108 0.940430
vt 0.435108 0.794983
vt 0.431284 0.940430
vt 0.431284 0.794983
vt 0.427464 0.940430
vt 0.427464 0.794983
vt 0.423641 0.940430
vt 0.423641 0.794983
vt 0.419817 0.940430
vt 0.419817 0.794983
vt 0.415997 0.940430
vt 0.415997 0.794983
vt 0.412174 0.940430
vt 0.412174 0.794983
vt 0.408353 0.940430
vt 0.408353 0.794983
vt 0.404530 0.940430
vt 0.404530 0.794983
vt 0.473329 0.794983
vt 0.473329 0.940430
vt 0.469509 0.940430
vt 0.469509 0.794983
vt 0.987917 0.694506
vt 0.984152 0.695170
vt 0.984152 0.684164
vt 0.980388 0.694506
vt 0.977081 0.692595
vt 0.974621 0.689667
vt 0.973317 0.686075
vt 0.973317 0.682253
vt 0.974621 0.678661
vt 0.977081 0.675733
vt 0.980388 0.673822
vt 0.984152 0.673158
vt 0.987917 0.673822
vt 0.991227 0.675733
vt 0.993684 0.678661
vt 0.994991 0.682253
vt 0.994991 0.686075
vt 0.993684 0.689667
vt 0.991227 0.692595
vt 0.984155 0.665390
vt 0.980391 0.664727
vt 0.984155 0.654384
vt 0.977081 0.662815
vt 0.974624 0.659887
vt 0.973317 0.656295
vt 0.973317 0.652473
vt 0.974624 0.648881
vt 0.977081 0.645953
vt 0.980391 0.644042
vt 0.984155 0.643378
vt 0.987920 0.644042
vt 0.991230 0.645953
vt 0.993687 0.648881
vt 0.994994 0.652473
vt 0.994994 0.656295
vt 0.993687 0.659887
vt 0.991230 0.662815
vt 0.987920 0.664727
vt 0.393388 0.816102
vt 0.389692 0.816102
vt 0.389692 0.802689
vt 0.393388 0.802689
vt 0.389692 0.789279
vt 0.393388 0.789279
vt 0.389692 0.775863
vt 0.393388 0.775863
vt 0.389692 0.762450
vt 0.393388 0.762450
vt 0.389692 0.749042
vt 0.393388 0.749042
vt 0.389692 0.735629
vt 0.393388 0.735629
vt 0.389692 0.722218
vt 0.393388 0.722218
vt 0.389692 0.708805
vt 0.393388 0.708805
vt 0.389692 0.695393
vt 0.393388 0.695393
vt 0.389692 0.681981
vt 0.393388 0.681981
vt 0.389692 0.668568
vt 0.393388 0.668568
vt 0.389692 0.655161
vt 0.393388 0.655161
vt 0.389692 0.641746
vt 0.393388 0.641746
vt 0.393388 0.883159
vt 0.389692 0.883159
vt 0.389692 0.869752
vt 0.393388 0.869752
vt 0.389692 0.856337
vt 0.393388 0.856337
vt 0.389692 0.842925
vt 0.393388 0.842925
vt 0.389692 0.829515
vt 0.393388 0.829515
vt 0.562801 0.779980
vt 0.562801 0.769346
vt 0.568566 0.769346
vt 0.568566 0.779980
vt 0.562801 0.758712
vt 0.568566 0.758712
vt 0.562801 0.748078
vt 0.568566 0.748078
vt 0.562801 0.737444
vt 0.568566 0.737444
vt 0.562801 0.726813
vt 0.568566 0.726813
vt 0.562801 0.716177
vt 0.568566 0.716177
vt 0.562801 0.705545
vt 0.568566 0.705545
vt 0.562801 0.694911
vt 0.568566 0.694911
vt 0.562801 0.684277
vt 0.568566 0.684277
vt 0.562801 0.673645
vt 0.568566 0.673645
vt 0.562801 0.663013
vt 0.568566 0.663013
vt 0.562801 0.652382
vt 0.568566 0.652382
vt 0.562801 0.641746
vt 0.568566 0.641746
vt 0.562801 0.833143
vt 0.562801 0.822512
vt 0.568566 0.822512
vt 0.568566 0.833143
vt 0.562801 0.811877
vt 0.568566 0.811877
vt 0.562801 0.801245
vt 0.568566 0.801245
vt 0.562801 0.790612
vt 0.568566 0.790612
vt 0.581402 0.769346
vt 0.581402 0.779980
vt 0.581402 0.758712
vt 0.581402 0.748078
vt 0.581402 0.737444
vt 0.581402 0.726813
vt 0.581402 0.716177
vt 0.581402 0.705545
vt 0.581402 0.694911
vt 0.581402 0.684277
vt 0.581402 0.673645
vt 0.581402 0.663013
vt 0.581402 0.652382
vt 0.581402 0.641746
vt 0.581402 0.822512
vt 0.581402 0.833143
vt 0.581402 0.811877
vt 0.581402 0.801245
vt 0.581402 0.790612
vt 0.973317 0.039111
vt 0.976242 0.039111
vt 0.976242 0.046156
vt 0.973317 0.046156
vt 0.976242 0.053197
vt 0.973317 0.053197
vt 0.976242 0.060241
vt 0.973317 0.060241
vt 0.976242 0.067279
vt 0.973317 0.067279
vt 0.976242 0.074321
vt 0.973317 0.074321
vt 0.976242 0.081366
vt 0.973317 0.081366
vt 0.976242 0.088409
vt 0.973317 0.088409
vt 0.976242 0.095450
vt 0.973317 0.095450
vt 0.976242 0.102494
vt 0.973317 0.102494
vt 0.976242 0.109531
vt 0.973317 0.109531
vt 0.976242 0.116577
vt 0.973317 0.116577
vt 0.976242 0.123617
vt 0.973317 0.123617
vt 0.976242 0.130661
vt 0.973317 0.130661
vt 0.973317 0.003906
vt 0.976242 0.003906
vt 0.976242 0.010949
vt 0.973317 0.010949
vt 0.976242 0.017987
vt 0.973317 0.017987
vt 0.976242 0.025027
vt 0.973317 0.025027
vt 0.976242 0.032073
vt 0.973317 0.032073
vt 0.974816 0.170499
vt 0.977057 0.170499
vt 0.977057 0.176910
vt 0.974816 0.176910
vt 0.977057 0.183322
vt 0.974816 0.183322
vt 0.977057 0.189732
vt 0.974816 0.189732
vt 0.977057 0.196142
vt 0.974816 0.196142
vt 0.977057 0.202551
vt 0.974816 0.202551
vt 0.977057 0.208963
vt 0.974816 0.208963
vt 0.977057 0.215373
vt 0.974816 0.215373
vt 0.977057 0.221784
vt 0.974816 0.221784
vt 0.977057 0.228195
vt 0.974816 0.228195
vt 0.977057 0.234603
vt 0.974816 0.234603
vt 0.977057 0.241015
vt 0.974816 0.241015
vt 0.977057 0.247424
vt 0.974816 0.247424
vt 0.977057 0.253836
vt 0.974816 0.253836
vt 0.974816 0.138450
vt 0.977057 0.138450
vt 0.977057 0.144859
vt 0.974816 0.144859
vt 0.977057 0.151270
vt 0.974816 0.151270
vt 0.977057 0.157679
vt 0.974816 0.157679
vt 0.977057 0.164091
vt 0.974816 0.164091
vt 0.973317 0.170499
vt 0.973317 0.176910
vt 0.973317 0.183322
vt 0.973317 0.189732
vt 0.973317 0.196142
vt 0.973317 0.202551
vt 0.973317 0.208963
vt 0.973317 0.215373
vt 0.973317 0.221784
vt 0.973317 0.228195
vt 0.973317 0.234603
vt 0.973317 0.241015
vt 0.973317 0.247424
vt 0.973317 0.253836
vt 0.973317 0.138450
vt 0.973317 0.144859
vt 0.973317 0.151270
vt 0.973317 0.157679
vt 0.973317 0.164091
vt 0.972104 0.804294
vt 0.977972 0.804294
vt 0.977972 0.810677
vt 0.972104 0.810677
vt 0.977972 0.817062
vt 0.972104 0.817062
vt 0.977972 0.823447
vt 0.972104 0.823447
vt 0.977972 0.829833
vt 0.972104 0.829833
vt 0.972104 0.714225
vt 0.977972 0.714225
vt 0.977972 0.720609
vt 0.972104 0.720609
vt 0.977972 0.726994
vt 0.972104 0.726994
vt 0.977972 0.733378
vt 0.972104 0.733378
vt 0.977972 0.739934
vt 0.972104 0.739934
vt 0.977972 0.746489
vt 0.972104 0.746489
vt 0.977972 0.753046
vt 0.972104 0.753046
vt 0.977972 0.759601
vt 0.972104 0.759601
vt 0.977972 0.765986
vt 0.972104 0.765986
vt 0.977972 0.772371
vt 0.972104 0.772371
vt 0.977972 0.778754
vt 0.972104 0.778754
vt 0.977972 0.785139
vt 0.972104 0.785139
vt 0.977972 0.791526
vt 0.972104 0.791526
vt 0.977972 0.797909
vt 0.972104 0.797909
vt 0.968209 0.804294
vt 0.968209 0.810677
vt 0.968209 0.817062
vt 0.968209 0.823447
vt 0.968209 0.829833
vt 0.968209 0.714225
vt 0.968209 0.720609
vt 0.968209 0.726994
vt 0.968209 0.733378
vt 0.968209 0.739934
vt 0.968209 0.746489
vt 0.968209 0.753046
vt 0.968209 0.759601
vt 0.968209 0.765986
vt 0.968209 0.772371
vt 0.968209 0.778754
vt 0.968209 0.785139
vt 0.968209 0.791526
vt 0.968209 0.797909
vt 0.962358 0.804294
vt 0.962358 0.810677
vt 0.962358 0.817062
vt 0.962358 0.823447
vt 0.962358 0.829833
vt 0.962358 0.714225
vt 0.962358 0.720609
vt 0.962358 0.726994
vt 0.962358 0.733378
vt 0.962358 0.739934
vt 0.962358 0.746489
vt 0.962358 0.753046
vt 0.962358 0.759601
vt 0.962358 0.765986
vt 0.962358 0.772371
vt 0.962358 0.778754
vt 0.962358 0.785139
vt 0.962358 0.791526
vt 0.962358 0.797909
vt 0.958479 0.804294
vt 0.958479 0.810677
vt 0.958479 0.817062
vt 0.958479 0.823447
vt 0.958479 0.829833
vt 0.958479 0.714225
vt 0.958479 0.720609
vt 0.958479 0.726994
vt 0.958479 0.733378
vt 0.215517 0.404218
vt 0.211637 0.404218
vt 0.211637 0.400721
vt 0.215517 0.400721
vt 0.211637 0.396752
vt 0.215517 0.396752
vt 0.211637 0.392777
vt 0.215517 0.392777
vt 0.211637 0.389280
vt 0.215517 0.389280
vt 0.958479 0.759601
vt 0.958479 0.765986
vt 0.958479 0.772371
vt 0.958479 0.778754
vt 0.958479 0.785139
vt 0.958479 0.791526
vt 0.958479 0.797909
vt 0.996094 0.451194
vt 0.990880 0.448674
vt 0.992137 0.378261
vt 0.996094 0.378406
vt 0.984828 0.447628
vt 0.987650 0.378081
vt 0.978711 0.448173
vt 0.983145 0.377883
vt 0.973317 0.450270
vt 0.979167 0.377692
vt 0.973317 0.458029
vt 0.977196 0.458029
vt 0.977196 0.532587
vt 0.973317 0.532587
vt 0.697182 0.845966
vt 0.702265 0.848903
vt 0.703471 0.920457
vt 0.699452 0.920457
vt 0.708050 0.849923
vt 0.708050 0.920457
vt 0.713832 0.848903
vt 0.712623 0.920457
vt 0.718921 0.845966
vt 0.716648 0.920457
vt 0.215517 0.492406
vt 0.211637 0.492406
vt 0.211637 0.417884
vt 0.215517 0.417884
vt 0.708050 0.816096
vt 0.713832 0.817117
vt 0.708050 0.833013
vt 0.718921 0.820053
vt 0.722697 0.824558
vt 0.724707 0.830076
vt 0.724707 0.835949
vt 0.722697 0.841468
vt 0.693406 0.841468
vt 0.691396 0.835949
vt 0.691396 0.830076
vt 0.693406 0.824558
vt 0.697182 0.820053
vt 0.702265 0.817117
vt 0.992247 0.371476
vt 0.996049 0.371640
vt 0.987925 0.371294
vt 0.983598 0.371110
vt 0.979796 0.370950
vt 0.977196 0.539817
vt 0.973317 0.539817
vt 0.703673 0.928046
vt 0.699825 0.928046
vt 0.708050 0.928046
vt 0.712425 0.928046
vt 0.716269 0.928046
vt 0.211637 0.410657
vt 0.215517 0.410657
vt 0.992113 0.365256
vt 0.995575 0.365405
vt 0.988189 0.365089
vt 0.984259 0.364923
vt 0.980800 0.364776
vt 0.977196 0.546259
vt 0.973317 0.546259
vt 0.704076 0.934568
vt 0.700578 0.934568
vt 0.708050 0.934568
vt 0.712022 0.934568
vt 0.715516 0.934568
vt 0.628054 0.746250
vt 0.617207 0.746250
vt 0.617207 0.738784
vt 0.628054 0.738784
vt 0.617207 0.731320
vt 0.628054 0.731320
vt 0.617207 0.723853
vt 0.628054 0.723853
vt 0.617207 0.716389
vt 0.628054 0.716389
vt 0.617207 0.708924
vt 0.628054 0.708924
vt 0.617207 0.701460
vt 0.628054 0.701460
vt 0.617207 0.693996
vt 0.628054 0.693996
vt 0.617207 0.686533
vt 0.628054 0.686533
vt 0.617207 0.679066
vt 0.628054 0.679066
vt 0.617207 0.671602
vt 0.628054 0.671602
vt 0.617207 0.664139
vt 0.628054 0.664139
vt 0.617207 0.656677
vt 0.628054 0.656677
vt 0.617207 0.649211
vt 0.628054 0.649211
vt 0.617207 0.641746
vt 0.628054 0.641746
vt 0.628054 0.776108
vt 0.617207 0.776108
vt 0.617207 0.768642
vt 0.628054 0.768642
vt 0.617207 0.761177
vt 0.628054 0.761177
vt 0.617207 0.753713
vt 0.628054 0.753713
vt 0.242997 0.562056
vt 0.246797 0.564250
vt 0.242553 0.569308
vt 0.239737 0.565950
vt 0.236841 0.572605
vt 0.235342 0.568485
vt 0.230342 0.573751
vt 0.230345 0.569364
vt 0.223848 0.572603
vt 0.225351 0.568484
vt 0.218131 0.569303
vt 0.220952 0.565946
vt 0.213890 0.564254
vt 0.217689 0.562057
vt 0.211637 0.558053
vt 0.215949 0.557289
vt 0.211637 0.551458
vt 0.215955 0.552219
vt 0.213893 0.545252
vt 0.217689 0.547445
vt 0.218137 0.540203
vt 0.220952 0.543560
vt 0.223848 0.536905
vt 0.225342 0.541022
vt 0.230345 0.535756
vt 0.230342 0.540138
vt 0.236839 0.536899
vt 0.235345 0.541021
vt 0.242556 0.540199
vt 0.239740 0.543559
vt 0.246794 0.545254
vt 0.243000 0.547445
vt 0.249052 0.551457
vt 0.244734 0.552218
vt 0.249052 0.558052
vt 0.244737 0.557291
vt 0.990392 0.484293
vt 0.988155 0.484293
vt 0.988155 0.479214
vt 0.990392 0.479214
vt 0.988155 0.474141
vt 0.990392 0.474141
vt 0.988155 0.469067
vt 0.990392 0.469067
vt 0.988155 0.463995
vt 0.990392 0.463995
vt 0.988155 0.458918
vt 0.990392 0.458918
vt 0.990389 0.256786
vt 0.988155 0.256786
vt 0.988155 0.251708
vt 0.990389 0.251708
vt 0.988155 0.246634
vt 0.990389 0.246634
vt 0.988155 0.241564
vt 0.990389 0.241564
vt 0.988155 0.236484
vt 0.990389 0.236484
vt 0.988155 0.231411
vt 0.990389 0.231411
vt 0.988155 0.226341
vt 0.990389 0.226341
vt 0.988155 0.221263
vt 0.990389 0.221263
vt 0.988155 0.216185
vt 0.990389 0.216185
vt 0.988155 0.211108
vt 0.990389 0.211108
vt 0.990392 0.504589
vt 0.988155 0.504589
vt 0.988155 0.499517
vt 0.990392 0.499517
vt 0.988155 0.494438
vt 0.990392 0.494438
vt 0.988155 0.489365
vt 0.990392 0.489365
vt 0.018296 0.954374
vt 0.018296 0.961044
vt 0.013293 0.960167
vt 0.015578 0.953895
vt 0.008900 0.957628
vt 0.013189 0.952514
vt 0.005640 0.953740
vt 0.011414 0.950405
vt 0.003906 0.948974
vt 0.010474 0.947810
vt 0.003906 0.943897
vt 0.010474 0.945054
vt 0.005640 0.939125
vt 0.011414 0.942466
vt 0.008900 0.935237
vt 0.013189 0.940351
vt 0.013293 0.932705
vt 0.015578 0.938970
vt 0.018296 0.931821
vt 0.018296 0.938491
vt 0.023293 0.932705
vt 0.021008 0.938970
vt 0.027685 0.935237
vt 0.023396 0.940351
vt 0.030951 0.939125
vt 0.025172 0.942466
vt 0.032685 0.943897
vt 0.026111 0.945054
vt 0.032685 0.948974
vt 0.026111 0.947810
vt 0.030951 0.953740
vt 0.025172 0.950405
vt 0.027685 0.957628
vt 0.023396 0.952514
vt 0.023293 0.960167
vt 0.021008 0.953895
vt 0.211253 0.376665
vt 0.210724 0.376665
vt 0.210724 0.375457
vt 0.211253 0.375457
vt 0.210724 0.374249
vt 0.211253 0.374249
vt 0.210724 0.373044
vt 0.211253 0.373044
vt 0.210724 0.371836
vt 0.211253 0.371836
vt 0.210724 0.370630
vt 0.211253 0.370630
vt 0.212846 0.525013
vt 0.211637 0.525013
vt 0.211637 0.522259
vt 0.212846 0.522259
vt 0.211637 0.519499
vt 0.212846 0.519499
vt 0.211637 0.516740
vt 0.212846 0.516740
vt 0.211637 0.513979
vt 0.212846 0.513979
vt 0.211637 0.511224
vt 0.212846 0.511224
vt 0.211637 0.508465
vt 0.212846 0.508465
vt 0.211637 0.505704
vt 0.212846 0.505704
vt 0.211637 0.502951
vt 0.212846 0.502951
vt 0.211637 0.500195
vt 0.212846 0.500195
vt 0.211253 0.381492
vt 0.210724 0.381492
vt 0.210724 0.380284
vt 0.211253 0.380284
vt 0.210724 0.379078
vt 0.211253 0.379078
vt 0.210724 0.377871
vt 0.211253 0.377871
vt 0.600295 0.822086
vt 0.600295 0.823051
vt 0.597578 0.822572
vt 0.597907 0.821670
vt 0.595189 0.821191
vt 0.595811 0.820457
vt 0.593416 0.819081
vt 0.594249 0.818602
vt 0.592477 0.816487
vt 0.593422 0.816319
vt 0.592477 0.813731
vt 0.593422 0.813899
vt 0.593416 0.811143
vt 0.594249 0.811622
vt 0.595189 0.809027
vt 0.595811 0.809762
vt 0.597578 0.807646
vt 0.597907 0.808554
vt 0.600295 0.807167
vt 0.600295 0.808131
vt 0.603010 0.807646
vt 0.602678 0.808554
vt 0.605399 0.809027
vt 0.604783 0.809762
vt 0.607172 0.811143
vt 0.606339 0.811622
vt 0.608111 0.813731
vt 0.607166 0.813899
vt 0.608111 0.816487
vt 0.607166 0.816319
vt 0.607172 0.819081
vt 0.606339 0.818602
vt 0.605399 0.821191
vt 0.604783 0.820457
vt 0.603010 0.822572
vt 0.602678 0.821670
vt 0.694239 0.804171
vt 0.693877 0.804599
vt 0.692253 0.802641
vt 0.692730 0.802371
vt 0.691396 0.800250
vt 0.691939 0.800158
vt 0.691396 0.797712
vt 0.691930 0.797804
vt 0.692250 0.795315
vt 0.692736 0.795591
vt 0.693865 0.793363
vt 0.694215 0.793773
vt 0.696052 0.792071
vt 0.696245 0.792596
vt 0.698557 0.791633
vt 0.698557 0.792172
vt 0.701050 0.792075
vt 0.700863 0.792590
vt 0.703246 0.793348
vt 0.702896 0.793769
vt 0.704876 0.795291
vt 0.704390 0.795570
vt 0.705735 0.797678
vt 0.705205 0.797772
vt 0.705741 0.800215
vt 0.705202 0.800123
vt 0.704888 0.802605
vt 0.704402 0.802329
vt 0.703269 0.804554
vt 0.702920 0.804145
vt 0.701079 0.805849
vt 0.700886 0.805337
vt 0.698584 0.806306
vt 0.698581 0.805757
vt 0.696076 0.805868
vt 0.696260 0.805352
vt 0.519682 0.965976
vt 0.519682 0.979789
vt 0.508577 0.977852
vt 0.513305 0.964873
vt 0.498832 0.972217
vt 0.507683 0.961632
vt 0.491575 0.963602
vt 0.503546 0.956677
vt 0.487726 0.952995
vt 0.501347 0.950595
vt 0.487726 0.941751
vt 0.501333 0.944137
vt 0.491561 0.931168
vt 0.503532 0.938050
vt 0.498818 0.922519
vt 0.507669 0.933096
vt 0.508549 0.916901
vt 0.513291 0.929873
vt 0.519655 0.914930
vt 0.519668 0.928745
vt 0.530732 0.916891
vt 0.526046 0.929869
vt 0.540518 0.922500
vt 0.531640 0.933087
vt 0.547748 0.931146
vt 0.535777 0.938039
vt 0.551596 0.941730
vt 0.538017 0.944125
vt 0.551596 0.952980
vt 0.538003 0.950586
vt 0.547748 0.963592
vt 0.535790 0.956672
vt 0.540518 0.972210
vt 0.531640 0.961627
vt 0.530746 0.977848
vt 0.526046 0.964870
vt 0.519682 0.958844
vt 0.515723 0.958177
vt 0.512301 0.956148
vt 0.509731 0.953116
vt 0.508357 0.949367
vt 0.508370 0.945359
vt 0.509745 0.941640
vt 0.512287 0.938562
vt 0.515723 0.936584
vt 0.519668 0.935859
vt 0.523585 0.936582
vt 0.527062 0.938557
vt 0.529605 0.941633
vt 0.530980 0.945350
vt 0.530980 0.949357
vt 0.529605 0.953104
vt 0.527062 0.956149
vt 0.523599 0.958177
vt 0.735910 0.831685
vt 0.737869 0.831685
vt 0.737869 0.832562
vt 0.735910 0.832562
vt 0.737869 0.833435
vt 0.735910 0.833435
vt 0.737869 0.834305
vt 0.735910 0.834305
vt 0.737869 0.835179
vt 0.735910 0.835179
vt 0.737869 0.836056
vt 0.735910 0.836056
vt 0.735910 0.843845
vt 0.737869 0.843845
vt 0.737869 0.844713
vt 0.735910 0.844713
vt 0.737869 0.845588
vt 0.735910 0.845588
vt 0.737869 0.846457
vt 0.735910 0.846457
vt 0.737869 0.847336
vt 0.735910 0.847336
vt 0.737869 0.848208
vt 0.735910 0.848208
vt 0.737869 0.849084
vt 0.735910 0.849084
vt 0.737869 0.849958
vt 0.735910 0.849958
vt 0.737869 0.850826
vt 0.735910 0.850826
vt 0.737869 0.851703
vt 0.735910 0.851703
vt 0.735910 0.828191
vt 0.737869 0.828191
vt 0.737869 0.829065
vt 0.735910 0.829065
vt 0.737869 0.829935
vt 0.735910 0.829935
vt 0.737869 0.830813
vt 0.735910 0.830813
vt 0.738385 0.820415
vt 0.737519 0.820266
vt 0.738385 0.817902
vt 0.736767 0.819824
vt 0.736206 0.819159
vt 0.735910 0.818337
vt 0.735910 0.817460
vt 0.736206 0.816645
vt 0.736767 0.815973
vt 0.737519 0.815538
vt 0.738385 0.815382
vt 0.739244 0.815538
vt 0.740003 0.815973
vt 0.740563 0.816645
vt 0.740863 0.817460
vt 0.740863 0.818337
vt 0.740563 0.819159
vt 0.740003 0.819824
vt 0.739244 0.820266
vt 0.691318 0.003906
vt 0.691318 0.491381
vt 0.655162 0.491381
vt 0.655162 0.003906
vt 0.739723 0.491378
vt 0.703567 0.491378
vt 0.703567 0.003906
vt 0.739723 0.003906
vt 0.003906 0.638358
vt 0.040063 0.638358
vt 0.040063 0.924043
vt 0.003906 0.924043
vt 0.923586 0.003906
vt 0.959743 0.003906
vt 0.959743 0.471572
vt 0.923586 0.471572
vt 0.911338 0.003906
vt 0.911338 0.471575
vt 0.875181 0.471575
vt 0.875181 0.003906
vt 0.119270 0.639114
vt 0.119270 0.885217
vt 0.083113 0.885217
vt 0.083113 0.639114
vt 0.545882 0.908644
vt 0.483666 0.908644
vt 0.483666 0.794983
vt 0.545882 0.794983
vt 0.833368 0.471572
vt 0.813576 0.491363
vt 0.813576 0.003906
vt 0.833368 0.003906
vt 0.844379 0.003906
vt 0.864170 0.003906
vt 0.864170 0.491363
vt 0.844379 0.471572
vt 0.771762 0.491363
vt 0.751971 0.491363
vt 0.751971 0.003906
vt 0.771762 0.023698
vt 0.620072 0.954593
vt 0.557855 0.954593
vt 0.557855 0.840932
vt 0.620072 0.840932
vt 0.802565 0.471572
vt 0.782773 0.491363
vt 0.782773 0.003906
vt 0.802565 0.003906
vt 0.052310 0.658385
vt 0.072102 0.638593
vt 0.072102 0.924278
vt 0.052310 0.904487
vt 0.690365 0.518040
vt 0.710157 0.498249
vt 0.710157 0.783934
vt 0.690365 0.764143
vt 0.800375 0.493720
vt 0.809453 0.502868
vt 0.809453 0.961393
vt 0.800375 0.961393
vt 0.152285 0.875394
vt 0.180824 0.875394
vt 0.180824 0.956056
vt 0.152285 0.969192
vt 0.664241 0.965898
vt 0.655162 0.965898
vt 0.655162 0.507387
vt 0.664241 0.498239
vt 0.783120 0.744329
vt 0.773973 0.735250
vt 0.773973 0.507300
vt 0.783120 0.498221
vt 0.761049 0.965951
vt 0.751971 0.956804
vt 0.751971 0.498293
vt 0.761049 0.498293
vt 0.083042 0.892970
vt 0.111581 0.906106
vt 0.111581 0.986768
vt 0.083042 0.986768
vt 0.840256 0.954834
vt 0.831178 0.954834
vt 0.831178 0.496309
vt 0.840256 0.487161
vt 0.140665 0.885429
vt 0.131517 0.876350
vt 0.131517 0.648400
vt 0.140665 0.639321
vt 0.310557 0.922039
vt 0.322489 0.927531
vt 0.310557 0.953455
vt 0.677164 0.498311
vt 0.681343 0.498311
vt 0.681343 0.956836
vt 0.677164 0.956836
vt 0.958789 0.478502
vt 0.962968 0.478502
vt 0.962968 0.706436
vt 0.958789 0.706436
vt 0.945587 0.478502
vt 0.949766 0.478502
vt 0.949766 0.937027
vt 0.945587 0.937027
vt 0.643977 0.812791
vt 0.643977 0.844207
vt 0.632045 0.818283
vt 0.910384 0.478505
vt 0.936044 0.478505
vt 0.936044 0.937023
vt 0.910384 0.937023
vt 0.179179 0.639660
vt 0.179179 0.867605
vt 0.153519 0.867605
vt 0.153519 0.639660
vt 0.900841 0.478505
vt 0.900841 0.937023
vt 0.875181 0.937023
vt 0.875181 0.478505
vt 0.261097 0.641446
vt 0.261097 0.955849
vt 0.272220 0.955849
vt 0.272220 0.641446
vt 0.592477 0.798229
vt 0.603600 0.798229
vt 0.603600 0.641746
vt 0.592477 0.641746
vt 0.329534 0.633957
vt 0.643124 0.633957
vt 0.643124 0.003906
vt 0.329534 0.006899
vt 0.003906 0.003906
vt 0.003906 0.630966
vt 0.200059 0.587958
vt 0.200059 0.363700
vt 0.317495 0.003906
vt 0.267955 0.363700
vt 0.317495 0.633960
vt 0.267955 0.587958
vt 0.296950 0.641682
vt 0.285827 0.641682
vt 0.285827 0.954591
vt 0.296950 0.954591
vt 0.237598 0.371489
vt 0.226475 0.371489
vt 0.226475 0.527980
vt 0.237598 0.527980
vt 0.721073 0.807608
vt 0.728622 0.805694
vt 0.728657 0.500409
vt 0.721107 0.502398
vt 0.995877 0.005285
vt 0.988155 0.005285
vt 0.988155 0.098341
vt 0.995877 0.098341
vt 0.377492 0.950190
vt 0.377457 0.644979
vt 0.369908 0.642989
vt 0.369943 0.948275
vt 0.995975 0.108887
vt 0.988254 0.108887
vt 0.988254 0.201942
vt 0.995975 0.201942
vt 0.191853 0.946977
vt 0.198575 0.939978
vt 0.198573 0.648732
vt 0.191853 0.641727
vt 0.958479 0.931831
vt 0.964126 0.923551
vt 0.964121 0.847064
vt 0.958479 0.838776
vt 0.226475 0.947309
vt 0.233196 0.940310
vt 0.233195 0.649064
vt 0.226475 0.642059
vt 0.973317 0.355834
vt 0.978963 0.347554
vt 0.978959 0.271066
vt 0.973317 0.262778
vt 0.204152 0.934178
vt 0.207227 0.931077
vt 0.207227 0.657624
vt 0.204151 0.654535
vt 0.969424 0.917675
vt 0.973071 0.915231
vt 0.973076 0.855365
vt 0.969419 0.852937
vt 0.238775 0.934510
vt 0.241848 0.931409
vt 0.241848 0.657956
vt 0.238772 0.654867
vt 0.984261 0.341678
vt 0.987909 0.339233
vt 0.987913 0.279367
vt 0.984256 0.276939
vt 0.201834 0.936725
vt 0.201833 0.651990
vt 0.967090 0.919924
vt 0.967083 0.850694
vt 0.236456 0.937057
vt 0.236454 0.652321
vt 0.981927 0.343927
vt 0.981921 0.274697
vt 0.213151 0.925141
vt 0.213147 0.663563
vt 0.978079 0.908197
vt 0.978072 0.862407
vt 0.247772 0.925473
vt 0.247769 0.663895
vt 0.992917 0.332199
vt 0.992909 0.286410
vt 0.310557 0.908903
vt 0.313778 0.908791
vt 0.313780 0.647255
vt 0.310557 0.647131
vt 0.315217 0.641777
vt 0.315347 0.645628
vt 0.353476 0.645618
vt 0.353601 0.641746
vt 0.358275 0.647128
vt 0.355055 0.647240
vt 0.355052 0.908776
vt 0.358275 0.908901
vt 0.353615 0.914255
vt 0.353485 0.910403
vt 0.315357 0.910413
vt 0.315233 0.914285
vt 0.728621 0.499153
vt 0.721072 0.501123
vt 0.721106 0.808884
vt 0.728657 0.806951
vt 0.988254 0.099714
vt 0.995978 0.099720
vt 0.995978 0.003906
vt 0.988254 0.003912
vt 0.369908 0.949532
vt 0.377458 0.951465
vt 0.377492 0.643704
vt 0.369943 0.641735
vt 0.988155 0.203315
vt 0.995873 0.203319
vt 0.995873 0.107509
vt 0.988155 0.107514
vt 0.199300 0.647625
vt 0.192409 0.640663
vt 0.192407 0.948043
vt 0.199298 0.941086
vt 0.964758 0.845779
vt 0.958948 0.837520
vt 0.958948 0.933088
vt 0.964761 0.924836
vt 0.233921 0.647958
vt 0.227030 0.640995
vt 0.227029 0.948374
vt 0.233919 0.941417
vt 0.979596 0.269782
vt 0.973786 0.261523
vt 0.973785 0.357091
vt 0.979599 0.348839
vt 0.207718 0.656526
vt 0.204585 0.653357
vt 0.204597 0.935355
vt 0.207722 0.932175
vt 0.973509 0.854089
vt 0.969937 0.851689
vt 0.969948 0.918922
vt 0.973507 0.916505
vt 0.242339 0.656858
vt 0.239207 0.653689
vt 0.239218 0.935687
vt 0.242343 0.932508
vt 0.988345 0.278092
vt 0.984774 0.275692
vt 0.984785 0.342925
vt 0.988344 0.340508
vt 0.202361 0.650902
vt 0.202359 0.937814
vt 0.967531 0.849422
vt 0.967538 0.921197
vt 0.236984 0.651234
vt 0.236980 0.938147
vt 0.982368 0.273425
vt 0.982375 0.345199
vt 0.213694 0.662482
vt 0.213692 0.926219
vt 0.978539 0.861144
vt 0.978539 0.909463
vt 0.248315 0.662814
vt 0.248313 0.926552
vt 0.993376 0.285145
vt 0.993377 0.333465
vt 0.314294 0.646185
vt 0.310769 0.645857
vt 0.310746 0.910230
vt 0.314293 0.909856
vt 0.354539 0.646175
vt 0.354764 0.641986
vt 0.314014 0.642017
vt 0.354538 0.909845
vt 0.358064 0.910174
vt 0.358086 0.645800
vt 0.314067 0.914045
vt 0.354819 0.914015
s 1
usemtl Metal_Door
f 4/1/1 1/2/1 2/3/2
f 2/3/2 3/4/2 4/1/1
f 3/4/2 2/3/2 5/5/3
f 5/5/3 6/6/3 3/4/2
f 6/6/3 5/5/3 7/7/4
f 7/7/4 8/8/4 6/6/3
f 8/8/4 7/7/4 9/9/5
f 9/9/5 10/10/5 8/8/4
f 10/10/5 9/9/5 11/11/6
f 11/11/6 12/12/6 10/10/5
f 12/12/6 11/11/6 13/13/7
f 13/13/7 14/14/7 12/12/6
f 14/14/7 13/13/7 15/15/8
f 15/15/8 16/16/8 14/14/7
f 16/16/8 15/15/8 17/17/9
f 17/17/9 18/18/9 16/16/8
f 18/18/9 17/17/9 19/19/10
f 19/19/10 20/20/10 18/18/9
f 20/20/10 19/19/10 21/21/11
f 21/21/11 22/22/11 20/20/10
f 22/22/11 21/21/11 23/23/12
f 23/23/12 24/24/12 22/22/11
f 24/24/12 23/23/12 25/25/13
f 25/25/13 26/26/13 24/24/12
f 26/26/13 25/25/13 27/27/14
f 27/27/14 28/28/15 26/26/13
f 28/28/15 27/27/14 29/29/16
f 29/29/16 30/30/17 28/28/15
f 30/30/17 29/29/16 31/31/18
f 31/31/18 32/32/18 30/30/17
f 32/32/18 31/31/18 33/33/19
f 33/33/19 34/34/19 32/32/18
f 34/35/19 33/36/19 35/37/20
f 35/37/20 36/38/20 34/35/19
f 36/38/20 35/37/20 1/2/1
f 1/2/1 4/1/1 36/38/20
f 2/39/21 1/40/21 37/41/21
f 1/40/21 35/42/21 37/41/21
f 35/42/21 33/43/21 37/41/21
f 33/43/21 31/44/21 37/41/21
f 31/44/21 29/45/21 37/41/21
f 29/45/21 27/46/21 37/41/21
f 27/46/21 25/47/21 37/41/21
f 25/47/21 23/48/21 37/41/21
f 23/48/21 21/49/21 37/41/21
f 21/49/21 19/50/21 37/41/21
f 19/50/21 17/51/21 37/41/21
f 17/51/21 15/52/21 37/41/21
f 15/52/21 13/53/21 37/41/21
f 13/53/21 11/54/21 37/41/21
f 11/54/21 9/55/21 37/41/21
f 9/55/21 7/56/21 37/41/21
f 7/56/21 5/57/21 37/41/21
f 5/57/21 2/39/21 37/41/21
f 4/58/22 3/59/22 38/60/22
f 3/59/22 6/61/22 38/60/22
f 6/61/22 8/62/22 38/60/22
f 8/62/22 10/63/22 38/60/22
f 10/63/22 12/64/22 38/60/22
f 12/64/22 14/65/22 38/60/22
f 14/65/22 16/66/22 38/60/22
f 16/66/22 18/67/22 38/60/22
f 18/67/22 20/68/22 38/60/22
f 20/68/22 22/69/22 38/60/22
f 22/69/22 24/70/22 38/60/22
f 24/70/22 26/71/22 38/60/22
f 26/71/22 28/72/22 38/60/22
f 28/72/22 30/73/22 38/60/22
f 30/73/22 32/74/22 38/60/22
f 32/74/22 34/75/22 38/60/22
f 34/75/22 36/76/22 38/60/22
f 36/76/22 4/58/22 38/60/22
f 42/77/1 39/78/1 40/79/2
f 40/79/2 41/80/2 42/77/1
f 41/80/2 40/79/2 43/81/3
f 43/81/3 44/82/3 41/80/2
f 44/82/3 43/81/3 45/83/4
f 45/83/4 46/84/4 44/82/3
f 46/84/4 45/83/4 47/85/5
f 47/85/5 48/86/5 46/84/4
f 48/86/5 47/85/5 49/87/6
f 49/87/6 50/88/6 48/86/5
f 50/88/6 49/87/6 51/89/7
f 51/89/7 52/90/7 50/88/6
f 52/90/7 51/89/7 53/91/8
f 53/91/8 54/92/8 52/90/7
f 54/92/8 53/91/8 55/93/9
f 55/93/9 56/94/9 54/92/8
f 56/94/9 55/93/9 57/95/10
f 57/95/10 58/96/10 56/94/9
f 58/96/10 57/95/10 59/97/11
f 59/97/11 60/98/11 58/96/10
f 60/98/11 59/97/11 61/99/12
f 61/99/12 62/100/12 60/98/11
f 62/100/12 61/99/12 63/101/13
f 63/101/13 64/102/13 62/100/12
f 64/102/13 63/101/13 65/103/14
f 65/103/14 66/104/14 64/102/13
f 66/104/14 65/103/14 67/105/17
f 67/105/17 68/106/17 66/104/14
f 68/106/17 67/105/17 69/107/18
f 69/107/18 70/108/18 68/106/17
f 70/108/18 69/107/18 71/109/19
f 71/109/19 72/110/19 70/108/18
f 72/110/19 71/109/19 73/111/20
f 73/111/20 74/112/20 72/110/19
f 74/113/20 73/114/20 39/78/1
f 39/78/1 42/77/1 74/113/20
f 40/115/21 39/116/21 75/117/21
f 39/116/21 73/118/21 75/117/21
f 73/118/21 71/119/21 75/117/21
f 71/119/21 69/120/21 75/117/21
f 69/120/21 67/121/21 75/117/21
f 67/121/21 65/122/21 75/117/21
f 65/122/21 63/123/21 75/117/21
f 63/123/21 61/124/21 75/117/21
f 61/124/21 59/125/21 75/117/21
f 59/125/21 57/126/21 75/117/21
f 57/126/21 55/127/21 75/117/21
f 55/127/21 53/128/21 75/117/21
f 53/128/21 51/129/21 75/117/21
f 51/129/21 49/130/21 75/117/21
f 49/130/21 47/131/21 75/117/21
f 47/131/21 45/132/21 75/117/21
f 45/132/21 43/133/21 75/117/21
f 43/133/21 40/115/21 75/117/21
f 42/134/22 41/135/22 76/136/22
f 41/135/22 44/137/22 76/136/22
f 44/137/22 46/138/22 76/136/22
f 46/138/22 48/139/22 76/136/22
f 48/139/22 50/140/22 76/136/22
f 50/140/22 52/141/22 76/136/22
f 52/141/22 54/142/22 76/136/22
f 54/142/22 56/143/22 76/136/22
f 56/143/22 58/144/22 76/136/22
f 58/144/22 60/145/22 76/136/22
f 60/145/22 62/146/22 76/136/22
f 62/146/22 64/147/22 76/136/22
f 64/147/22 66/148/22 76/136/22
f 66/148/22 68/149/22 76/136/22
f 68/149/22 70/150/22 76/136/22
f 70/150/22 72/151/22 76/136/22
f 72/151/22 74/152/22 76/136/22
f 74/152/22 42/134/22 76/136/22
f 80/153/1 77/154/1 78/155/2
f 78/155/2 79/156/2 80/153/1
f 79/156/2 78/155/2 81/157/3
f 81/157/3 82/158/3 79/156/2
f 82/158/3 81/157/3 83/159/4
f 83/159/4 84/160/4 82/158/3
f 84/160/4 83/159/4 85/161/5
f 85/161/5 86/162/5 84/160/4
f 86/162/5 85/161/5 87/163/6
f 87/163/6 88/164/6 86/162/5
f 88/164/6 87/163/6 89/165/7
f 89/165/7 90/166/7 88/164/6
f 90/166/7 89/165/7 91/167/8
f 91/167/8 92/168/8 90/166/7
f 92/168/8 91/167/8 93/169/9
f 93/169/9 94/170/9 92/168/8
f 94/170/9 93/169/9 95/171/10
f 95/171/10 96/172/10 94/170/9
f 96/172/10 95/171/10 97/173/11
f 97/173/11 98/174/11 96/172/10
f 98/174/11 97/173/11 99/175/12
f 99/175/12 100/176/12 98/174/11
f 100/176/12 99/175/12 101/177/13
f 101/177/13 102/178/13 100/176/12
f 102/178/13 101/177/13 103/179/14
f 103/179/14 104/180/15 102/178/13
f 104/180/15 103/179/14 105/181/17
f 105/181/17 106/182/16 104/180/15
f 106/182/16 105/181/17 107/183/18
f 107/183/18 108/184/18 106/182/16
f 108/184/18 107/183/18 109/185/19
f 109/185/19 110/186/19 108/184/18
f 110/187/19 109/188/19 111/189/20
f 111/189/20 112/190/20 110/187/19
f 112/190/20 111/189/20 77/154/1
f 77/154/1 80/153/1 112/190/20
f 78/191/21 77/192/21 113/193/21
f 77/192/21 111/194/21 113/193/21
f 111/194/21 109/195/21 113/193/21
f 109/195/21 107/196/21 113/193/21
f 107/196/21 105/197/21 113/193/21
f 105/197/21 103/198/21 113/193/21
f 103/198/21 101/199/21 113/193/21
f 101/199/21 99/200/21 113/193/21
f 99/200/21 97/201/21 113/193/21
f 97/201/21 95/202/21 113/193/21
f 95/202/21 93/203/21 113/193/21
f 93/203/21 91/204/21 113/193/21
f 91/204/21 89/205/21 113/193/21
f 89/205/21 87/206/21 113/193/21
f 87/206/21 85/207/21 113/193/21
f 85/207/21 83/208/21 113/193/21
f 83/208/21 81/209/21 113/193/21
f 81/209/21 78/191/21 113/193/21
f 80/210/22 79/211/22 114/212/22
f 79/211/22 82/213/22 114/212/22
f 82/213/22 84/214/22 114/212/22
f 84/214/22 86/215/22 114/212/22
f 86/215/22 88/216/22 114/212/22
f 88/216/22 90/217/22 114/212/22
f 90/217/22 92/218/22 114/212/22
f 92/218/22 94/219/22 114/212/22
f 94/219/22 96/220/22 114/212/22
f 96/220/22 98/221/22 114/212/22
f 98/221/22 100/222/22 114/212/22
f 100/222/22 102/223/22 114/212/22
f 102/223/22 104/224/22 114/212/22
f 104/224/22 106/225/22 114/212/22
f 106/225/22 108/226/22 114/212/22
f 108/226/22 110/227/22 114/212/22
f 110/227/22 112/228/22 114/212/22
f 112/228/22 80/210/22 114/212/22
f 118/229/23 115/230/23 116/231/24
f 116/231/24 117/232/24 118/229/23
f 117/232/24 116/231/24 119/233/25
f 119/233/25 120/234/25 117/232/24
f 120/234/25 119/233/25 121/235/26
f 121/235/26 122/236/26 120/234/25
f 122/236/26 121/235/26 123/237/27
f 123/237/27 124/238/28 122/236/26
f 124/238/28 123/237/27 125/239/29
f 125/239/29 126/240/30 124/238/28
f 126/240/30 125/239/29 127/241/31
f 127/241/31 128/242/31 126/240/30
f 128/242/31 127/241/31 129/243/32
f 129/243/32 130/244/32 128/242/31
f 130/244/32 129/243/32 131/245/33
f 131/245/33 132/246/33 130/244/32
f 132/246/33 131/245/33 133/247/34
f 133/247/34 134/248/34 132/246/33
f 134/248/34 133/247/34 135/249/35
f 135/249/35 136/250/35 134/248/34
f 136/250/35 135/249/35 137/251/36
f 137/251/36 138/252/36 136/250/35
f 138/252/36 137/251/36 139/253/37
f 139/253/37 140/254/37 138/252/36
f 140/254/37 139/253/37 141/255/38
f 141/255/38 142/256/39 140/254/37
f 142/257/39 141/258/38 143/259/40
f 143/259/40 144/260/41 142/257/39
f 144/260/41 143/259/40 145/261/42
f 145/261/42 146/262/42 144/260/41
f 146/262/42 145/261/42 147/263/43
f 147/263/43 148/264/43 146/262/42
f 148/264/43 147/263/43 149/265/44
f 149/265/44 150/266/44 148/264/43
f 150/266/44 149/265/44 115/230/23
f 115/230/23 118/229/23 150/266/44
f 118/267/45 117/268/46 151/269/47
f 151/269/47 152/270/48 118/267/45
f 117/268/46 120/271/49 153/272/50
f 153/272/50 151/269/47 117/268/46
f 120/271/49 122/273/51 154/274/52
f 154/274/52 153/272/50 120/271/49
f 122/273/51 124/275/53 155/276/54
f 155/276/54 154/274/52 122/273/51
f 124/275/53 126/277/55 156/278/56
f 156/278/56 155/276/54 124/275/53
f 126/277/55 128/279/57 157/280/58
f 157/280/58 156/278/56 126/277/55
f 128/279/57 130/281/59 158/282/60
f 158/282/60 157/280/58 128/279/57
f 130/281/59 132/283/61 159/284/62
f 159/284/62 158/282/60 130/281/59
f 132/283/61 134/285/63 160/286/64
f 160/286/64 159/284/62 132/283/61
f 134/285/63 136/287/65 161/288/66
f 161/288/66 160/286/64 134/285/63
f 136/287/65 138/289/67 162/290/68
f 162/290/68 161/288/66 136/287/65
f 138/289/67 140/291/69 163/292/70
f 163/292/70 162/290/68 138/289/67
f 140/291/69 142/293/71 164/294/72
f 164/294/72 163/292/70 140/291/69
f 142/295/71 144/296/73 165/297/74
f 165/297/74 164/298/72 142/295/71
f 144/296/73 146/299/75 166/300/76
f 166/300/76 165/297/74 144/296/73
f 146/299/75 148/301/77 167/302/78
f 167/302/78 166/300/76 146/299/75
f 148/301/77 150/303/79 168/304/80
f 168/304/80 167/302/78 148/301/77
f 150/303/79 118/267/45 152/270/48
f 152/270/48 168/304/80 150/303/79
f 151/269/47 169/305/81 170/306/82
f 170/306/82 152/270/48 151/269/47
f 153/272/50 171/307/83 169/305/81
f 169/305/81 151/269/47 153/272/50
f 154/274/52 172/308/84 171/307/83
f 171/307/83 153/272/50 154/274/52
f 155/276/54 173/309/85 172/308/84
f 172/308/84 154/274/52 155/276/54
f 156/278/56 174/310/86 173/309/85
f 173/309/85 155/276/54 156/278/56
f 157/280/58 175/311/87 174/310/86
f 174/310/86 156/278/56 157/280/58
f 158/282/60 176/312/88 175/311/87
f 175/311/87 157/280/58 158/282/60
f 159/284/62 177/313/89 176/312/88
f 176/312/88 158/282/60 159/284/62
f 160/286/64 178/314/90 177/313/89
f 177/313/89 159/284/62 160/286/64
f 161/288/66 179/315/91 178/314/90
f 178/314/90 160/286/64 161/288/66
f 162/290/68 180/316/92 179/315/91
f 179/315/91 161/288/66 162/290/68
f 163/292/70 181/317/93 180/316/92
f 180/316/92 162/290/68 163/292/70
f 164/294/72 182/318/94 181/317/93
f 181/317/93 163/292/70 164/294/72
f 165/297/74 183/319/95 182/320/94
f 182/320/94 164/298/72 165/297/74
f 166/300/76 184/321/96 183/319/95
f 183/319/95 165/297/74 166/300/76
f 167/302/78 185/322/97 184/321/96
f 184/321/96 166/300/76 167/302/78
f 168/304/80 186/323/98 185/322/97
f 185/322/97 167/302/78 168/304/80
f 152/270/48 170/306/82 186/323/98
f 186/323/98 168/304/80 152/270/48
f 188/324/99 170/325/99 169/326/99
f 169/326/99 187/327/99 188/324/99
f 187/327/100 169/326/100 171/328/100
f 171/328/100 189/329/100 187/327/100
f 189/329/101 171/328/101 172/330/102
f 172/330/102 190/331/102 189/329/101
f 190/331/103 172/330/103 173/332/103
f 173/332/103 191/333/103 190/331/103
f 191/333/22 173/332/22 174/334/22
f 174/334/22 192/335/22 191/333/22
f 192/335/104 174/334/104 175/336/104
f 175/336/104 193/337/104 192/335/104
f 193/337/105 175/336/105 176/338/105
f 176/338/105 194/339/105 193/337/105
f 194/339/106 176/338/106 177/340/106
f 177/340/106 195/341/106 194/339/106
f 195/341/107 177/340/107 178/342/107
f 178/342/107 196/343/107 195/341/107
f 196/343/108 178/342/108 179/344/108
f 179/344/108 197/345/108 196/343/108
f 197/345/109 179/344/109 180/346/109
f 180/346/109 198/347/109 197/345/109
f 198/347/110 180/346/110 181/348/110
f 181/348/110 199/349/110 198/347/110
f 199/349/111 181/348/111 182/350/111
f 182/350/111 200/351/111 199/349/111
f 200/352/21 182/353/21 183/354/21
f 183/354/21 201/355/21 200/352/21
f 201/355/112 183/354/112 184/356/112
f 184/356/112 202/357/112 201/355/112
f 202/357/113 184/356/113 185/358/113
f 185/358/113 203/359/113 202/357/113
f 203/359/114 185/358/114 186/360/114
f 186/360/114 204/361/114 203/359/114
f 204/361/115 186/360/115 170/325/115
f 170/325/115 188/324/115 204/361/115
f 206/362/10 188/363/10 187/364/10
f 187/364/10 205/365/10 206/362/10
f 205/365/10 187/364/10 189/366/10
f 189/366/10 207/367/10 205/365/10
f 207/367/10 189/366/10 190/368/10
f 190/368/10 208/369/10 207/367/10
f 208/369/10 190/368/10 191/370/10
f 191/370/10 209/371/10 208/369/10
f 209/371/10 191/370/10 192/372/10
f 192/372/10 210/373/10 209/371/10
f 210/373/10 192/372/10 193/374/10
f 193/374/10 211/375/10 210/373/10
f 211/375/10 193/374/10 194/376/10
f 194/376/10 212/377/10 211/375/10
f 212/377/10 194/376/10 195/378/10
f 195/378/10 213/379/10 212/377/10
f 213/379/10 195/378/10 196/380/10
f 196/380/10 214/381/10 213/379/10
f 214/381/10 196/380/10 197/382/10
f 197/382/10 215/383/10 214/381/10
f 215/383/10 197/382/10 198/384/10
f 198/384/10 216/385/10 215/383/10
f 216/385/10 198/384/10 199/386/10
f 199/386/10 217/387/10 216/385/10
f 217/387/10 199/386/10 200/388/10
f 200/388/10 218/389/10 217/387/10
f 218/390/10 200/391/10 201/392/10
f 201/392/10 219/393/10 218/390/10
f 219/393/10 201/392/10 202/394/10
f 202/394/10 220/395/10 219/393/10
f 220/395/10 202/394/10 203/396/10
f 203/396/10 221/397/10 220/395/10
f 221/397/10 203/396/10 204/398/10
f 204/398/10 222/399/10 221/397/10
f 222/399/10 204/398/10 188/363/10
f 188/363/10 206/362/10 222/399/10
f 224/400/116 206/362/116 205/365/116
f 205/365/116 223/401/116 224/400/116
f 223/401/117 205/365/117 207/367/117
f 207/367/117 225/402/118 223/401/117
f 225/402/119 207/367/119 208/369/119
f 208/369/119 226/403/119 225/402/119
f 226/403/120 208/369/120 209/371/120
f 209/371/120 227/404/120 226/403/120
f 227/404/121 209/371/121 210/373/121
f 210/373/121 228/405/121 227/404/121
f 228/405/122 210/373/122 211/375/122
f 211/375/123 229/406/123 228/405/123
f 229/406/124 211/375/124 212/377/124
f 212/377/125 230/407/125 229/406/125
f 230/407/126 212/377/126 213/379/126
f 213/379/127 231/408/127 230/407/127
f 231/408/128 213/379/128 214/381/128
f 214/381/128 232/409/128 231/408/128
f 232/409/129 214/381/129 215/383/130
f 215/383/130 233/410/130 232/409/129
f 233/410/131 215/383/131 216/385/131
f 216/385/131 234/411/131 233/410/131
f 234/411/132 216/385/132 217/387/132
f 217/387/132 235/412/132 234/411/132
f 235/412/133 217/387/133 218/389/134
f 218/389/134 236/413/135 235/412/133
f 236/414/136 218/390/136 219/393/136
f 219/393/136 237/415/136 236/414/136
f 237/415/137 219/393/137 220/395/137
f 220/395/138 238/416/138 237/415/138
f 238/416/139 220/395/139 221/397/139
f 221/397/140 239/417/140 238/416/140
f 239/417/141 221/397/141 222/399/141
f 222/399/141 240/418/141 239/417/141
f 240/418/142 222/399/142 206/362/143
f 206/362/143 224/400/143 240/418/142
f 242/419/144 232/420/145 233/421/146
f 233/421/146 241/422/147 242/419/144
f 241/422/147 233/421/146 234/423/148
f 234/423/148 243/424/149 241/422/147
f 243/424/149 234/423/148 235/425/150
f 235/425/150 244/426/151 243/424/149
f 244/426/151 235/425/150 236/427/152
f 236/427/152 245/428/153 244/426/151
f 245/429/153 236/430/152 246/431/154
f 246/431/154 247/432/155 245/429/153
f 247/432/155 246/431/154 238/433/156
f 238/433/156 248/434/157 247/432/155
f 248/434/157 238/433/156 249/435/158
f 249/435/158 250/436/159 248/434/157
f 250/436/159 249/435/158 240/437/160
f 240/437/161 251/438/162 250/436/159
f 251/438/162 240/437/161 224/439/163
f 224/439/163 252/440/164 251/438/162
f 252/440/164 224/439/163 223/441/165
f 223/441/165 253/442/166 252/440/164
f 253/442/166 223/441/165 225/443/167
f 225/443/167 254/444/168 253/442/166
f 254/444/168 225/443/167 226/445/169
f 226/445/169 255/446/170 254/444/168
f 255/446/170 226/445/169 256/447/171
f 256/447/171 257/448/172 255/446/170
f 257/448/172 256/447/171 258/449/173
f 258/449/173 259/450/174 257/448/172
f 259/450/174 258/449/173 229/451/175
f 229/451/175 260/452/176 259/450/174
f 260/452/176 229/451/175 261/453/177
f 261/453/177 262/454/178 260/452/176
f 262/454/178 261/453/177 263/455/179
f 263/455/179 264/456/180 262/454/178
f 264/456/180 263/455/179 232/420/145
f 232/420/145 242/419/144 264/456/180
f 266/457/181 242/419/144 241/422/147
f 241/422/147 265/458/182 266/457/181
f 265/458/182 241/422/147 243/424/149
f 243/424/149 267/459/183 265/458/182
f 267/459/183 243/424/149 244/426/151
f 244/426/151 268/460/184 267/459/183
f 268/460/184 244/426/151 245/428/153
f 245/428/153 269/461/185 268/460/184
f 269/462/185 245/429/153 247/432/155
f 247/432/155 270/463/186 269/462/185
f 270/463/186 247/432/155 248/434/157
f 248/434/157 271/464/187 270/463/186
f 271/464/187 248/434/157 250/436/159
f 250/436/159 272/465/188 271/464/187
f 272/465/188 250/436/159 251/438/162
f 251/438/162 273/466/189 272/465/188
f 273/466/189 251/438/162 252/440/164
f 252/440/164 274/467/190 273/466/189
f 274/467/190 252/440/164 253/442/166
f 253/442/166 275/468/191 274/467/190
f 275/468/191 253/442/166 254/444/168
f 254/444/168 276/469/192 275/468/191
f 276/469/192 254/444/168 255/446/170
f 255/446/170 277/470/193 276/469/192
f 277/470/193 255/446/170 257/448/172
f 257/448/172 278/471/194 277/470/193
f 278/471/194 257/448/172 259/450/174
f 259/450/174 279/472/195 278/471/194
f 279/472/195 259/450/174 260/452/176
f 260/452/176 280/473/196 279/472/195
f 280/473/196 260/452/176 262/454/178
f 262/454/178 281/474/197 280/473/196
f 281/474/197 262/454/178 264/456/180
f 264/456/180 282/475/198 281/474/197
f 282/475/198 264/456/180 242/419/144
f 242/419/144 266/457/181 282/475/198
f 284/476/199 266/457/181 265/458/182
f 265/458/182 283/477/200 284/476/199
f 283/477/200 265/458/182 267/459/183
f 267/459/183 285/478/201 283/477/200
f 285/478/201 267/459/183 268/460/184
f 268/460/184 286/479/202 285/478/201
f 286/479/202 268/460/184 269/461/185
f 269/461/185 287/480/203 286/479/202
f 287/481/203 269/462/185 270/463/186
f 270/463/186 288/482/204 287/481/203
f 288/482/204 270/463/186 271/464/187
f 271/464/187 289/483/205 288/482/204
f 289/483/205 271/464/187 272/465/188
f 272/465/188 290/484/206 289/483/205
f 290/484/206 272/465/188 273/466/189
f 273/466/189 291/485/207 290/484/206
f 291/485/207 273/466/189 274/467/190
f 274/467/190 292/486/208 291/485/207
f 292/486/208 274/467/190 275/468/191
f 275/468/191 293/487/209 292/486/208
f 293/487/209 275/468/191 276/469/192
f 276/469/192 294/488/210 293/487/209
f 294/488/210 276/469/192 277/470/193
f 277/470/193 295/489/211 294/488/210
f 295/489/211 277/470/193 278/471/194
f 278/471/194 296/490/212 295/489/211
f 296/490/212 278/471/194 279/472/195
f 279/472/195 297/491/213 296/490/212
f 297/491/213 279/472/195 280/473/196
f 280/473/196 298/492/214 297/491/213
f 298/492/214 280/473/196 281/474/197
f 281/474/197 299/493/215 298/492/214
f 299/493/215 281/474/197 282/475/198
f 282/475/198 300/494/216 299/493/215
f 300/494/216 282/475/198 266/457/181
f 266/457/181 284/476/199 300/494/216
f 302/495/34 284/476/199 283/477/200
f 283/477/200 301/496/35 302/495/34
f 301/496/35 283/477/200 285/478/201
f 285/478/201 303/497/36 301/496/35
f 303/497/36 285/478/201 286/479/202
f 286/479/202 304/498/37 303/497/36
f 304/498/37 286/479/202 287/480/203
f 287/480/203 305/499/38 304/498/37
f 305/500/38 287/481/203 288/482/204
f 288/482/204 306/501/40 305/500/38
f 306/501/40 288/482/204 289/483/205
f 289/483/205 307/502/42 306/501/40
f 307/502/42 289/483/205 290/484/206
f 290/484/206 308/503/217 307/502/42
f 312/504/218 309/505/218 310/506/218
f 310/506/218 311/507/218 312/504/218
f 311/507/218 310/506/218 313/508/218
f 313/508/218 314/509/218 311/507/218
f 314/509/218 313/508/218 315/510/218
f 315/510/218 316/511/218 314/509/218
f 316/511/218 315/510/218 317/512/218
f 317/512/218 318/513/218 316/511/218
f 320/514/219 294/488/210 295/489/211
f 295/489/211 319/515/26 320/514/219
f 319/515/26 295/489/211 296/490/212
f 296/490/212 321/516/28 319/515/26
f 321/516/28 296/490/212 297/491/213
f 297/491/213 322/517/29 321/516/28
f 322/517/29 297/491/213 298/492/214
f 298/492/214 323/518/31 322/517/29
f 323/518/31 298/492/214 299/493/215
f 299/493/215 324/519/32 323/518/31
f 324/519/32 299/493/215 300/494/216
f 300/494/216 325/520/33 324/519/32
f 325/520/33 300/494/216 284/476/199
f 284/476/199 302/495/34 325/520/33
f 290/521/1 291/522/1 326/523/220
f 326/523/220 327/524/221 290/521/1
f 291/522/1 292/525/1 328/526/220
f 328/526/220 326/523/220 291/522/1
f 328/526/220 292/525/1 293/527/1
f 293/527/1 329/528/220 328/526/220
f 329/528/220 293/527/1 294/529/1
f 294/529/1 330/530/221 329/528/220
f 294/531/210 320/532/219 331/533/222
f 331/533/222 330/534/223 294/531/210
f 320/535/10 332/536/10 333/537/224
f 333/537/224 331/538/225 320/535/10
f 332/536/10 334/539/10 335/540/224
f 335/540/224 333/537/224 332/536/10
f 335/540/224 334/539/10 336/541/10
f 336/541/10 337/542/224 335/540/224
f 337/542/224 336/541/10 308/543/10
f 308/543/10 338/544/225 337/542/224
f 308/545/217 290/546/206 327/547/226
f 327/547/226 338/548/227 308/545/217
f 302/549/10 301/550/10 339/551/10
f 301/550/10 303/552/10 339/551/10
f 303/552/10 304/553/10 339/551/10
f 304/553/10 305/554/10 339/551/10
f 305/554/10 306/555/10 339/551/10
f 306/555/10 307/556/10 339/551/10
f 307/556/10 308/543/10 339/551/10
f 308/543/10 336/541/10 339/551/10
f 336/541/10 334/539/10 339/551/10
f 334/539/10 332/536/10 339/551/10
f 332/536/10 320/535/10 339/551/10
f 320/535/10 319/557/10 339/551/10
f 319/557/10 321/558/10 339/551/10
f 321/558/10 322/559/10 339/551/10
f 322/559/10 323/560/10 339/551/10
f 323/560/10 324/561/10 339/551/10
f 324/561/10 325/562/10 339/551/10
f 325/562/10 302/549/10 339/551/10
f 327/524/221 326/523/220 340/563/228
f 340/563/228 341/564/229 327/524/221
f 326/523/220 328/526/220 342/565/228
f 342/565/228 340/563/228 326/523/220
f 329/528/220 343/566/228 342/565/228
f 342/565/228 328/526/220 329/528/220
f 330/530/221 344/567/229 343/566/228
f 343/566/228 329/528/220 330/530/221
f 331/533/222 345/568/230 344/569/231
f 344/569/231 330/534/223 331/533/222
f 331/538/225 333/537/224 346/570/232
f 346/570/232 345/571/233 331/538/225
f 333/537/224 335/540/224 347/572/232
f 347/572/232 346/570/232 333/537/224
f 337/542/224 348/573/232 347/572/232
f 347/572/232 335/540/224 337/542/224
f 338/544/225 349/574/233 348/573/232
f 348/573/232 337/542/224 338/544/225
f 338/548/227 327/547/226 341/575/234
f 341/575/234 349/576/235 338/548/227
f 341/564/229 340/563/228 310/577/236
f 310/577/236 309/578/236 341/564/229
f 340/563/228 342/565/228 313/579/236
f 313/579/236 310/577/236 340/563/228
f 343/566/228 315/580/236 313/579/236
f 313/579/236 342/565/228 343/566/228
f 344/567/229 317/581/236 315/580/236
f 315/580/236 343/566/228 344/567/229
f 345/568/230 318/582/237 317/583/237
f 317/583/237 344/569/231 345/568/230
f 345/571/233 346/570/232 316/584/238
f 316/584/238 318/585/238 345/571/233
f 346/570/232 347/572/232 314/586/238
f 314/586/238 316/584/238 346/570/232
f 348/573/232 311/587/238 314/586/238
f 314/586/238 347/572/232 348/573/232
f 349/574/233 312/588/238 311/587/238
f 311/587/238 348/573/232 349/574/233
f 349/576/235 341/575/234 309/505/239
f 309/505/239 312/504/239 349/576/235
f 353/589/240 350/590/240 351/591/241
f 351/591/241 352/592/241 353/589/240
f 352/592/241 351/591/241 354/593/242
f 354/593/242 355/594/242 352/592/241
f 355/594/242 354/593/242 356/595/243
f 356/595/243 357/596/243 355/594/242
f 357/596/243 356/595/243 358/597/244
f 358/597/244 359/598/244 357/596/243
f 359/598/244 358/597/244 360/599/245
f 360/599/245 361/600/245 359/598/244
f 361/600/245 360/599/245 362/601/246
f 362/601/246 363/602/247 361/600/245
f 363/602/247 362/601/246 364/603/248
f 364/603/248 365/604/248 363/602/247
f 365/604/248 364/603/248 366/605/249
f 366/605/249 367/606/249 365/604/248
f 367/606/249 366/605/249 368/607/250
f 368/607/250 369/608/250 367/606/249
f 369/608/250 368/607/250 370/609/251
f 370/609/251 371/610/251 369/608/250
f 371/610/251 370/609/251 372/611/252
f 372/611/252 373/612/252 371/610/251
f 373/612/252 372/611/252 374/613/253
f 374/613/253 375/614/253 373/612/252
f 375/614/253 374/613/253 376/615/254
f 376/615/254 377/616/254 375/614/253
f 377/616/254 376/615/254 378/617/255
f 378/617/255 379/618/256 377/616/254
f 379/619/256 378/620/255 380/621/257
f 380/621/257 381/622/258 379/619/256
f 381/622/258 380/621/257 382/623/259
f 382/623/259 383/624/259 381/622/258
f 383/624/259 382/623/259 384/625/260
f 384/625/260 385/626/260 383/624/259
f 385/626/260 384/625/260 350/590/240
f 350/590/240 353/589/240 385/626/260
f 387/627/10 353/628/10 352/629/10
f 352/629/10 386/630/10 387/627/10
f 386/630/10 352/629/10 355/631/10
f 355/631/10 388/632/10 386/630/10
f 388/632/10 355/631/10 357/633/10
f 357/633/10 389/634/10 388/632/10
f 389/634/10 357/633/10 359/635/10
f 359/635/10 390/636/10 389/634/10
f 390/636/10 359/635/10 361/637/10
f 361/637/10 391/638/10 390/636/10
f 391/638/10 361/637/10 363/639/10
f 363/639/10 392/640/10 391/638/10
f 392/640/10 363/639/10 365/641/10
f 365/641/10 393/642/10 392/640/10
f 393/642/10 365/641/10 367/643/10
f 367/643/10 394/644/10 393/642/10
f 394/644/10 367/643/10 369/645/10
f 369/645/10 395/646/10 394/644/10
f 395/646/10 369/645/10 371/647/10
f 371/647/10 396/648/10 395/646/10
f 396/648/10 371/647/10 373/649/10
f 373/649/10 397/650/10 396/648/10
f 397/650/10 373/649/10 375/651/10
f 375/651/10 398/652/10 397/650/10
f 398/652/10 375/651/10 377/653/10
f 377/653/10 399/654/10 398/652/10
f 399/654/10 377/653/10 379/655/10
f 379/655/10 400/656/10 399/654/10
f 400/656/10 379/655/10 381/657/10
f 381/657/10 401/658/10 400/656/10
f 401/658/10 381/657/10 383/659/10
f 383/659/10 402/660/10 401/658/10
f 402/660/10 383/659/10 385/661/10
f 385/661/10 403/662/10 402/660/10
f 403/662/10 385/661/10 353/628/10
f 353/628/10 387/627/10 403/662/10
f 405/663/34 387/664/34 386/665/35
f 386/665/35 404/666/35 405/663/34
f 404/666/35 386/665/35 388/667/36
f 388/667/36 406/668/36 404/666/35
f 406/668/36 388/667/36 389/669/37
f 389/669/37 407/670/37 406/668/36
f 407/670/37 389/669/37 390/671/38
f 390/671/38 408/672/38 407/670/37
f 408/672/38 390/671/38 391/673/41
f 391/673/41 409/674/41 408/672/38
f 409/675/41 391/676/41 392/677/42
f 392/677/42 410/678/42 409/675/41
f 410/678/42 392/677/42 393/679/261
f 393/679/261 411/680/43 410/678/42
f 411/680/43 393/679/261 394/681/44
f 394/681/44 412/682/44 411/680/43
f 412/682/44 394/681/44 395/683/23
f 395/683/23 413/684/23 412/682/44
f 413/684/23 395/683/23 396/685/24
f 396/685/24 414/686/24 413/684/23
f 414/686/24 396/685/24 397/687/25
f 397/687/25 415/688/25 414/686/24
f 415/688/25 397/687/25 398/689/26
f 398/689/26 416/690/26 415/688/25
f 416/690/26 398/689/26 399/691/27
f 399/691/27 417/692/27 416/690/26
f 417/692/27 399/691/27 400/693/30
f 400/693/30 418/694/30 417/692/27
f 418/695/30 400/696/30 401/697/31
f 401/697/31 419/698/31 418/695/30
f 419/698/31 401/697/31 402/699/32
f 402/699/32 420/700/32 419/698/31
f 420/700/32 402/699/32 403/701/33
f 403/701/33 421/702/33 420/700/32
f 421/702/33 403/701/33 387/664/34
f 387/664/34 405/663/34 421/702/33
f 423/703/10 405/704/10 404/705/10
f 404/705/10 422/706/10 423/703/10
f 422/706/10 404/705/10 406/707/10
f 406/707/10 424/708/10 422/706/10
f 424/708/10 406/707/10 407/709/10
f 407/709/10 425/710/10 424/708/10
f 425/710/10 407/709/10 408/711/10
f 408/711/10 426/712/10 425/710/10
f 426/712/10 408/711/10 409/713/10
f 409/713/10 427/714/10 426/712/10
f 427/714/10 409/713/10 410/715/10
f 410/715/10 428/716/10 427/714/10
f 428/716/10 410/715/10 411/717/10
f 411/717/10 429/718/10 428/716/10
f 429/718/10 411/717/10 412/719/10
f 412/719/10 430/720/10 429/718/10
f 430/720/10 412/719/10 413/721/10
f 413/721/10 431/722/10 430/720/10
f 431/722/10 413/721/10 414/723/10
f 414/723/10 432/724/10 431/722/10
f 432/724/10 414/723/10 415/725/10
f 415/725/10 433/726/10 432/724/10
f 433/726/10 415/725/10 416/727/10
f 416/727/10 434/728/10 433/726/10
f 434/728/10 416/727/10 417/729/10
f 417/729/10 435/730/10 434/728/10
f 435/730/10 417/729/10 418/731/10
f 418/731/10 436/732/10 435/730/10
f 436/732/10 418/731/10 419/733/10
f 419/733/10 437/734/10 436/732/10
f 437/734/10 419/733/10 420/735/10
f 420/735/10 438/736/10 437/734/10
f 438/736/10 420/735/10 421/737/10
f 421/737/10 439/738/10 438/736/10
f 439/738/10 421/737/10 405/704/10
f 405/704/10 423/703/10 439/738/10
f 441/739/23 423/740/23 422/741/24
f 422/741/24 440/742/24 441/739/23
f 440/742/24 422/741/24 424/743/262
f 424/743/262 442/744/262 440/742/24
f 442/744/262 424/743/262 425/745/26
f 425/745/26 443/746/26 442/744/262
f 443/746/26 425/745/26 426/747/27
f 426/747/27 444/748/28 443/746/26
f 444/748/28 426/747/27 427/749/30
f 427/749/30 445/750/30 444/748/28
f 445/751/30 427/752/30 428/753/31
f 428/753/31 446/754/31 445/751/30
f 446/754/31 428/753/31 429/755/263
f 429/755/263 447/756/263 446/754/31
f 447/756/263 429/755/263 430/757/33
f 430/757/33 448/758/33 447/756/263
f 448/758/33 430/757/33 431/759/34
f 431/759/34 449/760/34 448/758/33
f 449/760/34 431/759/34 432/761/35
f 432/761/35 450/762/35 449/760/34
f 450/762/35 432/761/35 433/763/264
f 433/763/264 451/764/264 450/762/35
f 451/764/264 433/763/264 434/765/37
f 434/765/37 452/766/37 451/764/264
f 452/766/37 434/765/37 435/767/38
f 435/767/38 453/768/38 452/766/37
f 453/768/38 435/767/38 436/769/40
f 436/769/40 454/770/40 453/768/38
f 454/771/40 436/772/40 437/773/42
f 437/773/42 455/774/42 454/771/40
f 455/774/42 437/773/42 438/775/43
f 438/775/43 456/776/43 455/774/42
f 456/776/43 438/775/43 439/777/44
f 439/777/44 457/778/44 456/776/43
f 457/778/44 439/777/44 423/740/23
f 423/740/23 441/739/23 457/778/44
f 459/779/10 441/780/10 440/781/10
f 440/781/10 458/782/10 459/779/10
f 458/782/10 440/781/10 442/783/10
f 442/783/10 460/784/10 458/782/10
f 460/784/10 442/783/10 443/785/10
f 443/785/10 461/786/10 460/784/10
f 461/786/10 443/785/10 444/787/10
f 444/787/10 462/788/10 461/786/10
f 462/788/10 444/787/10 445/789/10
f 445/789/10 463/790/10 462/788/10
f 463/790/10 445/789/10 446/791/10
f 446/791/10 464/792/10 463/790/10
f 464/792/10 446/791/10 447/793/10
f 447/793/10 465/794/10 464/792/10
f 465/794/10 447/793/10 448/795/10
f 448/795/10 466/796/10 465/794/10
f 466/796/10 448/795/10 449/797/10
f 449/797/10 467/798/10 466/796/10
f 467/798/10 449/797/10 450/799/10
f 450/799/10 468/800/10 467/798/10
f 468/800/10 450/799/10 451/801/10
f 451/801/10 469/802/10 468/800/10
f 469/802/10 451/801/10 452/803/10
f 452/803/10 470/804/10 469/802/10
f 470/804/10 452/803/10 453/805/10
f 453/805/10 471/806/10 470/804/10
f 471/806/10 453/805/10 454/807/10
f 454/807/10 472/808/10 471/806/10
f 472/808/10 454/807/10 455/809/10
f 455/809/10 473/810/10 472/808/10
f 473/810/10 455/809/10 456/811/10
f 456/811/10 474/812/10 473/810/10
f 474/812/10 456/811/10 457/813/10
f 457/813/10 475/814/10 474/812/10
f 475/814/10 457/813/10 441/780/10
f 441/780/10 459/779/10 475/814/10
f 477/815/34 459/816/34 458/817/35
f 458/817/35 476/818/35 477/815/34
f 476/818/35 458/817/35 460/819/36
f 460/819/36 478/820/36 476/818/35
f 478/820/36 460/819/36 461/821/37
f 461/821/37 479/822/37 478/820/36
f 479/822/37 461/821/37 462/823/38
f 462/823/38 480/824/38 479/822/37
f 480/824/38 462/823/38 463/825/40
f 463/825/40 481/826/40 480/824/38
f 481/826/40 463/825/40 464/827/42
f 464/827/42 482/828/42 481/826/40
f 482/828/42 464/827/42 465/829/43
f 465/829/43 483/830/43 482/828/42
f 483/830/43 465/829/43 466/831/44
f 466/831/44 484/832/44 483/830/43
f 484/832/44 466/831/44 467/833/23
f 467/833/23 485/834/23 484/832/44
f 485/834/23 467/833/23 468/835/24
f 468/835/24 486/836/24 485/834/23
f 486/836/24 468/835/24 469/837/25
f 469/837/25 487/838/25 486/836/24
f 487/838/25 469/837/25 470/839/26
f 470/839/26 488/840/26 487/838/25
f 488/840/26 470/839/26 471/841/28
f 471/841/28 489/842/28 488/840/26
f 489/842/28 471/841/28 472/843/29
f 472/843/29 490/844/29 489/842/28
f 490/844/29 472/843/29 473/845/31
f 473/845/31 491/846/31 490/844/29
f 491/846/31 473/845/31 474/847/32
f 474/847/32 492/848/32 491/846/31
f 492/848/32 474/847/32 475/849/33
f 475/849/33 493/850/33 492/848/32
f 493/850/33 475/849/33 459/816/34
f 459/816/34 477/815/34 493/850/33
f 495/851/265 477/852/266 476/853/267
f 476/853/267 494/854/268 495/851/265
f 494/854/268 476/853/267 478/855/269
f 478/855/269 496/856/270 494/854/268
f 496/856/270 478/855/269 479/857/271
f 479/857/271 497/858/272 496/856/270
f 497/858/272 479/857/271 480/859/273
f 480/859/273 498/860/274 497/858/272
f 498/860/274 480/859/273 481/861/275
f 481/861/275 499/862/276 498/860/274
f 499/862/276 481/861/275 482/863/277
f 482/863/277 500/864/278 499/862/276
f 500/864/278 482/863/277 483/865/279
f 483/865/279 501/866/280 500/864/278
f 501/866/280 483/865/279 484/867/281
f 484/867/281 502/868/282 501/866/280
f 502/868/282 484/867/281 485/869/283
f 485/869/283 503/870/284 502/868/282
f 503/870/284 485/869/283 486/871/285
f 486/871/285 504/872/286 503/870/284
f 504/872/286 486/871/285 487/873/287
f 487/873/287 505/874/288 504/872/286
f 505/874/288 487/873/287 488/875/289
f 488/875/289 506/876/290 505/874/288
f 506/876/290 488/875/289 489/877/291
f 489/877/291 507/878/292 506/876/290
f 507/878/292 489/877/291 490/879/293
f 490/879/293 508/880/294 507/878/292
f 508/880/294 490/879/293 491/881/295
f 491/881/295 509/882/296 508/880/294
f 509/882/296 491/881/295 492/883/297
f 492/883/297 510/884/298 509/882/296
f 510/884/298 492/883/297 493/885/299
f 493/885/299 511/886/300 510/884/298
f 511/886/300 493/885/299 477/852/266
f 477/852/266 495/851/265 511/886/300
f 513/887/301 495/851/265 494/854/268
f 494/854/268 512/888/302 513/887/301
f 512/888/302 494/854/268 496/856/270
f 496/856/270 514/889/303 512/888/302
f 514/889/303 496/856/270 497/858/272
f 497/858/272 515/890/304 514/889/303
f 515/890/304 497/858/272 498/860/274
f 498/860/274 516/891/305 515/890/304
f 516/891/305 498/860/274 499/862/276
f 499/862/276 517/892/306 516/891/305
f 517/892/306 499/862/276 500/864/278
f 500/864/278 518/893/307 517/892/306
f 518/893/307 500/864/278 501/866/280
f 501/866/280 519/894/308 518/893/307
f 519/894/308 501/866/280 502/868/282
f 502/868/282 520/895/309 519/894/308
f 520/895/309 502/868/282 503/870/284
f 503/870/284 521/896/310 520/895/309
f 521/896/310 503/870/284 504/872/286
f 504/872/286 522/897/311 521/896/310
f 522/897/311 504/872/286 505/874/288
f 505/874/288 523/898/312 522/897/311
f 523/898/312 505/874/288 506/876/290
f 506/876/290 524/899/313 523/898/312
f 524/899/313 506/876/290 507/878/292
f 507/878/292 525/900/314 524/899/313
f 525/900/314 507/878/292 508/880/294
f 508/880/294 526/901/315 525/900/314
f 526/901/315 508/880/294 509/882/296
f 509/882/296 527/902/316 526/901/315
f 527/902/316 509/882/296 510/884/298
f 510/884/298 528/903/317 527/902/316
f 528/903/317 510/884/298 511/886/300
f 511/886/300 529/904/318 528/903/317
f 529/904/318 511/886/300 495/851/265
f 495/851/265 513/887/301 529/904/318
f 531/905/34 513/906/34 512/907/35
f 512/907/35 530/908/35 531/905/34
f 530/908/35 512/907/35 514/909/264
f 514/909/264 532/910/36 530/908/35
f 532/910/36 514/909/264 515/911/37
f 515/911/37 533/912/37 532/910/36
f 533/912/37 515/911/37 516/913/38
f 516/913/38 534/914/39 533/912/37
f 534/914/39 516/913/38 517/915/40
f 517/915/40 535/916/41 534/914/39
f 535/917/41 517/918/40 518/919/42
f 518/919/42 536/920/42 535/917/41
f 536/920/42 518/919/42 519/921/43
f 519/921/43 537/922/43 536/920/42
f 537/922/43 519/921/43 520/923/44
f 520/923/44 538/924/44 537/922/43
f 538/924/44 520/923/44 521/925/23
f 521/925/23 539/926/23 538/924/44
f 539/926/23 521/925/23 522/927/319
f 522/927/319 540/928/24 539/926/23
f 540/928/24 522/927/319 523/929/25
f 523/929/25 541/930/320 540/928/24
f 541/930/320 523/929/25 524/931/26
f 524/931/26 542/932/26 541/930/320
f 542/932/26 524/931/26 525/933/27
f 525/933/27 543/934/27 542/932/26
f 543/934/27 525/933/27 526/935/30
f 526/935/30 544/936/30 543/934/27
f 544/937/30 526/938/30 527/939/31
f 527/939/31 545/940/31 544/937/30
f 545/940/31 527/939/31 528/941/321
f 528/941/321 546/942/263 545/940/31
f 546/942/263 528/941/321 529/943/33
f 529/943/33 547/944/33 546/942/263
f 547/944/33 529/943/33 513/906/34
f 513/906/34 531/905/34 547/944/33
f 531/945/10 530/946/10 548/947/10
f 530/946/10 532/948/10 548/947/10
f 532/948/10 533/949/10 548/947/10
f 533/949/10 534/950/10 548/947/10
f 534/950/10 535/951/10 548/947/10
f 535/951/10 536/952/10 548/947/10
f 536/952/10 537/953/10 548/947/10
f 537/953/10 538/954/10 548/947/10
f 538/954/10 539/955/10 548/947/10
f 539/955/10 540/956/10 548/947/10
f 540/956/10 541/957/10 548/947/10
f 541/957/10 542/958/10 548/947/10
f 542/958/10 543/959/10 548/947/10
f 543/959/10 544/960/10 548/947/10
f 544/960/10 545/961/10 548/947/10
f 545/961/10 546/962/10 548/947/10
f 546/962/10 547/963/10 548/947/10
f 547/963/10 531/945/10 548/947/10
f 552/964/34 549/965/34 550/966/34
f 550/966/34 551/967/34 552/964/34
f 556/968/23 553/969/23 554/970/23
f 554/970/23 555/971/23 556/968/23
f 552/972/22 551/973/22 553/974/22
f 553/974/22 556/975/22 552/972/22
f 560/976/23 557/977/23 558/978/23
f 558/978/23 559/979/23 560/976/23
f 564/980/34 561/981/34 562/982/34
f 562/982/34 563/983/34 564/980/34
f 560/984/21 564/985/21 563/986/21
f 563/986/21 557/987/21 560/984/21
f 558/988/21 550/989/21 549/990/21
f 549/990/21 559/991/21 558/988/21
f 557/992/10 551/993/10 550/994/10
f 550/994/10 558/995/10 557/992/10
f 559/996/1 549/997/1 552/998/1
f 552/998/1 560/999/1 559/996/1
f 562/1000/10 554/1001/10 553/1002/10
f 553/1002/10 563/1003/10 562/1000/10
f 561/1004/21 555/1005/21 554/1006/21
f 554/1006/21 562/1007/21 561/1004/21
f 564/1008/1 556/1009/1 555/1010/1
f 555/1010/1 561/1011/1 564/1008/1
f 563/1012/10 553/1013/10 551/1014/10
f 551/1014/10 557/1015/10 563/1012/10
f 560/1016/1 552/1017/1 556/1018/1
f 556/1018/1 564/1019/1 560/1016/1
f 560/1020/1 565/1021/1 566/1022/1
f 566/1022/1 559/1023/1 560/1020/1
f 559/1024/21 566/1025/21 567/1026/21
f 567/1026/21 568/1027/21 559/1024/21
f 568/1028/10 569/1029/10 570/1030/10
f 570/1030/10 571/1031/10 568/1028/10
f 571/1032/10 570/1033/10 572/1034/10
f 572/1034/10 573/1035/10 571/1032/10
f 573/1036/10 572/1037/10 574/1038/10
f 574/1038/10 575/1039/10 573/1036/10
f 575/1040/21 576/1041/21 577/1042/21
f 577/1042/21 561/1043/21 575/1040/21
f 561/1044/1 577/1045/1 578/1046/1
f 578/1046/1 564/1047/1 561/1044/1
f 564/1048/1 578/1049/1 565/1050/1
f 565/1050/1 560/1051/1 564/1048/1
f 567/1052/21 569/1053/21 568/1054/21
f 569/1055/23 567/1056/23 579/1057/23
f 579/1057/23 570/1058/23 569/1055/23
f 570/1059/21 579/1060/21 580/1061/21
f 580/1061/21 572/1062/21 570/1059/21
f 572/1063/34 580/1064/34 576/1065/34
f 576/1065/34 574/1066/34 572/1063/34
f 576/1067/21 575/1068/21 574/1069/21
f 565/1070/23 579/1071/23 567/1072/23
f 567/1072/23 566/1073/23 565/1070/23
f 565/1074/21 578/1075/21 580/1076/21
f 580/1076/21 579/1077/21 565/1074/21
f 578/1078/34 577/1079/34 576/1080/34
f 576/1080/34 580/1081/34 578/1078/34
f 584/1082/34 581/1083/34 582/1084/34
f 582/1084/34 583/1085/34 584/1082/34
f 586/1086/21 585/1087/21 582/1088/21
f 582/1088/21 581/1089/21 586/1086/21
f 586/1090/1 581/1091/1 584/1092/1
f 584/1092/1 587/1093/1 586/1090/1
f 585/1094/10 588/1095/10 589/1096/10
f 589/1096/10 590/1097/10 585/1094/10
f 582/1098/10 585/1094/10 590/1097/10
f 590/1097/10 591/1099/10 582/1098/10
f 583/1100/10 582/1098/10 591/1099/10
f 591/1099/10 592/1101/10 583/1100/10
f 588/1095/10 583/1100/10 592/1101/10
f 592/1101/10 589/1096/10 588/1095/10
f 585/1102/23 586/1103/23 587/1104/23
f 587/1104/23 588/1105/23 585/1102/23
f 588/1106/322 587/1107/322 584/1108/322
f 584/1108/322 583/1109/322 588/1106/322
f 596/1110/323 593/1111/324 594/1112/325
f 594/1112/325 595/1113/326 596/1110/323
f 600/1114/327 597/1115/328 598/1116/329
f 598/1116/329 599/1117/330 600/1114/327
f 604/1118/331 601/1119/332 602/1120/333
f 602/1120/333 603/1121/334 604/1118/331
f 608/1122/335 605/1123/336 606/1124/337
f 606/1124/337 607/1125/338 608/1122/335
f 593/1126/339 609/1127/340 610/1128/341
f 610/1128/341 594/1129/342 593/1126/339
f 597/1130/343 611/1131/344 612/1132/345
f 612/1132/345 598/1133/346 597/1130/343
f 602/1134/347 613/1135/348 614/1136/349
f 614/1136/349 603/1137/350 602/1134/347
f 605/1138/351 615/1139/352 616/1140/353
f 616/1140/353 606/1141/354 605/1138/351
f 620/1142/355 617/1143/356 618/1144/357
f 618/1144/357 619/1145/358 620/1142/355
f 624/1146/359 621/1147/360 622/1148/361
f 622/1148/361 623/1149/362 624/1146/359
f 628/1150/363 625/1151/364 626/1152/365
f 626/1152/365 627/1153/366 628/1150/363
f 632/1154/367 629/1155/368 630/1156/369
f 630/1156/369 631/1157/370 632/1154/367
f 609/1127/340 633/1158/371 634/1159/372
f 634/1159/372 610/1128/341 609/1127/340
f 611/1131/344 635/1160/373 636/1161/374
f 636/1161/374 612/1132/345 611/1131/344
f 613/1135/348 637/1162/375 638/1163/376
f 638/1163/376 614/1136/349 613/1135/348
f 615/1139/352 639/1164/377 640/1165/378
f 640/1165/378 616/1140/353 615/1139/352
f 619/1145/358 634/1159/372 633/1158/371
f 633/1158/371 620/1142/355 619/1145/358
f 623/1149/362 636/1161/374 635/1160/373
f 635/1160/373 624/1146/359 623/1149/362
f 627/1153/366 638/1163/376 637/1162/375
f 637/1162/375 628/1150/363 627/1153/366
f 631/1157/370 640/1165/378 639/1164/377
f 639/1164/377 632/1154/367 631/1157/370
f 617/1143/10 641/1166/10 642/1167/10
f 642/1167/10 618/1144/10 617/1143/10
f 621/1147/10 643/1168/10 644/1169/10
f 644/1169/10 622/1148/10 621/1147/10
f 625/1151/10 645/1170/10 646/1171/10
f 646/1171/10 626/1152/10 625/1151/10
f 629/1155/10 647/1172/10 648/1173/10
f 648/1173/10 630/1156/10 629/1155/10
f 641/1174/379 649/1175/379 650/1176/380
f 650/1176/380 642/1177/380 641/1174/379
f 643/1178/381 651/1179/381 652/1180/382
f 652/1180/382 644/1181/382 643/1178/381
f 645/1182/383 653/1183/383 654/1184/384
f 654/1184/384 646/1185/384 645/1182/383
f 647/1186/385 655/1187/385 656/1188/386
f 656/1188/386 648/1189/386 647/1186/385
f 595/1113/326 594/1112/325 657/1190/387
f 657/1190/387 658/1191/388 595/1113/326
f 593/1111/324 596/1110/323 659/1192/389
f 659/1192/389 660/1193/389 593/1111/390
f 599/1117/330 598/1116/329 661/1194/391
f 661/1194/391 662/1195/391 599/1117/330
f 597/1115/328 600/1114/327 658/1196/392
f 658/1196/392 657/1197/392 597/1115/328
f 604/1118/331 603/1121/334 663/1198/393
f 663/1198/393 664/1199/394 604/1118/331
f 602/1120/333 601/1119/332 662/1200/395
f 662/1200/396 661/1201/396 602/1120/397
f 607/1125/338 606/1124/337 660/1202/398
f 660/1202/398 659/1203/399 607/1125/338
f 605/1123/336 608/1122/335 664/1204/400
f 664/1204/401 663/1205/401 605/1123/402
f 594/1129/342 610/1128/341 665/1206/403
f 665/1206/403 657/1207/404 594/1129/342
f 609/1127/340 593/1126/339 660/1208/405
f 660/1208/405 666/1209/406 609/1127/340
f 598/1133/346 612/1132/345 667/1210/407
f 667/1210/407 661/1211/408 598/1133/346
f 611/1131/344 597/1130/343 657/1212/404
f 657/1212/404 665/1213/403 611/1131/344
f 603/1137/350 614/1136/349 668/1214/409
f 668/1214/409 663/1215/410 603/1137/350
f 613/1135/348 602/1134/347 661/1216/408
f 661/1216/408 667/1217/407 613/1135/348
f 606/1141/354 616/1140/353 666/1218/406
f 666/1218/406 660/1219/405 606/1141/354
f 615/1139/352 605/1138/351 663/1220/410
f 663/1220/410 668/1221/409 615/1139/352
f 619/1145/358 618/1144/357 669/1222/411
f 669/1222/411 670/1223/412 619/1145/358
f 617/1143/356 620/1142/355 671/1224/413
f 671/1224/413 672/1225/414 617/1143/356
f 623/1149/362 622/1148/361 673/1226/415
f 673/1226/415 674/1227/416 623/1149/362
f 621/1147/360 624/1146/359 670/1228/412
f 670/1228/412 669/1229/411 621/1147/360
f 627/1153/366 626/1152/365 675/1230/417
f 675/1230/417 676/1231/418 627/1153/366
f 625/1151/364 628/1150/363 674/1232/416
f 674/1232/416 673/1233/415 625/1151/364
f 631/1157/370 630/1156/369 672/1234/414
f 672/1234/414 671/1235/413 631/1157/370
f 629/1155/368 632/1154/367 676/1236/418
f 676/1236/418 675/1237/417 629/1155/368
f 610/1128/341 634/1159/372 677/1238/419
f 677/1238/419 665/1206/403 610/1128/341
f 633/1158/371 609/1127/340 666/1209/406
f 666/1209/406 678/1239/420 633/1158/371
f 612/1132/345 636/1161/374 679/1240/421
f 679/1240/421 667/1210/407 612/1132/345
f 635/1160/373 611/1131/344 665/1213/403
f 665/1213/403 677/1241/419 635/1160/373
f 614/1136/349 638/1163/376 680/1242/422
f 680/1242/422 668/1214/409 614/1136/349
f 637/1162/375 613/1135/348 667/1217/407
f 667/1217/407 679/1243/421 637/1162/375
f 616/1140/353 640/1165/378 678/1244/420
f 678/1244/420 666/1218/406 616/1140/353
f 639/1164/377 615/1139/352 668/1221/409
f 668/1221/409 680/1245/422 639/1164/377
f 620/1142/355 633/1158/371 678/1239/420
f 678/1239/420 671/1224/413 620/1142/355
f 634/1159/372 619/1145/358 670/1223/412
f 670/1223/412 677/1238/419 634/1159/372
f 624/1146/359 635/1160/373 677/1241/419
f 677/1241/419 670/1228/412 624/1146/359
f 636/1161/374 623/1149/362 674/1227/416
f 674/1227/416 679/1240/421 636/1161/374
f 628/1150/363 637/1162/375 679/1243/421
f 679/1243/421 674/1232/416 628/1150/363
f 638/1163/376 627/1153/366 676/1231/418
f 676/1231/418 680/1242/422 638/1163/376
f 632/1154/367 639/1164/377 680/1245/422
f 680/1245/422 676/1236/418 632/1154/367
f 640/1165/378 631/1157/370 671/1235/413
f 671/1235/413 678/1244/420 640/1165/378
f 618/1144/10 642/1167/10 681/1246/10
f 681/1246/10 669/1222/10 618/1144/10
f 641/1166/10 617/1143/10 672/1225/10
f 672/1225/10 682/1247/10 641/1166/10
f 622/1148/10 644/1169/10 683/1248/10
f 683/1248/10 673/1226/10 622/1148/10
f 643/1168/10 621/1147/10 669/1229/10
f 669/1229/10 681/1249/10 643/1168/10
f 626/1152/10 646/1171/10 684/1250/10
f 684/1250/10 675/1230/10 626/1152/10
f 645/1170/10 625/1151/10 673/1233/10
f 673/1233/10 683/1251/10 645/1170/10
f 630/1156/10 648/1173/10 682/1252/10
f 682/1252/10 672/1234/10 630/1156/10
f 647/1172/10 629/1155/10 675/1237/10
f 675/1237/10 684/1253/10 647/1172/10
f 642/1177/380 650/1176/380 685/1254/423
f 685/1254/423 681/1255/423 642/1177/380
f 649/1175/379 641/1174/379 682/1256/424
f 682/1256/424 686/1257/424 649/1175/379
f 644/1181/382 652/1180/382 687/1258/425
f 687/1258/425 683/1259/426 644/1181/382
f 651/1179/381 643/1178/381 681/1260/427
f 681/1260/427 685/1254/428 651/1179/381
f 646/1185/384 654/1184/384 688/1261/429
f 688/1261/429 684/1262/430 646/1185/384
f 653/1183/383 645/1182/383 683/1263/431
f 683/1263/431 687/1258/432 653/1183/383
f 648/1189/386 656/1188/386 686/1257/433
f 686/1257/433 682/1264/433 648/1189/386
f 655/1187/385 647/1186/385 684/1265/434
f 684/1265/434 688/1261/434 655/1187/385
f 688/1261/10 686/1257/10 656/1188/10
f 656/1188/10 655/1187/10 688/1261/10
f 654/1184/10 649/1175/10 686/1257/10
f 686/1257/10 688/1261/10 654/1184/10
f 653/1183/10 650/1176/10 649/1175/10
f 649/1175/10 654/1184/10 653/1183/10
f 687/1258/10 685/1254/10 650/1176/10
f 650/1176/10 653/1183/10 687/1258/10
f 652/1180/10 651/1179/10 685/1254/10
f 685/1254/10 687/1258/10 652/1180/10
